screening_id,study_id,site_id,investigator_id,country_id,screening_date,subject_initials,age,gender,eligibility_status,screen_failure_reason,informed_consent,created_at
SCR-000001,CRC-GLB-301,SITE-0015,INV-0029,SGP,2025-05-21,GD,31,Male,Eligible,,Yes,2026-07-30T20:12:28.577992
SCR-000002,CRC-GLB-301,SITE-0055,INV-0109,ZAF,2025-02-17,FN,21,Male,Screen Failure,Inclusion Criteria Not Met,Yes,2026-07-30T20:12:28.577992
SCR-000003,CRC-GLB-301,SITE-0054,INV-0107,ZAF,2025-08-18,PV,18,Male,Eligible,,Yes,2026-07-30T20:12:28.577992
SCR-000004,CRC-GLB-301,SITE-0055,INV-0110,ZAF,2025-05-23,EY,61,Male,Eligible,,Yes,2026-07-30T20:12:28.577992
SCR-000005,CRC-GLB-301,SITE-0012,INV-0024,SGP,2025-02-19,JI,51,Male,Eligible,,Yes,2026-07-30T20:12:28.577992
SCR-000006,CRC-GLB-301,SITE-0059,INV-0117,KEN,2025-07-13,CH,64,Male,Eligible,,Yes,2026-07-30T20:12:28.577992
SCR-000007,CRC-GLB-301,SITE-0009,INV-0017,SGP,2025-12-05,FH,28,Male,Eligible,,Yes,2026-07-30T20:12:28.577992
SCR-000008,CRC-GLB-301,SITE-0013,INV-0026,SGP,2025-08-21,QJ,65,Female,Screen Failure,Abnormal Laboratory Values,Yes,2026-07-30T20:12:28.577992
SCR-000009,CRC-GLB-301,SITE-0027,INV-0054,CAN,2025-12-26,YQ,39,Male,Eligible,,Yes,2026-07-30T20:12:28.577992
SCR-000010,CRC-GLB-301,SITE-0021,INV-0042,USA,2025-07-14,HY,46,Female,Eligible,,Yes,2026-07-30T20:12:28.577992
SCR-000011,CRC-GLB-301,SITE-0008,INV-0015,IND,2025-01-17,UK,26,Male,Eligible,,Yes,2026-07-30T20:12:28.577992
SCR-000012,CRC-GLB-301,SITE-0041,INV-0081,DEU,2025-07-22,XQ,36,Female,Screen Failure,Withdrew Consent,Yes,2026-07-30T20:12:28.577992
SCR-000013,CRC-GLB-301,SITE-0018,INV-0035,USA,2025-10-27,LP,64,Male,Screen Failure,Abnormal Laboratory Values,Yes,2026-07-30T20:12:28.577992
SCR-000014,CRC-GLB-301,SITE-0018,INV-0036,USA,2025-02-16,TW,37,Male,Eligible,,Yes,2026-07-30T20:12:28.577992
SCR-000015,CRC-GLB-301,SITE-0055,INV-0109,ZAF,2025-07-17,JZ,85,Female,Eligible,,Yes,2026-07-30T20:12:28.577992
SCR-000016,CRC-GLB-301,SITE-0002,INV-0003,IND,2025-12-16,XT,61,Male,Eligible,,Yes,2026-07-30T20:12:28.577992
SCR-000017,CRC-GLB-301,SITE-0038,INV-0076,GBR,2025-03-22,LY,51,Male,Eligible,,Yes,2026-07-30T20:12:28.577992
SCR-000018,CRC-GLB-301,SITE-0014,INV-0028,SGP,2025-11-24,NF,65,Male,Eligible,,Yes,2026-07-30T20:12:28.577992
SCR-000019,CRC-GLB-301,SITE-0001,INV-0002,IND,2025-09-08,AY,57,Male,Eligible,,Yes,2026-07-30T20:12:28.577992
SCR-000020,CRC-GLB-301,SITE-0008,INV-0015,IND,2025-10-18,YC,80,Male,Eligible,,Yes,2026-07-30T20:12:28.577992
SCR-000021,CRC-GLB-301,SITE-0017,INV-0033,USA,2025-12-04,MO,51,Female,Eligible,,Yes,2026-07-30T20:12:28.577992
SCR-000022,CRC-GLB-301,SITE-0028,INV-0055,CAN,2025-06-09,KR,65,Female,Eligible,,Yes,2026-07-30T20:12:28.577992
SCR-000023,CRC-GLB-301,SITE-0058,INV-0115,KEN,2025-05-07,FI,47,Male,Eligible,,Yes,2026-07-30T20:12:28.577992
SCR-000024,CRC-GLB-301,SITE-0001,INV-0001,IND,2025-12-29,QF,22,Female,Eligible,,Yes,2026-07-30T20:12:28.577992
SCR-000025,CRC-GLB-301,SITE-0010,INV-0019,SGP,2025-05-23,RF,34,Female,Eligible,,Yes,2026-07-30T20:12:28.577992
SCR-000026,CRC-GLB-301,SITE-0032,INV-0064,CAN,2025-04-08,CR,63,Female,Screen Failure,Withdrew Consent,Yes,2026-07-30T20:12:28.577992
SCR-000027,CRC-GLB-301,SITE-0053,INV-0106,ZAF,2025-01-28,RZ,30,Male,Eligible,,Yes,2026-07-30T20:12:28.577992
SCR-000028,CRC-GLB-301,SITE-0052,INV-0104,ZAF,2025-02-25,GE,75,Male,Eligible,,Yes,2026-07-30T20:12:28.577992
SCR-000029,CRC-GLB-301,SITE-0055,INV-0109,ZAF,2025-05-23,MW,27,Female,Eligible,,Yes,2026-07-30T20:12:28.577992
SCR-000030,CRC-GLB-301,SITE-0013,INV-0025,SGP,2025-11-30,ZV,29,Male,Eligible,,Yes,2026-07-30T20:12:28.577992
SCR-000031,CRC-GLB-301,SITE-0022,INV-0044,USA,2025-09-06,MW,25,Male,Eligible,,Yes,2026-07-30T20:12:28.577992
SCR-000032,CRC-GLB-301,SITE-0049,INV-0097,ZAF,2025-07-19,GU,76,Female,Eligible,,Yes,2026-07-30T20:12:28.577992
SCR-000033,CRC-GLB-301,SITE-0055,INV-0110,ZAF,2025-03-21,EF,25,Male,Eligible,,Yes,2026-07-30T20:12:28.577992
SCR-000034,CRC-GLB-301,SITE-0041,INV-0081,DEU,2025-10-27,MX,85,Male,Screen Failure,Inclusion Criteria Not Met,Yes,2026-07-30T20:12:28.577992
SCR-000035,CRC-GLB-301,SITE-0008,INV-0015,IND,2025-02-05,PR,48,Female,Screen Failure,Exclusion Criteria Met,Yes,2026-07-30T20:12:28.577992
SCR-000036,CRC-GLB-301,SITE-0016,INV-0031,SGP,2025-11-14,CR,84,Female,Screen Failure,Inclusion Criteria Not Met,Yes,2026-07-30T20:12:28.577992
SCR-000037,CRC-GLB-301,SITE-0034,INV-0067,GBR,2025-12-09,SG,68,Male,Eligible,,Yes,2026-07-30T20:12:28.577992
SCR-000038,CRC-GLB-301,SITE-0039,INV-0078,GBR,2025-06-11,YY,19,Female,Eligible,,Yes,2026-07-30T20:12:28.577992
SCR-000039,CRC-GLB-301,SITE-0013,INV-0025,SGP,2025-10-03,FG,62,Male,Eligible,,Yes,2026-07-30T20:12:28.577992
SCR-000040,CRC-GLB-301,SITE-0032,INV-0064,CAN,2025-05-26,EV,56,Male,Eligible,,Yes,2026-07-30T20:12:28.577992
SCR-000041,CRC-GLB-301,SITE-0039,INV-0077,GBR,2025-03-10,GX,37,Female,Eligible,,Yes,2026-07-30T20:12:28.577992
SCR-000042,CRC-GLB-301,SITE-0037,INV-0073,GBR,2025-06-25,FQ,51,Female,Eligible,,Yes,2026-07-30T20:12:28.577992
SCR-000043,CRC-GLB-301,SITE-0033,INV-0065,GBR,2025-02-17,QV,23,Male,Eligible,,Yes,2026-07-30T20:12:28.577992
SCR-000044,CRC-GLB-301,SITE-0043,INV-0085,DEU,2025-03-24,TO,72,Male,Screen Failure,Abnormal Laboratory Values,Yes,2026-07-30T20:12:28.577992
SCR-000045,CRC-GLB-301,SITE-0015,INV-0029,SGP,2025-12-20,XO,65,Male,Eligible,,Yes,2026-07-30T20:12:28.577992
SCR-000046,CRC-GLB-301,SITE-0056,INV-0111,ZAF,2025-01-22,IX,23,Female,Eligible,,Yes,2026-07-30T20:12:28.577992
SCR-000047,CRC-GLB-301,SITE-0027,INV-0053,CAN,2025-12-08,CU,70,Male,Eligible,,Yes,2026-07-30T20:12:28.577992
SCR-000048,CRC-GLB-301,SITE-0031,INV-0061,CAN,2025-04-01,WA,60,Female,Eligible,,Yes,2026-07-30T20:12:28.577992
SCR-000049,CRC-GLB-301,SITE-0032,INV-0064,CAN,2025-03-23,UC,22,Female,Eligible,,Yes,2026-07-30T20:12:28.577992
SCR-000050,CRC-GLB-301,SITE-0029,INV-0057,CAN,2025-08-24,JV,47,Male,Eligible,,Yes,2026-07-30T20:12:28.577992
SCR-000051,CRC-GLB-301,SITE-0004,INV-0007,IND,2025-06-18,HB,53,Female,Screen Failure,Withdrew Consent,Yes,2026-07-30T20:12:28.577992
SCR-000052,CRC-GLB-301,SITE-0052,INV-0104,ZAF,2025-01-15,CZ,40,Female,Eligible,,Yes,2026-07-30T20:12:28.577992
SCR-000053,CRC-GLB-301,SITE-0005,INV-0009,IND,2025-06-26,SI,83,Male,Screen Failure,Withdrew Consent,Yes,2026-07-30T20:12:28.577992
SCR-000054,CRC-GLB-301,SITE-0050,INV-0099,ZAF,2025-01-23,SA,43,Female,Screen Failure,Abnormal Laboratory Values,Yes,2026-07-30T20:12:28.577992
SCR-000055,CRC-GLB-301,SITE-0056,INV-0111,ZAF,2025-12-07,XQ,33,Female,Eligible,,Yes,2026-07-30T20:12:28.577992
SCR-000056,CRC-GLB-301,SITE-0040,INV-0080,GBR,2025-07-26,SO,42,Female,Screen Failure,Abnormal Laboratory Values,Yes,2026-07-30T20:12:28.577992
SCR-000057,CRC-GLB-301,SITE-0049,INV-0097,ZAF,2025-11-12,OK,18,Female,Eligible,,Yes,2026-07-30T20:12:28.577992
SCR-000058,CRC-GLB-301,SITE-0037,INV-0073,GBR,2025-08-09,UP,59,Female,Eligible,,Yes,2026-07-30T20:12:28.577992
SCR-000059,CRC-GLB-301,SITE-0057,INV-0114,KEN,2025-12-12,FM,39,Male,Eligible,,Yes,2026-07-30T20:12:28.577992
SCR-000060,CRC-GLB-301,SITE-0037,INV-0074,GBR,2025-02-17,VT,57,Male,Eligible,,Yes,2026-07-30T20:12:28.577992
SCR-000061,CRC-GLB-301,SITE-0026,INV-0051,CAN,2025-01-13,BZ,27,Female,Eligible,,Yes,2026-07-30T20:12:28.577992
SCR-000062,CRC-GLB-301,SITE-0054,INV-0107,ZAF,2025-12-23,JK,36,Male,Eligible,,Yes,2026-07-30T20:12:28.577992
SCR-000063,CRC-GLB-301,SITE-0014,INV-0028,SGP,2025-04-01,US,77,Male,Screen Failure,Exclusion Criteria Met,Yes,2026-07-30T20:12:28.577992
SCR-000064,CRC-GLB-301,SITE-0032,INV-0063,CAN,2025-08-22,DM,85,Female,Eligible,,Yes,2026-07-30T20:12:28.577992
SCR-000065,CRC-GLB-301,SITE-0057,INV-0114,KEN,2025-10-08,LE,78,Female,Eligible,,Yes,2026-07-30T20:12:28.577992
SCR-000066,CRC-GLB-301,SITE-0034,INV-0067,GBR,2025-11-23,HU,80,Male,Eligible,,Yes,2026-07-30T20:12:28.577992
SCR-000067,CRC-GLB-301,SITE-0036,INV-0072,GBR,2025-02-09,SG,60,Female,Eligible,,Yes,2026-07-30T20:12:28.577992
SCR-000068,CRC-GLB-301,SITE-0011,INV-0021,SGP,2025-04-29,JD,45,Male,Screen Failure,Exclusion Criteria Met,Yes,2026-07-30T20:12:28.577992
SCR-000069,CRC-GLB-301,SITE-0054,INV-0108,ZAF,2025-06-19,OK,44,Female,Eligible,,Yes,2026-07-30T20:12:28.577992
SCR-000070,CRC-GLB-301,SITE-0050,INV-0099,ZAF,2025-09-02,AJ,67,Female,Screen Failure,Withdrew Consent,Yes,2026-07-30T20:12:28.577992
SCR-000071,CRC-GLB-301,SITE-0029,INV-0058,CAN,2025-04-23,HM,67,Female,Eligible,,Yes,2026-07-30T20:12:28.577992
SCR-000072,CRC-GLB-301,SITE-0052,INV-0103,ZAF,2025-08-28,XZ,21,Female,Eligible,,Yes,2026-07-30T20:12:28.577992
SCR-000073,CRC-GLB-301,SITE-0004,INV-0007,IND,2025-11-26,LW,41,Male,Eligible,,Yes,2026-07-30T20:12:28.577992
SCR-000074,CRC-GLB-301,SITE-0034,INV-0068,GBR,2025-04-19,LI,66,Female,Screen Failure,Abnormal Laboratory Values,Yes,2026-07-30T20:12:28.577992
SCR-000075,CRC-GLB-301,SITE-0054,INV-0108,ZAF,2025-02-11,MT,24,Female,Eligible,,Yes,2026-07-30T20:12:28.577992
SCR-000076,CRC-GLB-301,SITE-0029,INV-0057,CAN,2025-11-30,BA,49,Male,Eligible,,Yes,2026-07-30T20:12:28.577992
SCR-000077,CRC-GLB-301,SITE-0003,INV-0005,IND,2025-05-03,DR,45,Female,Eligible,,Yes,2026-07-30T20:12:28.577992
SCR-000078,CRC-GLB-301,SITE-0033,INV-0066,GBR,2025-03-27,PZ,32,Male,Eligible,,Yes,2026-07-30T20:12:28.577992
SCR-000079,CRC-GLB-301,SITE-0040,INV-0079,GBR,2025-10-24,AI,66,Female,Eligible,,Yes,2026-07-30T20:12:28.577992
SCR-000080,CRC-GLB-301,SITE-0026,INV-0051,CAN,2025-10-31,RQ,31,Female,Eligible,,Yes,2026-07-30T20:12:28.577992
SCR-000081,CRC-GLB-301,SITE-0016,INV-0031,SGP,2025-09-30,LJ,82,Female,Screen Failure,Abnormal Laboratory Values,Yes,2026-07-30T20:12:28.577992
SCR-000082,CRC-GLB-301,SITE-0002,INV-0004,IND,2025-09-08,CY,76,Male,Eligible,,Yes,2026-07-30T20:12:28.577992
SCR-000083,CRC-GLB-301,SITE-0056,INV-0111,ZAF,2025-09-25,ZH,79,Female,Eligible,,Yes,2026-07-30T20:12:28.577992
SCR-000084,CRC-GLB-301,SITE-0056,INV-0112,ZAF,2025-06-15,WV,29,Female,Eligible,,Yes,2026-07-30T20:12:28.577992
SCR-000085,CRC-GLB-301,SITE-0058,INV-0115,KEN,2025-08-26,OR,61,Male,Eligible,,Yes,2026-07-30T20:12:28.577992
SCR-000086,CRC-GLB-301,SITE-0064,INV-0128,KEN,2025-04-04,MJ,51,Female,Eligible,,Yes,2026-07-30T20:12:28.577992
SCR-000087,CRC-GLB-301,SITE-0036,INV-0072,GBR,2025-10-12,AY,28,Male,Eligible,,Yes,2026-07-30T20:12:28.577992
SCR-000088,CRC-GLB-301,SITE-0053,INV-0106,ZAF,2025-10-12,TR,80,Female,Eligible,,Yes,2026-07-30T20:12:28.577992
SCR-000089,CRC-GLB-301,SITE-0003,INV-0005,IND,2025-04-24,KG,65,Female,Screen Failure,Abnormal Laboratory Values,Yes,2026-07-30T20:12:28.577992
SCR-000090,CRC-GLB-301,SITE-0045,INV-0090,DEU,2025-10-09,IS,52,Female,Eligible,,Yes,2026-07-30T20:12:28.577992
SCR-000091,CRC-GLB-301,SITE-0033,INV-0065,GBR,2025-03-03,SI,41,Male,Eligible,,Yes,2026-07-30T20:12:28.577992
SCR-000092,CRC-GLB-301,SITE-0028,INV-0056,CAN,2025-05-22,SZ,85,Female,Eligible,,Yes,2026-07-30T20:12:28.577992
SCR-000093,CRC-GLB-301,SITE-0013,INV-0025,SGP,2025-06-01,FE,19,Male,Eligible,,Yes,2026-07-30T20:12:28.577992
SCR-000094,CRC-GLB-301,SITE-0036,INV-0071,GBR,2025-01-28,OS,34,Female,Eligible,,Yes,2026-07-30T20:12:28.577992
SCR-000095,CRC-GLB-301,SITE-0014,INV-0027,SGP,2025-10-21,HM,61,Male,Eligible,,Yes,2026-07-30T20:12:28.577992
SCR-000096,CRC-GLB-301,SITE-0007,INV-0014,IND,2025-09-02,CB,80,Male,Eligible,,Yes,2026-07-30T20:12:28.577992
SCR-000097,CRC-GLB-301,SITE-0007,INV-0013,IND,2025-03-18,VY,28,Male,Eligible,,Yes,2026-07-30T20:12:28.577992
SCR-000098,CRC-GLB-301,SITE-0016,INV-0032,SGP,2025-11-07,PQ,84,Female,Eligible,,Yes,2026-07-30T20:12:28.577992
SCR-000099,CRC-GLB-301,SITE-0058,INV-0116,KEN,2025-06-02,WZ,57,Male,Eligible,,Yes,2026-07-30T20:12:28.577992
SCR-000100,CRC-GLB-301,SITE-0013,INV-0025,SGP,2025-11-17,FR,38,Male,Eligible,,Yes,2026-07-30T20:12:28.577992
SCR-000101,CRC-GLB-301,SITE-0023,INV-0045,USA,2025-03-22,AL,78,Female,Eligible,,Yes,2026-07-30T20:12:28.577992
SCR-000102,CRC-GLB-301,SITE-0005,INV-0009,IND,2025-05-28,SS,76,Male,Eligible,,Yes,2026-07-30T20:12:28.577992
SCR-000103,CRC-GLB-301,SITE-0030,INV-0060,CAN,2025-11-17,PU,43,Female,Eligible,,Yes,2026-07-30T20:12:28.577992
SCR-000104,CRC-GLB-301,SITE-0015,INV-0029,SGP,2025-11-28,DG,36,Male,Eligible,,Yes,2026-07-30T20:12:28.577992
SCR-000105,CRC-GLB-301,SITE-0008,INV-0015,IND,2025-11-01,TO,54,Female,Screen Failure,Abnormal Laboratory Values,Yes,2026-07-30T20:12:28.577992
SCR-000106,CRC-GLB-301,SITE-0016,INV-0032,SGP,2025-12-19,HK,52,Female,Eligible,,Yes,2026-07-30T20:12:28.577992
SCR-000107,CRC-GLB-301,SITE-0057,INV-0113,KEN,2025-11-03,BL,59,Female,Eligible,,Yes,2026-07-30T20:12:28.577992
SCR-000108,CRC-GLB-301,SITE-0004,INV-0007,IND,2025-04-28,ZV,20,Female,Eligible,,Yes,2026-07-30T20:12:28.577992
SCR-000109,CRC-GLB-301,SITE-0006,INV-0011,IND,2025-08-29,NL,53,Male,Eligible,,Yes,2026-07-30T20:12:28.577992
SCR-000110,CRC-GLB-301,SITE-0056,INV-0112,ZAF,2025-02-16,MK,59,Male,Eligible,,Yes,2026-07-30T20:12:28.577992
SCR-000111,CRC-GLB-301,SITE-0021,INV-0042,USA,2025-07-30,SH,69,Male,Eligible,,Yes,2026-07-30T20:12:28.577992
SCR-000112,CRC-GLB-301,SITE-0059,INV-0117,KEN,2025-06-11,GD,69,Male,Eligible,,Yes,2026-07-30T20:12:28.577992
SCR-000113,CRC-GLB-301,SITE-0060,INV-0120,KEN,2025-04-07,NQ,81,Female,Screen Failure,Inclusion Criteria Not Met,Yes,2026-07-30T20:12:28.577992
SCR-000114,CRC-GLB-301,SITE-0007,INV-0013,IND,2025-10-09,DH,80,Male,Screen Failure,Abnormal Laboratory Values,Yes,2026-07-30T20:12:28.577992
SCR-000115,CRC-GLB-301,SITE-0004,INV-0007,IND,2025-12-30,EO,70,Male,Eligible,,Yes,2026-07-30T20:12:28.577992
SCR-000116,CRC-GLB-301,SITE-0029,INV-0057,CAN,2025-03-02,QE,55,Female,Screen Failure,Withdrew Consent,Yes,2026-07-30T20:12:28.577992
SCR-000117,CRC-GLB-301,SITE-0054,INV-0108,ZAF,2025-05-05,LD,42,Male,Screen Failure,Withdrew Consent,Yes,2026-07-30T20:12:28.577992
SCR-000118,CRC-GLB-301,SITE-0009,INV-0018,SGP,2025-08-01,IU,52,Male,Eligible,,Yes,2026-07-30T20:12:28.577992
SCR-000119,CRC-GLB-301,SITE-0037,INV-0074,GBR,2025-03-18,LM,60,Female,Screen Failure,Withdrew Consent,Yes,2026-07-30T20:12:28.577992
SCR-000120,CRC-GLB-301,SITE-0059,INV-0118,KEN,2025-04-07,ZG,67,Male,Eligible,,Yes,2026-07-30T20:12:28.577992
SCR-000121,CRC-GLB-301,SITE-0053,INV-0105,ZAF,2025-08-31,SV,67,Male,Screen Failure,Abnormal Laboratory Values,Yes,2026-07-30T20:12:28.577992
SCR-000122,CRC-GLB-301,SITE-0064,INV-0127,KEN,2025-09-15,ZI,30,Female,Screen Failure,Exclusion Criteria Met,Yes,2026-07-30T20:12:28.577992
SCR-000123,CRC-GLB-301,SITE-0013,INV-0026,SGP,2025-01-08,SK,37,Male,Eligible,,Yes,2026-07-30T20:12:28.577992
SCR-000124,CRC-GLB-301,SITE-0061,INV-0122,KEN,2025-06-23,QK,28,Female,Eligible,,Yes,2026-07-30T20:12:28.577992
SCR-000125,CRC-GLB-301,SITE-0049,INV-0098,ZAF,2025-11-17,ST,22,Male,Eligible,,Yes,2026-07-30T20:12:28.577992
SCR-000126,CRC-GLB-301,SITE-0031,INV-0062,CAN,2025-04-27,TL,30,Male,Eligible,,Yes,2026-07-30T20:12:28.577992
SCR-000127,CRC-GLB-301,SITE-0057,INV-0113,KEN,2025-01-15,BU,55,Female,Screen Failure,Abnormal Laboratory Values,Yes,2026-07-30T20:12:28.577992
SCR-000128,CRC-GLB-301,SITE-0048,INV-0096,DEU,2025-05-06,NO,41,Male,Screen Failure,Exclusion Criteria Met,Yes,2026-07-30T20:12:28.577992
SCR-000129,CRC-GLB-301,SITE-0023,INV-0045,USA,2025-11-09,WQ,48,Female,Eligible,,Yes,2026-07-30T20:12:28.577992
SCR-000130,CRC-GLB-301,SITE-0019,INV-0037,USA,2025-08-25,QL,19,Female,Eligible,,Yes,2026-07-30T20:12:28.577992
SCR-000131,CRC-GLB-301,SITE-0037,INV-0073,GBR,2025-02-07,LI,56,Female,Eligible,,Yes,2026-07-30T20:12:28.577992
SCR-000132,CRC-GLB-301,SITE-0033,INV-0066,GBR,2025-06-04,FK,79,Male,Eligible,,Yes,2026-07-30T20:12:28.577992
SCR-000133,CRC-GLB-301,SITE-0031,INV-0062,CAN,2025-10-20,JH,55,Male,Eligible,,Yes,2026-07-30T20:12:28.577992
SCR-000134,CRC-GLB-301,SITE-0051,INV-0102,ZAF,2025-01-05,OR,24,Female,Eligible,,Yes,2026-07-30T20:12:28.577992
SCR-000135,CRC-GLB-301,SITE-0037,INV-0073,GBR,2025-04-23,QQ,35,Male,Screen Failure,Abnormal Laboratory Values,Yes,2026-07-30T20:12:28.577992
SCR-000136,CRC-GLB-301,SITE-0006,INV-0012,IND,2025-08-14,AJ,34,Male,Eligible,,Yes,2026-07-30T20:12:28.577992
SCR-000137,CRC-GLB-301,SITE-0038,INV-0076,GBR,2025-08-01,ED,64,Female,Eligible,,Yes,2026-07-30T20:12:28.577992
SCR-000138,CRC-GLB-301,SITE-0022,INV-0044,USA,2025-09-04,ZH,61,Male,Eligible,,Yes,2026-07-30T20:12:28.577992
SCR-000139,CRC-GLB-301,SITE-0060,INV-0119,KEN,2025-03-14,TF,68,Female,Eligible,,Yes,2026-07-30T20:12:28.577992
SCR-000140,CRC-GLB-301,SITE-0012,INV-0024,SGP,2025-05-16,NL,51,Female,Screen Failure,Inclusion Criteria Not Met,Yes,2026-07-30T20:12:28.577992
SCR-000141,CRC-GLB-301,SITE-0048,INV-0095,DEU,2025-08-30,AW,59,Male,Screen Failure,Exclusion Criteria Met,Yes,2026-07-30T20:12:28.577992
SCR-000142,CRC-GLB-301,SITE-0009,INV-0018,SGP,2025-12-25,HK,35,Male,Eligible,,Yes,2026-07-30T20:12:28.577992
SCR-000143,CRC-GLB-301,SITE-0005,INV-0010,IND,2025-09-10,DG,35,Female,Eligible,,Yes,2026-07-30T20:12:28.577992
SCR-000144,CRC-GLB-301,SITE-0059,INV-0118,KEN,2025-12-10,YS,71,Male,Eligible,,Yes,2026-07-30T20:12:28.577992
SCR-000145,CRC-GLB-301,SITE-0054,INV-0107,ZAF,2025-09-08,QY,53,Male,Eligible,,Yes,2026-07-30T20:12:28.577992
SCR-000146,CRC-GLB-301,SITE-0048,INV-0095,DEU,2025-08-16,LG,64,Male,Eligible,,Yes,2026-07-30T20:12:28.577992
SCR-000147,CRC-GLB-301,SITE-0048,INV-0096,DEU,2025-02-01,KE,33,Female,Eligible,,Yes,2026-07-30T20:12:28.577992
SCR-000148,CRC-GLB-301,SITE-0012,INV-0023,SGP,2025-11-25,QZ,24,Female,Eligible,,Yes,2026-07-30T20:12:28.577992
SCR-000149,CRC-GLB-301,SITE-0032,INV-0063,CAN,2025-10-17,FV,44,Male,Eligible,,Yes,2026-07-30T20:12:28.577992
SCR-000150,CRC-GLB-301,SITE-0030,INV-0060,CAN,2025-03-17,UP,53,Male,Eligible,,Yes,2026-07-30T20:12:28.577992
SCR-000151,CRC-GLB-301,SITE-0017,INV-0034,USA,2025-02-26,RA,19,Female,Screen Failure,Exclusion Criteria Met,Yes,2026-07-30T20:12:28.577992
SCR-000152,CRC-GLB-301,SITE-0031,INV-0062,CAN,2025-01-09,EB,71,Male,Eligible,,Yes,2026-07-30T20:12:28.577992
SCR-000153,CRC-GLB-301,SITE-0009,INV-0018,SGP,2025-08-18,UN,31,Female,Eligible,,Yes,2026-07-30T20:12:28.577992
SCR-000154,CRC-GLB-301,SITE-0029,INV-0057,CAN,2025-12-04,NL,21,Male,Eligible,,Yes,2026-07-30T20:12:28.577992
SCR-000155,CRC-GLB-301,SITE-0062,INV-0124,KEN,2025-12-18,CS,74,Male,Screen Failure,Withdrew Consent,Yes,2026-07-30T20:12:28.577992
SCR-000156,CRC-GLB-301,SITE-0011,INV-0022,SGP,2025-11-08,DD,59,Female,Eligible,,Yes,2026-07-30T20:12:28.577992
SCR-000157,CRC-GLB-301,SITE-0038,INV-0076,GBR,2025-09-16,PC,32,Male,Eligible,,Yes,2026-07-30T20:12:28.577992
SCR-000158,CRC-GLB-301,SITE-0056,INV-0112,ZAF,2025-04-27,KV,69,Female,Eligible,,Yes,2026-07-30T20:12:28.577992
SCR-000159,CRC-GLB-301,SITE-0013,INV-0026,SGP,2025-08-07,IG,37,Female,Eligible,,Yes,2026-07-30T20:12:28.577992
SCR-000160,CRC-GLB-301,SITE-0009,INV-0017,SGP,2025-02-13,CC,65,Male,Eligible,,Yes,2026-07-30T20:12:28.577992
SCR-000161,CRC-GLB-301,SITE-0008,INV-0016,IND,2025-12-10,DJ,72,Male,Eligible,,Yes,2026-07-30T20:12:28.577992
SCR-000162,CRC-GLB-301,SITE-0037,INV-0074,GBR,2025-06-30,CN,37,Female,Eligible,,Yes,2026-07-30T20:12:28.577992
SCR-000163,CRC-GLB-301,SITE-0029,INV-0057,CAN,2025-06-29,VJ,53,Male,Eligible,,Yes,2026-07-30T20:12:28.577992
SCR-000164,CRC-GLB-301,SITE-0055,INV-0109,ZAF,2025-11-08,YV,52,Male,Eligible,,Yes,2026-07-30T20:12:28.577992
SCR-000165,CRC-GLB-301,SITE-0024,INV-0048,USA,2025-12-26,TX,62,Male,Eligible,,Yes,2026-07-30T20:12:28.577992
SCR-000166,CRC-GLB-301,SITE-0024,INV-0047,USA,2025-02-05,DQ,21,Male,Screen Failure,Withdrew Consent,Yes,2026-07-30T20:12:28.577992
SCR-000167,CRC-GLB-301,SITE-0028,INV-0056,CAN,2025-08-03,LE,57,Female,Eligible,,Yes,2026-07-30T20:12:28.577992
SCR-000168,CRC-GLB-301,SITE-0011,INV-0021,SGP,2025-03-21,EQ,28,Female,Eligible,,Yes,2026-07-30T20:12:28.577992
SCR-000169,CRC-GLB-301,SITE-0057,INV-0114,KEN,2025-09-06,PK,45,Male,Eligible,,Yes,2026-07-30T20:12:28.577992
SCR-000170,CRC-GLB-301,SITE-0045,INV-0090,DEU,2025-02-26,HR,80,Female,Eligible,,Yes,2026-07-30T20:12:28.577992
SCR-000171,CRC-GLB-301,SITE-0006,INV-0011,IND,2025-07-22,ZB,44,Female,Eligible,,Yes,2026-07-30T20:12:28.577992
SCR-000172,CRC-GLB-301,SITE-0028,INV-0055,CAN,2025-05-11,HD,81,Female,Eligible,,Yes,2026-07-30T20:12:28.577992
SCR-000173,CRC-GLB-301,SITE-0023,INV-0045,USA,2025-07-14,NF,63,Male,Eligible,,Yes,2026-07-30T20:12:28.577992
SCR-000174,CRC-GLB-301,SITE-0051,INV-0101,ZAF,2025-08-12,AX,58,Female,Eligible,,Yes,2026-07-30T20:12:28.577992
SCR-000175,CRC-GLB-301,SITE-0052,INV-0104,ZAF,2025-05-29,CA,59,Male,Eligible,,Yes,2026-07-30T20:12:28.577992
SCR-000176,CRC-GLB-301,SITE-0059,INV-0118,KEN,2025-02-15,LC,73,Female,Eligible,,Yes,2026-07-30T20:12:28.577992
SCR-000177,CRC-GLB-301,SITE-0011,INV-0022,SGP,2025-06-08,TF,39,Male,Eligible,,Yes,2026-07-30T20:12:28.577992
SCR-000178,CRC-GLB-301,SITE-0015,INV-0029,SGP,2025-06-28,JY,36,Male,Eligible,,Yes,2026-07-30T20:12:28.577992
SCR-000179,CRC-GLB-301,SITE-0014,INV-0027,SGP,2025-04-12,ED,27,Male,Screen Failure,Abnormal Laboratory Values,Yes,2026-07-30T20:12:28.577992
SCR-000180,CRC-GLB-301,SITE-0064,INV-0128,KEN,2025-10-16,TL,59,Female,Eligible,,Yes,2026-07-30T20:12:28.577992
SCR-000181,CRC-GLB-301,SITE-0020,INV-0040,USA,2025-02-04,MQ,53,Male,Eligible,,Yes,2026-07-30T20:12:28.577992
SCR-000182,CRC-GLB-301,SITE-0046,INV-0091,DEU,2025-06-08,MA,65,Female,Eligible,,Yes,2026-07-30T20:12:28.577992
SCR-000183,CRC-GLB-301,SITE-0010,INV-0019,SGP,2025-08-25,PY,23,Female,Screen Failure,Withdrew Consent,Yes,2026-07-30T20:12:28.577992
SCR-000184,CRC-GLB-301,SITE-0025,INV-0050,CAN,2025-09-14,DB,31,Female,Screen Failure,Withdrew Consent,Yes,2026-07-30T20:12:28.577992
SCR-000185,CRC-GLB-301,SITE-0011,INV-0021,SGP,2025-01-21,GL,74,Male,Eligible,,Yes,2026-07-30T20:12:28.577992
SCR-000186,CRC-GLB-301,SITE-0047,INV-0094,DEU,2025-05-25,KU,24,Female,Eligible,,Yes,2026-07-30T20:12:28.577992
SCR-000187,CRC-GLB-301,SITE-0009,INV-0018,SGP,2025-10-13,RH,37,Female,Screen Failure,Inclusion Criteria Not Met,Yes,2026-07-30T20:12:28.577992
SCR-000188,CRC-GLB-301,SITE-0011,INV-0021,SGP,2025-06-29,IR,68,Male,Eligible,,Yes,2026-07-30T20:12:28.577992
SCR-000189,CRC-GLB-301,SITE-0011,INV-0022,SGP,2025-10-14,JU,34,Male,Eligible,,Yes,2026-07-30T20:12:28.577992
SCR-000190,CRC-GLB-301,SITE-0055,INV-0110,ZAF,2025-01-10,JE,45,Female,Eligible,,Yes,2026-07-30T20:12:28.577992
SCR-000191,CRC-GLB-301,SITE-0063,INV-0125,KEN,2025-04-26,ZE,55,Male,Eligible,,Yes,2026-07-30T20:12:28.577992
SCR-000192,CRC-GLB-301,SITE-0005,INV-0010,IND,2025-11-02,JE,39,Female,Screen Failure,Exclusion Criteria Met,Yes,2026-07-30T20:12:28.577992
SCR-000193,CRC-GLB-301,SITE-0006,INV-0012,IND,2025-12-13,SZ,54,Female,Screen Failure,Abnormal Laboratory Values,Yes,2026-07-30T20:12:28.577992
SCR-000194,CRC-GLB-301,SITE-0030,INV-0059,CAN,2025-06-08,ZU,42,Female,Eligible,,Yes,2026-07-30T20:12:28.577992
SCR-000195,CRC-GLB-301,SITE-0057,INV-0114,KEN,2025-05-25,UN,71,Male,Eligible,,Yes,2026-07-30T20:12:28.577992
SCR-000196,CRC-GLB-301,SITE-0026,INV-0051,CAN,2025-05-09,BM,65,Male,Eligible,,Yes,2026-07-30T20:12:28.577992
SCR-000197,CRC-GLB-301,SITE-0016,INV-0032,SGP,2025-02-12,TH,83,Male,Eligible,,Yes,2026-07-30T20:12:28.577992
SCR-000198,CRC-GLB-301,SITE-0056,INV-0111,ZAF,2025-08-19,XY,71,Male,Screen Failure,Exclusion Criteria Met,Yes,2026-07-30T20:12:28.577992
SCR-000199,CRC-GLB-301,SITE-0051,INV-0102,ZAF,2025-07-17,ZJ,21,Female,Screen Failure,Exclusion Criteria Met,Yes,2026-07-30T20:12:28.577992
SCR-000200,CRC-GLB-301,SITE-0013,INV-0026,SGP,2025-03-16,DH,78,Male,Eligible,,Yes,2026-07-30T20:12:28.577992
SCR-000201,CRC-GLB-301,SITE-0061,INV-0122,KEN,2025-11-12,AC,50,Male,Eligible,,Yes,2026-07-30T20:12:28.577992
SCR-000202,CRC-GLB-301,SITE-0020,INV-0040,USA,2025-02-26,UG,33,Male,Eligible,,Yes,2026-07-30T20:12:28.577992
SCR-000203,CRC-GLB-301,SITE-0031,INV-0062,CAN,2025-11-24,UL,32,Female,Eligible,,Yes,2026-07-30T20:12:28.577992
SCR-000204,CRC-GLB-301,SITE-0003,INV-0005,IND,2025-05-30,LP,48,Female,Screen Failure,Exclusion Criteria Met,Yes,2026-07-30T20:12:28.577992
SCR-000205,CRC-GLB-301,SITE-0024,INV-0047,USA,2025-09-26,ZB,85,Male,Eligible,,Yes,2026-07-30T20:12:28.577992
SCR-000206,CRC-GLB-301,SITE-0050,INV-0100,ZAF,2025-01-23,QZ,50,Male,Eligible,,Yes,2026-07-30T20:12:28.577992
SCR-000207,CRC-GLB-301,SITE-0046,INV-0091,DEU,2025-06-26,GR,31,Female,Eligible,,Yes,2026-07-30T20:12:28.577992
SCR-000208,CRC-GLB-301,SITE-0018,INV-0035,USA,2025-06-30,OV,40,Female,Eligible,,Yes,2026-07-30T20:12:28.577992
SCR-000209,CRC-GLB-301,SITE-0062,INV-0123,KEN,2025-03-11,BU,76,Male,Eligible,,Yes,2026-07-30T20:12:28.577992
SCR-000210,CRC-GLB-301,SITE-0038,INV-0075,GBR,2025-01-23,UX,58,Female,Eligible,,Yes,2026-07-30T20:12:28.577992
SCR-000211,CRC-GLB-301,SITE-0051,INV-0102,ZAF,2025-05-10,AQ,54,Female,Eligible,,Yes,2026-07-30T20:12:28.577992
SCR-000212,CRC-GLB-301,SITE-0007,INV-0014,IND,2025-05-20,DJ,69,Female,Eligible,,Yes,2026-07-30T20:12:28.577992
SCR-000213,CRC-GLB-301,SITE-0050,INV-0100,ZAF,2025-04-06,MM,84,Female,Eligible,,Yes,2026-07-30T20:12:28.577992
SCR-000214,CRC-GLB-301,SITE-0011,INV-0022,SGP,2025-02-10,LZ,41,Female,Eligible,,Yes,2026-07-30T20:12:28.577992
SCR-000215,CRC-GLB-301,SITE-0042,INV-0083,DEU,2025-02-10,IH,75,Female,Eligible,,Yes,2026-07-30T20:12:28.577992
SCR-000216,CRC-GLB-301,SITE-0022,INV-0044,USA,2025-06-29,LS,63,Female,Eligible,,Yes,2026-07-30T20:12:28.577992
SCR-000217,CRC-GLB-301,SITE-0036,INV-0071,GBR,2025-02-08,RK,83,Male,Eligible,,Yes,2026-07-30T20:12:28.577992
SCR-000218,CRC-GLB-301,SITE-0004,INV-0007,IND,2025-11-08,RL,34,Male,Eligible,,Yes,2026-07-30T20:12:28.577992
SCR-000219,CRC-GLB-301,SITE-0031,INV-0062,CAN,2025-07-05,JO,37,Female,Eligible,,Yes,2026-07-30T20:12:28.577992
SCR-000220,CRC-GLB-301,SITE-0048,INV-0096,DEU,2025-02-09,ON,68,Female,Screen Failure,Withdrew Consent,Yes,2026-07-30T20:12:28.577992
SCR-000221,CRC-GLB-301,SITE-0036,INV-0071,GBR,2025-02-28,AE,84,Female,Eligible,,Yes,2026-07-30T20:12:28.577992
SCR-000222,CRC-GLB-301,SITE-0016,INV-0032,SGP,2025-05-14,SF,54,Female,Eligible,,Yes,2026-07-30T20:12:28.577992
SCR-000223,CRC-GLB-301,SITE-0026,INV-0051,CAN,2025-03-11,WL,74,Male,Eligible,,Yes,2026-07-30T20:12:28.577992
SCR-000224,CRC-GLB-301,SITE-0041,INV-0082,DEU,2025-12-30,BO,56,Male,Eligible,,Yes,2026-07-30T20:12:28.577992
SCR-000225,CRC-GLB-301,SITE-0023,INV-0046,USA,2025-09-18,FZ,35,Male,Eligible,,Yes,2026-07-30T20:12:28.577992
SCR-000226,CRC-GLB-301,SITE-0064,INV-0127,KEN,2025-07-04,OJ,34,Male,Eligible,,Yes,2026-07-30T20:12:28.577992
SCR-000227,CRC-GLB-301,SITE-0009,INV-0018,SGP,2025-09-03,NT,27,Male,Screen Failure,Withdrew Consent,Yes,2026-07-30T20:12:28.577992
SCR-000228,CRC-GLB-301,SITE-0041,INV-0081,DEU,2025-08-19,MN,34,Male,Eligible,,Yes,2026-07-30T20:12:28.577992
SCR-000229,CRC-GLB-301,SITE-0017,INV-0034,USA,2025-03-05,NH,38,Female,Screen Failure,Inclusion Criteria Not Met,Yes,2026-07-30T20:12:28.577992
SCR-000230,CRC-GLB-301,SITE-0029,INV-0058,CAN,2025-09-23,XV,50,Male,Eligible,,Yes,2026-07-30T20:12:28.577992
SCR-000231,CRC-GLB-301,SITE-0036,INV-0071,GBR,2025-11-11,NN,39,Male,Screen Failure,Abnormal Laboratory Values,Yes,2026-07-30T20:12:28.577992
SCR-000232,CRC-GLB-301,SITE-0022,INV-0044,USA,2025-10-16,BW,28,Male,Eligible,,Yes,2026-07-30T20:12:28.577992
SCR-000233,CRC-GLB-301,SITE-0034,INV-0067,GBR,2025-10-20,KQ,81,Female,Eligible,,Yes,2026-07-30T20:12:28.577992
SCR-000234,CRC-GLB-301,SITE-0039,INV-0078,GBR,2025-05-06,UR,56,Female,Eligible,,Yes,2026-07-30T20:12:28.577992
SCR-000235,CRC-GLB-301,SITE-0010,INV-0019,SGP,2025-03-22,LM,44,Female,Eligible,,Yes,2026-07-30T20:12:28.577992
SCR-000236,CRC-GLB-301,SITE-0019,INV-0038,USA,2025-06-13,TW,69,Male,Eligible,,Yes,2026-07-30T20:12:28.577992
SCR-000237,CRC-GLB-301,SITE-0048,INV-0095,DEU,2025-06-13,GD,75,Male,Eligible,,Yes,2026-07-30T20:12:28.577992
SCR-000238,CRC-GLB-301,SITE-0019,INV-0037,USA,2025-01-26,HJ,71,Male,Eligible,,Yes,2026-07-30T20:12:28.577992
SCR-000239,CRC-GLB-301,SITE-0021,INV-0042,USA,2025-10-23,SE,38,Female,Eligible,,Yes,2026-07-30T20:12:28.577992
SCR-000240,CRC-GLB-301,SITE-0060,INV-0120,KEN,2025-06-07,MC,68,Female,Eligible,,Yes,2026-07-30T20:12:28.577992
SCR-000241,CRC-GLB-301,SITE-0031,INV-0061,CAN,2025-01-25,BM,78,Female,Screen Failure,Abnormal Laboratory Values,Yes,2026-07-30T20:12:28.577992
SCR-000242,CRC-GLB-301,SITE-0002,INV-0003,IND,2025-03-10,WS,69,Female,Screen Failure,Withdrew Consent,Yes,2026-07-30T20:12:28.577992
SCR-000243,CRC-GLB-301,SITE-0006,INV-0012,IND,2025-10-19,OJ,54,Male,Screen Failure,Inclusion Criteria Not Met,Yes,2026-07-30T20:12:28.577992
SCR-000244,CRC-GLB-301,SITE-0050,INV-0100,ZAF,2025-10-09,HZ,33,Male,Eligible,,Yes,2026-07-30T20:12:28.577992
SCR-000245,CRC-GLB-301,SITE-0013,INV-0026,SGP,2025-07-11,UI,64,Male,Eligible,,Yes,2026-07-30T20:12:28.577992
SCR-000246,CRC-GLB-301,SITE-0026,INV-0052,CAN,2025-01-24,BS,78,Female,Screen Failure,Inclusion Criteria Not Met,Yes,2026-07-30T20:12:28.577992
SCR-000247,CRC-GLB-301,SITE-0020,INV-0039,USA,2025-06-17,YI,68,Female,Eligible,,Yes,2026-07-30T20:12:28.577992
SCR-000248,CRC-GLB-301,SITE-0044,INV-0088,DEU,2025-09-01,VJ,32,Female,Screen Failure,Abnormal Laboratory Values,Yes,2026-07-30T20:12:28.577992
SCR-000249,CRC-GLB-301,SITE-0040,INV-0079,GBR,2025-05-16,ZU,47,Male,Screen Failure,Withdrew Consent,Yes,2026-07-30T20:12:28.577992
SCR-000250,CRC-GLB-301,SITE-0062,INV-0123,KEN,2025-03-17,VG,32,Male,Screen Failure,Withdrew Consent,Yes,2026-07-30T20:12:28.577992
SCR-000251,CRC-GLB-301,SITE-0003,INV-0006,IND,2025-06-10,KK,44,Female,Eligible,,Yes,2026-07-30T20:12:28.577992
SCR-000252,CRC-GLB-301,SITE-0061,INV-0121,KEN,2025-12-28,DF,59,Female,Eligible,,Yes,2026-07-30T20:12:28.577992
SCR-000253,CRC-GLB-301,SITE-0049,INV-0098,ZAF,2025-08-24,XI,63,Female,Screen Failure,Exclusion Criteria Met,Yes,2026-07-30T20:12:28.577992
SCR-000254,CRC-GLB-301,SITE-0062,INV-0123,KEN,2025-05-07,HH,56,Female,Eligible,,Yes,2026-07-30T20:12:28.577992
SCR-000255,CRC-GLB-301,SITE-0027,INV-0054,CAN,2025-06-12,MO,53,Female,Eligible,,Yes,2026-07-30T20:12:28.577992
SCR-000256,CRC-GLB-301,SITE-0016,INV-0032,SGP,2025-07-22,VY,36,Female,Eligible,,Yes,2026-07-30T20:12:28.577992
SCR-000257,CRC-GLB-301,SITE-0006,INV-0012,IND,2025-06-27,YR,79,Male,Screen Failure,Inclusion Criteria Not Met,Yes,2026-07-30T20:12:28.577992
SCR-000258,CRC-GLB-301,SITE-0026,INV-0052,CAN,2025-10-15,SD,48,Male,Eligible,,Yes,2026-07-30T20:12:28.577992
SCR-000259,CRC-GLB-301,SITE-0007,INV-0013,IND,2025-11-23,GC,60,Female,Eligible,,Yes,2026-07-30T20:12:28.577992
SCR-000260,CRC-GLB-301,SITE-0013,INV-0025,SGP,2025-01-03,ZZ,38,Female,Eligible,,Yes,2026-07-30T20:12:28.577992
SCR-000261,CRC-GLB-301,SITE-0061,INV-0122,KEN,2025-11-30,FZ,59,Female,Eligible,,Yes,2026-07-30T20:12:28.577992
SCR-000262,CRC-GLB-301,SITE-0008,INV-0015,IND,2025-10-01,TW,22,Male,Screen Failure,Exclusion Criteria Met,Yes,2026-07-30T20:12:28.577992
SCR-000263,CRC-GLB-301,SITE-0054,INV-0107,ZAF,2025-01-19,ZK,81,Male,Eligible,,Yes,2026-07-30T20:12:28.577992
SCR-000264,CRC-GLB-301,SITE-0038,INV-0075,GBR,2025-01-05,HP,60,Female,Eligible,,Yes,2026-07-30T20:12:28.577992
SCR-000265,CRC-GLB-301,SITE-0059,INV-0118,KEN,2025-09-16,MF,32,Female,Screen Failure,Exclusion Criteria Met,Yes,2026-07-30T20:12:28.577992
SCR-000266,CRC-GLB-301,SITE-0021,INV-0042,USA,2025-11-28,GE,61,Female,Eligible,,Yes,2026-07-30T20:12:28.577992
SCR-000267,CRC-GLB-301,SITE-0025,INV-0049,CAN,2025-11-09,WX,72,Female,Eligible,,Yes,2026-07-30T20:12:28.577992
SCR-000268,CRC-GLB-301,SITE-0012,INV-0024,SGP,2025-12-09,CZ,79,Female,Eligible,,Yes,2026-07-30T20:12:28.577992
SCR-000269,CRC-GLB-301,SITE-0032,INV-0063,CAN,2025-05-14,JL,52,Female,Eligible,,Yes,2026-07-30T20:12:28.577992
SCR-000270,CRC-GLB-301,SITE-0039,INV-0077,GBR,2025-05-14,QS,25,Male,Eligible,,Yes,2026-07-30T20:12:28.577992
SCR-000271,CRC-GLB-301,SITE-0060,INV-0120,KEN,2025-07-27,RY,57,Male,Screen Failure,Exclusion Criteria Met,Yes,2026-07-30T20:12:28.577992
SCR-000272,CRC-GLB-301,SITE-0038,INV-0076,GBR,2025-04-23,YM,76,Female,Screen Failure,Exclusion Criteria Met,Yes,2026-07-30T20:12:28.577992
SCR-000273,CRC-GLB-301,SITE-0054,INV-0108,ZAF,2025-05-07,RP,28,Female,Screen Failure,Exclusion Criteria Met,Yes,2026-07-30T20:12:28.577992
SCR-000274,CRC-GLB-301,SITE-0047,INV-0093,DEU,2025-02-01,VX,43,Male,Screen Failure,Inclusion Criteria Not Met,Yes,2026-07-30T20:12:28.577992
SCR-000275,CRC-GLB-301,SITE-0022,INV-0044,USA,2025-09-24,LR,80,Male,Eligible,,Yes,2026-07-30T20:12:28.577992
SCR-000276,CRC-GLB-301,SITE-0058,INV-0115,KEN,2025-08-21,DK,25,Female,Eligible,,Yes,2026-07-30T20:12:28.577992
SCR-000277,CRC-GLB-301,SITE-0040,INV-0079,GBR,2025-05-11,VT,27,Male,Screen Failure,Withdrew Consent,Yes,2026-07-30T20:12:28.577992
SCR-000278,CRC-GLB-301,SITE-0055,INV-0110,ZAF,2025-12-25,BZ,26,Female,Eligible,,Yes,2026-07-30T20:12:28.577992
SCR-000279,CRC-GLB-301,SITE-0005,INV-0010,IND,2025-07-29,ED,71,Female,Eligible,,Yes,2026-07-30T20:12:28.577992
SCR-000280,CRC-GLB-301,SITE-0049,INV-0098,ZAF,2025-07-12,CZ,35,Female,Screen Failure,Withdrew Consent,Yes,2026-07-30T20:12:28.577992
SCR-000281,CRC-GLB-301,SITE-0016,INV-0031,SGP,2025-09-28,DZ,18,Male,Screen Failure,Withdrew Consent,Yes,2026-07-30T20:12:28.577992
SCR-000282,CRC-GLB-301,SITE-0039,INV-0078,GBR,2025-12-11,SL,66,Male,Eligible,,Yes,2026-07-30T20:12:28.577992
SCR-000283,CRC-GLB-301,SITE-0032,INV-0064,CAN,2025-06-27,EE,32,Male,Eligible,,Yes,2026-07-30T20:12:28.577992
SCR-000284,CRC-GLB-301,SITE-0054,INV-0107,ZAF,2025-05-04,FC,22,Female,Eligible,,Yes,2026-07-30T20:12:28.577992
SCR-000285,CRC-GLB-301,SITE-0007,INV-0013,IND,2025-01-23,KG,45,Male,Eligible,,Yes,2026-07-30T20:12:28.577992
SCR-000286,CRC-GLB-301,SITE-0018,INV-0036,USA,2025-04-30,VT,58,Female,Eligible,,Yes,2026-07-30T20:12:28.577992
SCR-000287,CRC-GLB-301,SITE-0031,INV-0062,CAN,2025-03-15,ZN,70,Female,Eligible,,Yes,2026-07-30T20:12:28.577992
SCR-000288,CRC-GLB-301,SITE-0036,INV-0071,GBR,2025-10-13,YW,40,Female,Eligible,,Yes,2026-07-30T20:12:28.577992
SCR-000289,CRC-GLB-301,SITE-0064,INV-0127,KEN,2025-06-26,YR,85,Female,Eligible,,Yes,2026-07-30T20:12:28.577992
SCR-000290,CRC-GLB-301,SITE-0054,INV-0108,ZAF,2025-03-18,HE,78,Male,Eligible,,Yes,2026-07-30T20:12:28.577992
SCR-000291,CRC-GLB-301,SITE-0029,INV-0058,CAN,2025-12-29,DM,25,Female,Eligible,,Yes,2026-07-30T20:12:28.577992
SCR-000292,CRC-GLB-301,SITE-0054,INV-0107,ZAF,2025-07-18,GF,28,Female,Eligible,,Yes,2026-07-30T20:12:28.577992
SCR-000293,CRC-GLB-301,SITE-0048,INV-0095,DEU,2025-01-27,GR,23,Male,Screen Failure,Exclusion Criteria Met,Yes,2026-07-30T20:12:28.577992
SCR-000294,CRC-GLB-301,SITE-0025,INV-0049,CAN,2025-09-03,FX,56,Male,Eligible,,Yes,2026-07-30T20:12:28.577992
SCR-000295,CRC-GLB-301,SITE-0028,INV-0055,CAN,2025-03-02,TT,49,Male,Eligible,,Yes,2026-07-30T20:12:28.577992
SCR-000296,CRC-GLB-301,SITE-0051,INV-0101,ZAF,2025-10-10,IH,77,Female,Eligible,,Yes,2026-07-30T20:12:28.577992
SCR-000297,CRC-GLB-301,SITE-0040,INV-0080,GBR,2025-07-04,NM,30,Female,Eligible,,Yes,2026-07-30T20:12:28.577992
SCR-000298,CRC-GLB-301,SITE-0041,INV-0081,DEU,2025-07-09,IB,46,Male,Eligible,,Yes,2026-07-30T20:12:28.577992
SCR-000299,CRC-GLB-301,SITE-0003,INV-0006,IND,2025-10-11,YP,71,Female,Eligible,,Yes,2026-07-30T20:12:28.577992
SCR-000300,CRC-GLB-301,SITE-0020,INV-0039,USA,2025-06-18,FO,49,Female,Eligible,,Yes,2026-07-30T20:12:28.577992
SCR-000301,CRC-GLB-301,SITE-0044,INV-0088,DEU,2025-09-08,ZQ,80,Female,Eligible,,Yes,2026-07-30T20:12:28.577992
SCR-000302,CRC-GLB-301,SITE-0022,INV-0044,USA,2025-03-28,DO,41,Male,Eligible,,Yes,2026-07-30T20:12:28.577992
SCR-000303,CRC-GLB-301,SITE-0005,INV-0009,IND,2025-12-09,BA,35,Male,Eligible,,Yes,2026-07-30T20:12:28.577992
SCR-000304,CRC-GLB-301,SITE-0009,INV-0017,SGP,2025-01-05,FL,25,Female,Eligible,,Yes,2026-07-30T20:12:28.577992
SCR-000305,CRC-GLB-301,SITE-0063,INV-0125,KEN,2025-01-04,NK,20,Female,Eligible,,Yes,2026-07-30T20:12:28.577992
SCR-000306,CRC-GLB-301,SITE-0037,INV-0073,GBR,2025-04-02,CC,37,Male,Screen Failure,Withdrew Consent,Yes,2026-07-30T20:12:28.577992
SCR-000307,CRC-GLB-301,SITE-0025,INV-0050,CAN,2025-07-01,GK,65,Female,Eligible,,Yes,2026-07-30T20:12:28.577992
SCR-000308,CRC-GLB-301,SITE-0059,INV-0117,KEN,2025-12-23,FR,28,Male,Eligible,,Yes,2026-07-30T20:12:28.577992
SCR-000309,CRC-GLB-301,SITE-0012,INV-0024,SGP,2025-07-13,OB,19,Male,Screen Failure,Withdrew Consent,Yes,2026-07-30T20:12:28.577992
SCR-000310,CRC-GLB-301,SITE-0011,INV-0022,SGP,2025-08-11,QI,30,Male,Eligible,,Yes,2026-07-30T20:12:28.577992
SCR-000311,CRC-GLB-301,SITE-0030,INV-0059,CAN,2025-12-21,XM,23,Male,Eligible,,Yes,2026-07-30T20:12:28.577992
SCR-000312,CRC-GLB-301,SITE-0036,INV-0071,GBR,2025-04-02,YI,44,Male,Eligible,,Yes,2026-07-30T20:12:28.577992
SCR-000313,CRC-GLB-301,SITE-0051,INV-0101,ZAF,2025-06-03,EG,67,Female,Eligible,,Yes,2026-07-30T20:12:28.577992
SCR-000314,CRC-GLB-301,SITE-0050,INV-0099,ZAF,2025-09-14,TI,30,Female,Screen Failure,Inclusion Criteria Not Met,Yes,2026-07-30T20:12:28.577992
SCR-000315,CRC-GLB-301,SITE-0030,INV-0059,CAN,2025-11-06,TY,68,Female,Screen Failure,Abnormal Laboratory Values,Yes,2026-07-30T20:12:28.577992
SCR-000316,CRC-GLB-301,SITE-0004,INV-0008,IND,2025-08-19,MJ,66,Female,Eligible,,Yes,2026-07-30T20:12:28.577992
SCR-000317,CRC-GLB-301,SITE-0024,INV-0048,USA,2025-02-13,UH,49,Male,Eligible,,Yes,2026-07-30T20:12:28.577992
SCR-000318,CRC-GLB-301,SITE-0011,INV-0022,SGP,2025-03-20,JU,37,Female,Eligible,,Yes,2026-07-30T20:12:28.577992
SCR-000319,CRC-GLB-301,SITE-0041,INV-0082,DEU,2025-02-24,CY,74,Female,Eligible,,Yes,2026-07-30T20:12:28.577992
SCR-000320,CRC-GLB-301,SITE-0035,INV-0069,GBR,2025-03-09,CL,83,Female,Eligible,,Yes,2026-07-30T20:12:28.577992
SCR-000321,CRC-GLB-301,SITE-0014,INV-0027,SGP,2025-02-15,JC,59,Female,Eligible,,Yes,2026-07-30T20:12:28.577992
SCR-000322,CRC-GLB-301,SITE-0002,INV-0004,IND,2025-07-31,KC,49,Male,Eligible,,Yes,2026-07-30T20:12:28.577992
SCR-000323,CRC-GLB-301,SITE-0049,INV-0097,ZAF,2025-03-13,GG,36,Male,Eligible,,Yes,2026-07-30T20:12:28.577992
SCR-000324,CRC-GLB-301,SITE-0022,INV-0044,USA,2025-05-22,KM,27,Female,Eligible,,Yes,2026-07-30T20:12:28.577992
SCR-000325,CRC-GLB-301,SITE-0033,INV-0065,GBR,2025-11-01,QL,35,Female,Screen Failure,Withdrew Consent,Yes,2026-07-30T20:12:28.577992
SCR-000326,CRC-GLB-301,SITE-0001,INV-0002,IND,2025-06-20,VJ,60,Female,Eligible,,Yes,2026-07-30T20:12:28.577992
SCR-000327,CRC-GLB-301,SITE-0043,INV-0086,DEU,2025-11-30,ZD,59,Male,Eligible,,Yes,2026-07-30T20:12:28.577992
SCR-000328,CRC-GLB-301,SITE-0062,INV-0124,KEN,2025-04-01,ZZ,55,Female,Eligible,,Yes,2026-07-30T20:12:28.577992
SCR-000329,CRC-GLB-301,SITE-0032,INV-0064,CAN,2025-07-12,HU,64,Male,Eligible,,Yes,2026-07-30T20:12:28.577992
SCR-000330,CRC-GLB-301,SITE-0026,INV-0051,CAN,2025-12-16,TA,77,Male,Eligible,,Yes,2026-07-30T20:12:28.577992
SCR-000331,CRC-GLB-301,SITE-0057,INV-0114,KEN,2025-12-21,BW,70,Female,Eligible,,Yes,2026-07-30T20:12:28.577992
SCR-000332,CRC-GLB-301,SITE-0018,INV-0036,USA,2025-05-04,GE,72,Female,Eligible,,Yes,2026-07-30T20:12:28.577992
SCR-000333,CRC-GLB-301,SITE-0010,INV-0020,SGP,2025-11-03,MK,82,Female,Eligible,,Yes,2026-07-30T20:12:28.577992
SCR-000334,CRC-GLB-301,SITE-0005,INV-0010,IND,2025-12-26,XN,28,Male,Eligible,,Yes,2026-07-30T20:12:28.577992
SCR-000335,CRC-GLB-301,SITE-0032,INV-0064,CAN,2025-03-27,QB,69,Female,Eligible,,Yes,2026-07-30T20:12:28.577992
SCR-000336,CRC-GLB-301,SITE-0056,INV-0111,ZAF,2025-01-06,CF,84,Male,Eligible,,Yes,2026-07-30T20:12:28.577992
SCR-000337,CRC-GLB-301,SITE-0058,INV-0116,KEN,2025-08-26,UP,82,Male,Screen Failure,Withdrew Consent,Yes,2026-07-30T20:12:28.577992
SCR-000338,CRC-GLB-301,SITE-0045,INV-0089,DEU,2025-09-05,CK,28,Male,Eligible,,Yes,2026-07-30T20:12:28.577992
SCR-000339,CRC-GLB-301,SITE-0019,INV-0038,USA,2025-06-09,IU,84,Female,Eligible,,Yes,2026-07-30T20:12:28.577992
SCR-000340,CRC-GLB-301,SITE-0045,INV-0090,DEU,2025-02-19,LS,58,Male,Eligible,,Yes,2026-07-30T20:12:28.577992
SCR-000341,CRC-GLB-301,SITE-0039,INV-0077,GBR,2025-12-30,CW,31,Male,Eligible,,Yes,2026-07-30T20:12:28.577992
SCR-000342,CRC-GLB-301,SITE-0032,INV-0063,CAN,2025-10-10,EO,77,Male,Eligible,,Yes,2026-07-30T20:12:28.577992
SCR-000343,CRC-GLB-301,SITE-0052,INV-0103,ZAF,2025-04-06,QL,21,Male,Eligible,,Yes,2026-07-30T20:12:28.577992
SCR-000344,CRC-GLB-301,SITE-0058,INV-0116,KEN,2025-07-19,AF,53,Male,Eligible,,Yes,2026-07-30T20:12:28.577992
SCR-000345,CRC-GLB-301,SITE-0014,INV-0027,SGP,2025-07-07,IL,51,Female,Eligible,,Yes,2026-07-30T20:12:28.577992
SCR-000346,CRC-GLB-301,SITE-0041,INV-0082,DEU,2025-11-09,KC,63,Female,Eligible,,Yes,2026-07-30T20:12:28.577992
SCR-000347,CRC-GLB-301,SITE-0023,INV-0046,USA,2025-11-11,PR,58,Male,Eligible,,Yes,2026-07-30T20:12:28.577992
SCR-000348,CRC-GLB-301,SITE-0031,INV-0062,CAN,2025-03-01,ES,83,Female,Eligible,,Yes,2026-07-30T20:12:28.577992
SCR-000349,CRC-GLB-301,SITE-0054,INV-0107,ZAF,2025-10-22,JE,40,Male,Eligible,,Yes,2026-07-30T20:12:28.577992
SCR-000350,CRC-GLB-301,SITE-0063,INV-0126,KEN,2025-03-13,EV,24,Female,Eligible,,Yes,2026-07-30T20:12:28.577992
SCR-000351,CRC-GLB-301,SITE-0002,INV-0004,IND,2025-03-11,FJ,82,Female,Eligible,,Yes,2026-07-30T20:12:28.577992
SCR-000352,CRC-GLB-301,SITE-0053,INV-0106,ZAF,2025-12-30,VM,28,Male,Screen Failure,Withdrew Consent,Yes,2026-07-30T20:12:28.577992
SCR-000353,CRC-GLB-301,SITE-0029,INV-0058,CAN,2025-01-17,HN,39,Female,Eligible,,Yes,2026-07-30T20:12:28.577992
SCR-000354,CRC-GLB-301,SITE-0064,INV-0127,KEN,2025-10-21,CU,64,Male,Eligible,,Yes,2026-07-30T20:12:28.577992
SCR-000355,CRC-GLB-301,SITE-0057,INV-0113,KEN,2025-08-06,CV,49,Female,Eligible,,Yes,2026-07-30T20:12:28.577992
SCR-000356,CRC-GLB-301,SITE-0005,INV-0010,IND,2025-05-15,JV,74,Male,Eligible,,Yes,2026-07-30T20:12:28.577992
SCR-000357,CRC-GLB-301,SITE-0031,INV-0061,CAN,2025-10-29,RW,72,Male,Eligible,,Yes,2026-07-30T20:12:28.577992
SCR-000358,CRC-GLB-301,SITE-0018,INV-0035,USA,2025-04-16,UO,53,Male,Eligible,,Yes,2026-07-30T20:12:28.577992
SCR-000359,CRC-GLB-301,SITE-0042,INV-0084,DEU,2025-10-21,GW,30,Male,Screen Failure,Abnormal Laboratory Values,Yes,2026-07-30T20:12:28.577992
SCR-000360,CRC-GLB-301,SITE-0053,INV-0105,ZAF,2025-05-22,WD,34,Male,Eligible,,Yes,2026-07-30T20:12:28.577992
SCR-000361,CRC-GLB-301,SITE-0019,INV-0038,USA,2025-05-07,TR,80,Male,Eligible,,Yes,2026-07-30T20:12:28.577992
SCR-000362,CRC-GLB-301,SITE-0035,INV-0070,GBR,2025-07-12,LQ,29,Female,Eligible,,Yes,2026-07-30T20:12:28.577992
SCR-000363,CRC-GLB-301,SITE-0036,INV-0072,GBR,2025-08-21,YI,18,Male,Eligible,,Yes,2026-07-30T20:12:28.577992
SCR-000364,CRC-GLB-301,SITE-0059,INV-0118,KEN,2025-02-02,UK,72,Male,Eligible,,Yes,2026-07-30T20:12:28.577992
SCR-000365,CRC-GLB-301,SITE-0064,INV-0128,KEN,2025-05-26,IP,80,Female,Screen Failure,Abnormal Laboratory Values,Yes,2026-07-30T20:12:28.577992
SCR-000366,CRC-GLB-301,SITE-0007,INV-0013,IND,2025-02-20,QV,20,Male,Eligible,,Yes,2026-07-30T20:12:28.577992
SCR-000367,CRC-GLB-301,SITE-0021,INV-0042,USA,2025-01-01,ZL,34,Female,Screen Failure,Withdrew Consent,Yes,2026-07-30T20:12:28.577992
SCR-000368,CRC-GLB-301,SITE-0021,INV-0042,USA,2025-12-02,JC,39,Male,Screen Failure,Inclusion Criteria Not Met,Yes,2026-07-30T20:12:28.577992
SCR-000369,CRC-GLB-301,SITE-0051,INV-0102,ZAF,2025-12-25,TL,29,Male,Eligible,,Yes,2026-07-30T20:12:28.577992
SCR-000370,CRC-GLB-301,SITE-0001,INV-0001,IND,2025-09-02,CP,84,Female,Eligible,,Yes,2026-07-30T20:12:28.577992
SCR-000371,CRC-GLB-301,SITE-0002,INV-0003,IND,2025-12-23,ID,72,Male,Eligible,,Yes,2026-07-30T20:12:28.577992
SCR-000372,CRC-GLB-301,SITE-0062,INV-0123,KEN,2025-04-28,JS,31,Male,Eligible,,Yes,2026-07-30T20:12:28.577992
SCR-000373,CRC-GLB-301,SITE-0041,INV-0082,DEU,2025-06-03,DU,35,Male,Eligible,,Yes,2026-07-30T20:12:28.577992
SCR-000374,CRC-GLB-301,SITE-0009,INV-0017,SGP,2025-11-09,QL,45,Male,Eligible,,Yes,2026-07-30T20:12:28.577992
SCR-000375,CRC-GLB-301,SITE-0053,INV-0106,ZAF,2025-04-22,CC,33,Female,Eligible,,Yes,2026-07-30T20:12:28.577992
SCR-000376,CRC-GLB-301,SITE-0045,INV-0090,DEU,2025-06-11,UG,28,Male,Eligible,,Yes,2026-07-30T20:12:28.577992
SCR-000377,CRC-GLB-301,SITE-0037,INV-0073,GBR,2025-04-16,NN,68,Female,Screen Failure,Abnormal Laboratory Values,Yes,2026-07-30T20:12:28.577992
SCR-000378,CRC-GLB-301,SITE-0007,INV-0013,IND,2025-09-11,KG,27,Male,Eligible,,Yes,2026-07-30T20:12:28.577992
SCR-000379,CRC-GLB-301,SITE-0047,INV-0094,DEU,2025-07-18,WO,64,Male,Screen Failure,Exclusion Criteria Met,Yes,2026-07-30T20:12:28.577992
SCR-000380,CRC-GLB-301,SITE-0061,INV-0121,KEN,2025-01-09,PA,45,Male,Eligible,,Yes,2026-07-30T20:12:28.577992
SCR-000381,CRC-GLB-301,SITE-0008,INV-0016,IND,2025-09-17,HS,71,Female,Eligible,,Yes,2026-07-30T20:12:28.577992
SCR-000382,CRC-GLB-301,SITE-0052,INV-0103,ZAF,2025-11-24,NQ,53,Male,Eligible,,Yes,2026-07-30T20:12:28.577992
SCR-000383,CRC-GLB-301,SITE-0040,INV-0079,GBR,2025-09-19,XZ,37,Female,Eligible,,Yes,2026-07-30T20:12:28.577992
SCR-000384,CRC-GLB-301,SITE-0051,INV-0101,ZAF,2025-12-24,LY,48,Male,Screen Failure,Abnormal Laboratory Values,Yes,2026-07-30T20:12:28.577992
SCR-000385,CRC-GLB-301,SITE-0032,INV-0063,CAN,2025-08-11,DP,25,Female,Eligible,,Yes,2026-07-30T20:12:28.577992
SCR-000386,CRC-GLB-301,SITE-0023,INV-0045,USA,2025-12-29,DA,81,Female,Screen Failure,Inclusion Criteria Not Met,Yes,2026-07-30T20:12:28.577992
SCR-000387,CRC-GLB-301,SITE-0034,INV-0067,GBR,2025-07-10,DU,52,Male,Eligible,,Yes,2026-07-30T20:12:28.577992
SCR-000388,CRC-GLB-301,SITE-0004,INV-0008,IND,2025-08-08,HB,27,Female,Eligible,,Yes,2026-07-30T20:12:28.577992
SCR-000389,CRC-GLB-301,SITE-0059,INV-0118,KEN,2025-01-29,MO,65,Male,Eligible,,Yes,2026-07-30T20:12:28.577992
SCR-000390,CRC-GLB-301,SITE-0033,INV-0065,GBR,2025-04-27,TA,19,Male,Screen Failure,Inclusion Criteria Not Met,Yes,2026-07-30T20:12:28.577992
SCR-000391,CRC-GLB-301,SITE-0006,INV-0012,IND,2025-07-16,XE,22,Female,Screen Failure,Abnormal Laboratory Values,Yes,2026-07-30T20:12:28.577992
SCR-000392,CRC-GLB-301,SITE-0029,INV-0058,CAN,2025-05-08,KS,52,Male,Eligible,,Yes,2026-07-30T20:12:28.577992
SCR-000393,CRC-GLB-301,SITE-0048,INV-0095,DEU,2025-09-15,RB,46,Male,Eligible,,Yes,2026-07-30T20:12:28.577992
SCR-000394,CRC-GLB-301,SITE-0052,INV-0103,ZAF,2025-08-27,WU,57,Female,Eligible,,Yes,2026-07-30T20:12:28.577992
SCR-000395,CRC-GLB-301,SITE-0012,INV-0024,SGP,2025-01-05,JH,56,Male,Eligible,,Yes,2026-07-30T20:12:28.577992
SCR-000396,CRC-GLB-301,SITE-0060,INV-0120,KEN,2025-04-11,TO,49,Male,Screen Failure,Withdrew Consent,Yes,2026-07-30T20:12:28.577992
SCR-000397,CRC-GLB-301,SITE-0001,INV-0002,IND,2025-04-30,OQ,19,Female,Screen Failure,Inclusion Criteria Not Met,Yes,2026-07-30T20:12:28.577992
SCR-000398,CRC-GLB-301,SITE-0001,INV-0002,IND,2025-06-07,CN,48,Female,Eligible,,Yes,2026-07-30T20:12:28.577992
SCR-000399,CRC-GLB-301,SITE-0063,INV-0125,KEN,2025-03-14,SC,47,Female,Eligible,,Yes,2026-07-30T20:12:28.577992
SCR-000400,CRC-GLB-301,SITE-0048,INV-0096,DEU,2025-02-13,PN,68,Male,Eligible,,Yes,2026-07-30T20:12:28.577992
SCR-000401,CRC-GLB-301,SITE-0008,INV-0016,IND,2025-12-06,ZG,51,Female,Eligible,,Yes,2026-07-30T20:12:28.577992
SCR-000402,CRC-GLB-301,SITE-0051,INV-0102,ZAF,2025-08-20,HB,43,Male,Screen Failure,Abnormal Laboratory Values,Yes,2026-07-30T20:12:28.577992
SCR-000403,CRC-GLB-301,SITE-0014,INV-0027,SGP,2025-02-24,EM,70,Male,Eligible,,Yes,2026-07-30T20:12:28.577992
SCR-000404,CRC-GLB-301,SITE-0046,INV-0091,DEU,2025-06-07,MW,29,Male,Screen Failure,Withdrew Consent,Yes,2026-07-30T20:12:28.577992
SCR-000405,CRC-GLB-301,SITE-0039,INV-0077,GBR,2025-04-21,VI,29,Male,Eligible,,Yes,2026-07-30T20:12:28.577992
SCR-000406,CRC-GLB-301,SITE-0046,INV-0092,DEU,2025-12-13,HV,40,Male,Screen Failure,Inclusion Criteria Not Met,Yes,2026-07-30T20:12:28.577992
SCR-000407,CRC-GLB-301,SITE-0052,INV-0104,ZAF,2025-10-12,TG,77,Male,Eligible,,Yes,2026-07-30T20:12:28.577992
SCR-000408,CRC-GLB-301,SITE-0018,INV-0035,USA,2025-01-07,BU,46,Male,Eligible,,Yes,2026-07-30T20:12:28.577992
SCR-000409,CRC-GLB-301,SITE-0026,INV-0052,CAN,2025-12-18,QQ,51,Male,Screen Failure,Abnormal Laboratory Values,Yes,2026-07-30T20:12:28.577992
SCR-000410,CRC-GLB-301,SITE-0003,INV-0005,IND,2025-04-12,XL,34,Male,Eligible,,Yes,2026-07-30T20:12:28.577992
SCR-000411,CRC-GLB-301,SITE-0043,INV-0085,DEU,2025-01-22,YB,73,Female,Eligible,,Yes,2026-07-30T20:12:28.577992
SCR-000412,CRC-GLB-301,SITE-0064,INV-0127,KEN,2025-12-16,LJ,41,Female,Screen Failure,Withdrew Consent,Yes,2026-07-30T20:12:28.577992
SCR-000413,CRC-GLB-301,SITE-0036,INV-0072,GBR,2025-01-18,PQ,55,Female,Screen Failure,Exclusion Criteria Met,Yes,2026-07-30T20:12:28.577992
SCR-000414,CRC-GLB-301,SITE-0053,INV-0106,ZAF,2025-02-01,CJ,71,Male,Eligible,,Yes,2026-07-30T20:12:28.577992
SCR-000415,CRC-GLB-301,SITE-0032,INV-0063,CAN,2025-07-15,UJ,80,Female,Eligible,,Yes,2026-07-30T20:12:28.577992
SCR-000416,CRC-GLB-301,SITE-0042,INV-0084,DEU,2025-05-19,EI,46,Male,Eligible,,Yes,2026-07-30T20:12:28.577992
SCR-000417,CRC-GLB-301,SITE-0036,INV-0071,GBR,2025-08-30,NT,47,Male,Eligible,,Yes,2026-07-30T20:12:28.577992
SCR-000418,CRC-GLB-301,SITE-0013,INV-0025,SGP,2025-12-03,GN,25,Male,Eligible,,Yes,2026-07-30T20:12:28.577992
SCR-000419,CRC-GLB-301,SITE-0050,INV-0100,ZAF,2025-03-30,EP,63,Male,Eligible,,Yes,2026-07-30T20:12:28.577992
SCR-000420,CRC-GLB-301,SITE-0046,INV-0091,DEU,2025-10-16,YV,81,Female,Eligible,,Yes,2026-07-30T20:12:28.577992
SCR-000421,CRC-GLB-301,SITE-0023,INV-0046,USA,2025-02-16,BP,20,Female,Screen Failure,Inclusion Criteria Not Met,Yes,2026-07-30T20:12:28.577992
SCR-000422,CRC-GLB-301,SITE-0001,INV-0002,IND,2025-03-08,IE,59,Male,Screen Failure,Exclusion Criteria Met,Yes,2026-07-30T20:12:28.577992
SCR-000423,CRC-GLB-301,SITE-0003,INV-0005,IND,2025-10-28,SD,32,Female,Eligible,,Yes,2026-07-30T20:12:28.577992
SCR-000424,CRC-GLB-301,SITE-0010,INV-0020,SGP,2025-12-27,YK,30,Female,Eligible,,Yes,2026-07-30T20:12:28.577992
SCR-000425,CRC-GLB-301,SITE-0039,INV-0078,GBR,2025-03-11,ZT,73,Female,Eligible,,Yes,2026-07-30T20:12:28.577992
SCR-000426,CRC-GLB-301,SITE-0041,INV-0081,DEU,2025-12-29,ZS,63,Male,Eligible,,Yes,2026-07-30T20:12:28.577992
SCR-000427,CRC-GLB-301,SITE-0023,INV-0046,USA,2025-06-07,TH,40,Male,Eligible,,Yes,2026-07-30T20:12:28.577992
SCR-000428,CRC-GLB-301,SITE-0051,INV-0101,ZAF,2025-11-05,IV,46,Male,Screen Failure,Exclusion Criteria Met,Yes,2026-07-30T20:12:28.577992
SCR-000429,CRC-GLB-301,SITE-0064,INV-0127,KEN,2025-06-19,TG,58,Male,Eligible,,Yes,2026-07-30T20:12:28.577992
SCR-000430,CRC-GLB-301,SITE-0012,INV-0024,SGP,2025-08-17,AF,26,Female,Eligible,,Yes,2026-07-30T20:12:28.577992
SCR-000431,CRC-GLB-301,SITE-0033,INV-0065,GBR,2025-01-01,BL,71,Male,Eligible,,Yes,2026-07-30T20:12:28.577992
SCR-000432,CRC-GLB-301,SITE-0053,INV-0106,ZAF,2025-07-13,JJ,79,Male,Eligible,,Yes,2026-07-30T20:12:28.577992
SCR-000433,CRC-GLB-301,SITE-0021,INV-0042,USA,2025-02-07,UA,20,Female,Eligible,,Yes,2026-07-30T20:12:28.577992
SCR-000434,CRC-GLB-301,SITE-0034,INV-0067,GBR,2025-02-07,IX,38,Male,Eligible,,Yes,2026-07-30T20:12:28.577992
SCR-000435,CRC-GLB-301,SITE-0012,INV-0024,SGP,2025-11-01,ZX,21,Female,Eligible,,Yes,2026-07-30T20:12:28.577992
SCR-000436,CRC-GLB-301,SITE-0022,INV-0044,USA,2025-03-22,BI,42,Female,Eligible,,Yes,2026-07-30T20:12:28.577992
SCR-000437,CRC-GLB-301,SITE-0034,INV-0068,GBR,2025-06-02,GB,80,Male,Eligible,,Yes,2026-07-30T20:12:28.577992
SCR-000438,CRC-GLB-301,SITE-0007,INV-0014,IND,2025-08-07,CV,79,Male,Screen Failure,Inclusion Criteria Not Met,Yes,2026-07-30T20:12:28.577992
SCR-000439,CRC-GLB-301,SITE-0013,INV-0025,SGP,2025-04-16,EH,28,Female,Eligible,,Yes,2026-07-30T20:12:28.577992
SCR-000440,CRC-GLB-301,SITE-0015,INV-0030,SGP,2025-07-23,MX,51,Male,Eligible,,Yes,2026-07-30T20:12:28.577992
SCR-000441,CRC-GLB-301,SITE-0050,INV-0099,ZAF,2025-07-09,XJ,75,Male,Eligible,,Yes,2026-07-30T20:12:28.577992
SCR-000442,CRC-GLB-301,SITE-0034,INV-0068,GBR,2025-05-15,FG,25,Male,Screen Failure,Withdrew Consent,Yes,2026-07-30T20:12:28.577992
SCR-000443,CRC-GLB-301,SITE-0013,INV-0025,SGP,2025-12-09,IO,47,Male,Eligible,,Yes,2026-07-30T20:12:28.577992
SCR-000444,CRC-GLB-301,SITE-0050,INV-0100,ZAF,2025-10-02,RY,48,Female,Eligible,,Yes,2026-07-30T20:12:28.577992
SCR-000445,CRC-GLB-301,SITE-0039,INV-0077,GBR,2025-01-18,NX,36,Male,Screen Failure,Withdrew Consent,Yes,2026-07-30T20:12:28.577992
SCR-000446,CRC-GLB-301,SITE-0058,INV-0115,KEN,2025-04-19,VD,72,Male,Screen Failure,Exclusion Criteria Met,Yes,2026-07-30T20:12:28.577992
SCR-000447,CRC-GLB-301,SITE-0056,INV-0111,ZAF,2025-11-01,GX,26,Male,Screen Failure,Exclusion Criteria Met,Yes,2026-07-30T20:12:28.577992
SCR-000448,CRC-GLB-301,SITE-0050,INV-0100,ZAF,2025-10-10,IH,76,Male,Eligible,,Yes,2026-07-30T20:12:28.577992
SCR-000449,CRC-GLB-301,SITE-0054,INV-0107,ZAF,2025-08-01,DO,30,Male,Eligible,,Yes,2026-07-30T20:12:28.577992
SCR-000450,CRC-GLB-301,SITE-0013,INV-0026,SGP,2025-10-02,WW,51,Female,Eligible,,Yes,2026-07-30T20:12:28.577992
SCR-000451,CRC-GLB-301,SITE-0063,INV-0126,KEN,2025-01-20,EK,69,Male,Eligible,,Yes,2026-07-30T20:12:28.577992
SCR-000452,CRC-GLB-301,SITE-0051,INV-0102,ZAF,2025-12-20,GT,52,Female,Eligible,,Yes,2026-07-30T20:12:28.577992
SCR-000453,CRC-GLB-301,SITE-0003,INV-0006,IND,2025-06-05,IV,30,Male,Eligible,,Yes,2026-07-30T20:12:28.577992
SCR-000454,CRC-GLB-301,SITE-0018,INV-0036,USA,2025-06-14,HK,29,Male,Screen Failure,Withdrew Consent,Yes,2026-07-30T20:12:28.577992
SCR-000455,CRC-GLB-301,SITE-0057,INV-0113,KEN,2025-07-28,TT,65,Male,Eligible,,Yes,2026-07-30T20:12:28.577992
SCR-000456,CRC-GLB-301,SITE-0021,INV-0041,USA,2025-06-09,SK,85,Male,Eligible,,Yes,2026-07-30T20:12:28.577992
SCR-000457,CRC-GLB-301,SITE-0023,INV-0045,USA,2025-04-13,VG,76,Male,Eligible,,Yes,2026-07-30T20:12:28.577992
SCR-000458,CRC-GLB-301,SITE-0047,INV-0093,DEU,2025-05-21,JM,68,Male,Eligible,,Yes,2026-07-30T20:12:28.577992
SCR-000459,CRC-GLB-301,SITE-0004,INV-0007,IND,2025-07-10,ML,78,Female,Eligible,,Yes,2026-07-30T20:12:28.577992
SCR-000460,CRC-GLB-301,SITE-0045,INV-0089,DEU,2025-05-13,TR,54,Male,Eligible,,Yes,2026-07-30T20:12:28.577992
SCR-000461,CRC-GLB-301,SITE-0050,INV-0099,ZAF,2025-03-25,WU,45,Male,Eligible,,Yes,2026-07-30T20:12:28.577992
SCR-000462,CRC-GLB-301,SITE-0029,INV-0057,CAN,2025-05-18,QN,19,Female,Eligible,,Yes,2026-07-30T20:12:28.577992
SCR-000463,CRC-GLB-301,SITE-0017,INV-0033,USA,2025-11-04,UF,57,Female,Eligible,,Yes,2026-07-30T20:12:28.577992
SCR-000464,CRC-GLB-301,SITE-0055,INV-0110,ZAF,2025-06-28,LF,56,Female,Eligible,,Yes,2026-07-30T20:12:28.577992
SCR-000465,CRC-GLB-301,SITE-0014,INV-0027,SGP,2025-10-15,QP,56,Male,Screen Failure,Abnormal Laboratory Values,Yes,2026-07-30T20:12:28.577992
SCR-000466,CRC-GLB-301,SITE-0062,INV-0123,KEN,2025-06-22,ZQ,53,Female,Eligible,,Yes,2026-07-30T20:12:28.577992
SCR-000467,CRC-GLB-301,SITE-0039,INV-0077,GBR,2025-03-18,NG,25,Female,Eligible,,Yes,2026-07-30T20:12:28.577992
SCR-000468,CRC-GLB-301,SITE-0041,INV-0081,DEU,2025-12-02,MH,71,Female,Screen Failure,Inclusion Criteria Not Met,Yes,2026-07-30T20:12:28.577992
SCR-000469,CRC-GLB-301,SITE-0050,INV-0099,ZAF,2025-10-26,SO,42,Female,Eligible,,Yes,2026-07-30T20:12:28.577992
SCR-000470,CRC-GLB-301,SITE-0029,INV-0058,CAN,2025-09-17,HE,41,Female,Screen Failure,Abnormal Laboratory Values,Yes,2026-07-30T20:12:28.577992
SCR-000471,CRC-GLB-301,SITE-0013,INV-0026,SGP,2025-03-07,TS,41,Female,Eligible,,Yes,2026-07-30T20:12:28.577992
SCR-000472,CRC-GLB-301,SITE-0012,INV-0023,SGP,2025-04-25,TH,60,Female,Screen Failure,Abnormal Laboratory Values,Yes,2026-07-30T20:12:28.577992
SCR-000473,CRC-GLB-301,SITE-0034,INV-0068,GBR,2025-08-26,WM,27,Female,Eligible,,Yes,2026-07-30T20:12:28.577992
SCR-000474,CRC-GLB-301,SITE-0025,INV-0049,CAN,2025-09-29,HB,37,Male,Screen Failure,Withdrew Consent,Yes,2026-07-30T20:12:28.577992
SCR-000475,CRC-GLB-301,SITE-0026,INV-0052,CAN,2025-07-29,ZX,76,Male,Eligible,,Yes,2026-07-30T20:12:28.577992
SCR-000476,CRC-GLB-301,SITE-0041,INV-0081,DEU,2025-09-07,IZ,58,Male,Screen Failure,Inclusion Criteria Not Met,Yes,2026-07-30T20:12:28.577992
SCR-000477,CRC-GLB-301,SITE-0001,INV-0002,IND,2025-05-21,FU,38,Female,Eligible,,Yes,2026-07-30T20:12:28.577992
SCR-000478,CRC-GLB-301,SITE-0012,INV-0023,SGP,2025-11-11,LL,72,Female,Eligible,,Yes,2026-07-30T20:12:28.577992
SCR-000479,CRC-GLB-301,SITE-0050,INV-0099,ZAF,2025-10-01,FJ,19,Female,Screen Failure,Inclusion Criteria Not Met,Yes,2026-07-30T20:12:28.577992
SCR-000480,CRC-GLB-301,SITE-0025,INV-0049,CAN,2025-12-13,AT,46,Female,Eligible,,Yes,2026-07-30T20:12:28.577992
SCR-000481,CRC-GLB-301,SITE-0040,INV-0079,GBR,2025-02-22,JP,39,Male,Eligible,,Yes,2026-07-30T20:12:28.577992
SCR-000482,CRC-GLB-301,SITE-0006,INV-0012,IND,2025-05-29,LN,85,Female,Eligible,,Yes,2026-07-30T20:12:28.577992
SCR-000483,CRC-GLB-301,SITE-0056,INV-0111,ZAF,2025-06-25,ZM,42,Male,Eligible,,Yes,2026-07-30T20:12:28.577992
SCR-000484,CRC-GLB-301,SITE-0052,INV-0103,ZAF,2025-04-27,FZ,45,Male,Eligible,,Yes,2026-07-30T20:12:28.577992
SCR-000485,CRC-GLB-301,SITE-0022,INV-0043,USA,2025-07-07,SU,66,Female,Eligible,,Yes,2026-07-30T20:12:28.577992
SCR-000486,CRC-GLB-301,SITE-0007,INV-0013,IND,2025-12-01,VB,32,Female,Screen Failure,Inclusion Criteria Not Met,Yes,2026-07-30T20:12:28.577992
SCR-000487,CRC-GLB-301,SITE-0057,INV-0114,KEN,2025-03-05,OM,37,Male,Eligible,,Yes,2026-07-30T20:12:28.577992
SCR-000488,CRC-GLB-301,SITE-0002,INV-0004,IND,2025-08-04,RR,52,Male,Eligible,,Yes,2026-07-30T20:12:28.577992
SCR-000489,CRC-GLB-301,SITE-0054,INV-0107,ZAF,2025-05-25,CC,43,Male,Screen Failure,Inclusion Criteria Not Met,Yes,2026-07-30T20:12:28.577992
SCR-000490,CRC-GLB-301,SITE-0034,INV-0067,GBR,2025-12-27,KE,81,Male,Screen Failure,Abnormal Laboratory Values,Yes,2026-07-30T20:12:28.577992
SCR-000491,CRC-GLB-301,SITE-0062,INV-0124,KEN,2025-05-01,AR,32,Female,Eligible,,Yes,2026-07-30T20:12:28.577992
SCR-000492,CRC-GLB-301,SITE-0020,INV-0039,USA,2025-09-19,BS,50,Male,Eligible,,Yes,2026-07-30T20:12:28.577992
SCR-000493,CRC-GLB-301,SITE-0059,INV-0118,KEN,2025-05-16,MC,40,Male,Eligible,,Yes,2026-07-30T20:12:28.577992
SCR-000494,CRC-GLB-301,SITE-0038,INV-0076,GBR,2025-12-13,IT,30,Male,Eligible,,Yes,2026-07-30T20:12:28.577992
SCR-000495,CRC-GLB-301,SITE-0002,INV-0003,IND,2025-12-06,QI,74,Female,Eligible,,Yes,2026-07-30T20:12:28.577992
SCR-000496,CRC-GLB-301,SITE-0012,INV-0024,SGP,2025-06-25,EK,76,Female,Eligible,,Yes,2026-07-30T20:12:28.577992
SCR-000497,CRC-GLB-301,SITE-0050,INV-0100,ZAF,2025-08-04,QU,32,Male,Eligible,,Yes,2026-07-30T20:12:28.577992
SCR-000498,CRC-GLB-301,SITE-0008,INV-0015,IND,2025-02-23,KP,74,Male,Eligible,,Yes,2026-07-30T20:12:28.577992
SCR-000499,CRC-GLB-301,SITE-0049,INV-0098,ZAF,2025-12-17,WS,34,Female,Screen Failure,Inclusion Criteria Not Met,Yes,2026-07-30T20:12:28.577992
SCR-000500,CRC-GLB-301,SITE-0063,INV-0125,KEN,2025-08-14,BG,58,Male,Screen Failure,Withdrew Consent,Yes,2026-07-30T20:12:28.577992
SCR-000501,CRC-GLB-301,SITE-0029,INV-0058,CAN,2025-09-23,NS,30,Female,Eligible,,Yes,2026-07-30T20:12:28.577992
SCR-000502,CRC-GLB-301,SITE-0032,INV-0064,CAN,2025-06-27,RQ,37,Male,Eligible,,Yes,2026-07-30T20:12:28.577992
SCR-000503,CRC-GLB-301,SITE-0002,INV-0003,IND,2025-09-16,WW,39,Male,Eligible,,Yes,2026-07-30T20:12:28.577992
SCR-000504,CRC-GLB-301,SITE-0063,INV-0126,KEN,2025-06-19,ZB,46,Female,Screen Failure,Exclusion Criteria Met,Yes,2026-07-30T20:12:28.577992
SCR-000505,CRC-GLB-301,SITE-0052,INV-0103,ZAF,2025-02-10,LU,75,Male,Eligible,,Yes,2026-07-30T20:12:28.577992
SCR-000506,CRC-GLB-301,SITE-0064,INV-0128,KEN,2025-06-11,DM,20,Male,Eligible,,Yes,2026-07-30T20:12:28.577992
SCR-000507,CRC-GLB-301,SITE-0052,INV-0104,ZAF,2025-10-13,OV,56,Male,Screen Failure,Inclusion Criteria Not Met,Yes,2026-07-30T20:12:28.577992
SCR-000508,CRC-GLB-301,SITE-0059,INV-0118,KEN,2025-01-28,VV,60,Female,Screen Failure,Abnormal Laboratory Values,Yes,2026-07-30T20:12:28.577992
SCR-000509,CRC-GLB-301,SITE-0047,INV-0094,DEU,2025-02-19,TF,61,Female,Screen Failure,Inclusion Criteria Not Met,Yes,2026-07-30T20:12:28.577992
SCR-000510,CRC-GLB-301,SITE-0038,INV-0076,GBR,2025-12-26,CX,81,Male,Eligible,,Yes,2026-07-30T20:12:28.577992
SCR-000511,CRC-GLB-301,SITE-0053,INV-0105,ZAF,2025-05-11,PE,68,Male,Eligible,,Yes,2026-07-30T20:12:28.577992
SCR-000512,CRC-GLB-301,SITE-0059,INV-0117,KEN,2025-06-23,CK,33,Female,Eligible,,Yes,2026-07-30T20:12:28.577992
SCR-000513,CRC-GLB-301,SITE-0059,INV-0117,KEN,2025-01-03,NB,73,Female,Screen Failure,Withdrew Consent,Yes,2026-07-30T20:12:28.577992
SCR-000514,CRC-GLB-301,SITE-0023,INV-0045,USA,2025-02-23,KP,59,Female,Screen Failure,Exclusion Criteria Met,Yes,2026-07-30T20:12:28.577992
SCR-000515,CRC-GLB-301,SITE-0054,INV-0107,ZAF,2025-05-21,KI,55,Female,Eligible,,Yes,2026-07-30T20:12:28.577992
SCR-000516,CRC-GLB-301,SITE-0018,INV-0035,USA,2025-07-31,PX,83,Female,Eligible,,Yes,2026-07-30T20:12:28.577992
SCR-000517,CRC-GLB-301,SITE-0041,INV-0081,DEU,2025-04-13,FS,62,Male,Eligible,,Yes,2026-07-30T20:12:28.577992
SCR-000518,CRC-GLB-301,SITE-0023,INV-0046,USA,2025-06-30,OP,71,Female,Screen Failure,Inclusion Criteria Not Met,Yes,2026-07-30T20:12:28.577992
SCR-000519,CRC-GLB-301,SITE-0055,INV-0109,ZAF,2025-01-13,JB,25,Male,Screen Failure,Inclusion Criteria Not Met,Yes,2026-07-30T20:12:28.577992
SCR-000520,CRC-GLB-301,SITE-0035,INV-0069,GBR,2025-05-27,RD,25,Female,Eligible,,Yes,2026-07-30T20:12:28.577992
SCR-000521,CRC-GLB-301,SITE-0027,INV-0053,CAN,2025-07-03,VC,46,Female,Eligible,,Yes,2026-07-30T20:12:28.577992
SCR-000522,CRC-GLB-301,SITE-0031,INV-0062,CAN,2025-12-21,RY,67,Female,Eligible,,Yes,2026-07-30T20:12:28.577992
SCR-000523,CRC-GLB-301,SITE-0041,INV-0081,DEU,2025-05-09,FW,74,Male,Screen Failure,Inclusion Criteria Not Met,Yes,2026-07-30T20:12:28.577992
SCR-000524,CRC-GLB-301,SITE-0048,INV-0095,DEU,2025-05-31,LZ,27,Male,Screen Failure,Exclusion Criteria Met,Yes,2026-07-30T20:12:28.577992
SCR-000525,CRC-GLB-301,SITE-0023,INV-0045,USA,2025-01-21,LO,34,Male,Screen Failure,Withdrew Consent,Yes,2026-07-30T20:12:28.577992
SCR-000526,CRC-GLB-301,SITE-0033,INV-0065,GBR,2025-06-19,MY,23,Male,Eligible,,Yes,2026-07-30T20:12:28.577992
SCR-000527,CRC-GLB-301,SITE-0042,INV-0083,DEU,2025-11-17,QR,80,Female,Eligible,,Yes,2026-07-30T20:12:28.577992
SCR-000528,CRC-GLB-301,SITE-0010,INV-0020,SGP,2025-09-27,FE,26,Male,Eligible,,Yes,2026-07-30T20:12:28.577992
SCR-000529,CRC-GLB-301,SITE-0054,INV-0108,ZAF,2025-02-17,JW,60,Female,Eligible,,Yes,2026-07-30T20:12:28.577992
SCR-000530,CRC-GLB-301,SITE-0047,INV-0094,DEU,2025-11-13,NZ,19,Male,Screen Failure,Exclusion Criteria Met,Yes,2026-07-30T20:12:28.577992
SCR-000531,CRC-GLB-301,SITE-0045,INV-0090,DEU,2025-11-25,PQ,23,Female,Screen Failure,Exclusion Criteria Met,Yes,2026-07-30T20:12:28.577992
SCR-000532,CRC-GLB-301,SITE-0049,INV-0097,ZAF,2025-05-12,OH,84,Female,Screen Failure,Withdrew Consent,Yes,2026-07-30T20:12:28.577992
SCR-000533,CRC-GLB-301,SITE-0058,INV-0116,KEN,2025-06-01,XF,83,Male,Screen Failure,Inclusion Criteria Not Met,Yes,2026-07-30T20:12:28.577992
SCR-000534,CRC-GLB-301,SITE-0013,INV-0025,SGP,2025-10-03,NQ,44,Male,Eligible,,Yes,2026-07-30T20:12:28.577992
SCR-000535,CRC-GLB-301,SITE-0055,INV-0109,ZAF,2025-04-16,NS,73,Male,Eligible,,Yes,2026-07-30T20:12:28.577992
SCR-000536,CRC-GLB-301,SITE-0020,INV-0039,USA,2025-06-19,AB,40,Female,Screen Failure,Withdrew Consent,Yes,2026-07-30T20:12:28.577992
SCR-000537,CRC-GLB-301,SITE-0010,INV-0019,SGP,2025-07-28,KQ,73,Female,Screen Failure,Abnormal Laboratory Values,Yes,2026-07-30T20:12:28.577992
SCR-000538,CRC-GLB-301,SITE-0003,INV-0006,IND,2025-12-11,DA,26,Male,Eligible,,Yes,2026-07-30T20:12:28.577992
SCR-000539,CRC-GLB-301,SITE-0010,INV-0020,SGP,2025-09-15,CU,56,Male,Eligible,,Yes,2026-07-30T20:12:28.577992
SCR-000540,CRC-GLB-301,SITE-0037,INV-0074,GBR,2025-07-15,KR,78,Male,Eligible,,Yes,2026-07-30T20:12:28.577992
SCR-000541,CRC-GLB-301,SITE-0029,INV-0057,CAN,2025-10-07,HQ,56,Female,Screen Failure,Withdrew Consent,Yes,2026-07-30T20:12:28.577992
SCR-000542,CRC-GLB-301,SITE-0002,INV-0003,IND,2025-03-05,BO,68,Male,Eligible,,Yes,2026-07-30T20:12:28.577992
SCR-000543,CRC-GLB-301,SITE-0040,INV-0079,GBR,2025-06-26,FX,83,Male,Eligible,,Yes,2026-07-30T20:12:28.577992
SCR-000544,CRC-GLB-301,SITE-0021,INV-0041,USA,2025-04-24,QG,32,Male,Eligible,,Yes,2026-07-30T20:12:28.577992
SCR-000545,CRC-GLB-301,SITE-0007,INV-0014,IND,2025-11-27,OH,26,Female,Eligible,,Yes,2026-07-30T20:12:28.577992
SCR-000546,CRC-GLB-301,SITE-0013,INV-0025,SGP,2025-10-25,MI,34,Male,Eligible,,Yes,2026-07-30T20:12:28.577992
SCR-000547,CRC-GLB-301,SITE-0013,INV-0026,SGP,2025-11-14,BF,80,Female,Eligible,,Yes,2026-07-30T20:12:28.577992
SCR-000548,CRC-GLB-301,SITE-0043,INV-0086,DEU,2025-12-22,PO,64,Female,Eligible,,Yes,2026-07-30T20:12:28.577992
SCR-000549,CRC-GLB-301,SITE-0055,INV-0109,ZAF,2025-01-03,IU,73,Female,Eligible,,Yes,2026-07-30T20:12:28.577992
SCR-000550,CRC-GLB-301,SITE-0047,INV-0093,DEU,2025-12-14,TW,77,Female,Eligible,,Yes,2026-07-30T20:12:28.577992
SCR-000551,CRC-GLB-301,SITE-0046,INV-0092,DEU,2025-09-07,OE,28,Female,Eligible,,Yes,2026-07-30T20:12:28.577992
SCR-000552,CRC-GLB-301,SITE-0018,INV-0035,USA,2025-11-17,BB,20,Male,Screen Failure,Abnormal Laboratory Values,Yes,2026-07-30T20:12:28.577992
SCR-000553,CRC-GLB-301,SITE-0052,INV-0103,ZAF,2025-01-19,OO,78,Male,Eligible,,Yes,2026-07-30T20:12:28.577992
SCR-000554,CRC-GLB-301,SITE-0047,INV-0094,DEU,2025-04-25,XP,55,Male,Eligible,,Yes,2026-07-30T20:12:28.577992
SCR-000555,CRC-GLB-301,SITE-0060,INV-0119,KEN,2025-07-06,NR,39,Male,Screen Failure,Withdrew Consent,Yes,2026-07-30T20:12:28.577992
SCR-000556,CRC-GLB-301,SITE-0058,INV-0115,KEN,2025-04-02,OO,36,Female,Eligible,,Yes,2026-07-30T20:12:28.577992
SCR-000557,CRC-GLB-301,SITE-0046,INV-0091,DEU,2025-04-23,TG,51,Female,Eligible,,Yes,2026-07-30T20:12:28.577992
SCR-000558,CRC-GLB-301,SITE-0030,INV-0059,CAN,2025-12-09,FX,64,Female,Eligible,,Yes,2026-07-30T20:12:28.577992
SCR-000559,CRC-GLB-301,SITE-0061,INV-0122,KEN,2025-01-24,BQ,31,Female,Eligible,,Yes,2026-07-30T20:12:28.577992
SCR-000560,CRC-GLB-301,SITE-0034,INV-0067,GBR,2025-07-12,QJ,27,Female,Eligible,,Yes,2026-07-30T20:12:28.577992
SCR-000561,CRC-GLB-301,SITE-0049,INV-0097,ZAF,2025-09-22,KV,62,Female,Eligible,,Yes,2026-07-30T20:12:28.577992
SCR-000562,CRC-GLB-301,SITE-0062,INV-0123,KEN,2025-09-14,WL,47,Male,Eligible,,Yes,2026-07-30T20:12:28.577992
SCR-000563,CRC-GLB-301,SITE-0036,INV-0071,GBR,2025-03-18,EJ,33,Male,Eligible,,Yes,2026-07-30T20:12:28.577992
SCR-000564,CRC-GLB-301,SITE-0054,INV-0108,ZAF,2025-02-28,MM,44,Male,Eligible,,Yes,2026-07-30T20:12:28.577992
SCR-000565,CRC-GLB-301,SITE-0053,INV-0105,ZAF,2025-05-05,BO,38,Male,Eligible,,Yes,2026-07-30T20:12:28.577992
SCR-000566,CRC-GLB-301,SITE-0006,INV-0011,IND,2025-01-29,EX,84,Female,Eligible,,Yes,2026-07-30T20:12:28.577992
SCR-000567,CRC-GLB-301,SITE-0003,INV-0006,IND,2025-02-13,FP,78,Female,Eligible,,Yes,2026-07-30T20:12:28.577992
SCR-000568,CRC-GLB-301,SITE-0022,INV-0043,USA,2025-07-30,PU,41,Female,Eligible,,Yes,2026-07-30T20:12:28.577992
SCR-000569,CRC-GLB-301,SITE-0022,INV-0044,USA,2025-11-02,PF,67,Male,Screen Failure,Withdrew Consent,Yes,2026-07-30T20:12:28.577992
SCR-000570,CRC-GLB-301,SITE-0014,INV-0027,SGP,2025-04-14,NX,71,Male,Eligible,,Yes,2026-07-30T20:12:28.577992
SCR-000571,CRC-GLB-301,SITE-0013,INV-0025,SGP,2025-09-01,XP,82,Male,Eligible,,Yes,2026-07-30T20:12:28.577992
SCR-000572,CRC-GLB-301,SITE-0012,INV-0024,SGP,2025-11-05,OA,73,Female,Screen Failure,Exclusion Criteria Met,Yes,2026-07-30T20:12:28.577992
SCR-000573,CRC-GLB-301,SITE-0048,INV-0095,DEU,2025-12-24,NF,79,Female,Eligible,,Yes,2026-07-30T20:12:28.577992
SCR-000574,CRC-GLB-301,SITE-0045,INV-0089,DEU,2025-08-06,DM,47,Male,Eligible,,Yes,2026-07-30T20:12:28.577992
SCR-000575,CRC-GLB-301,SITE-0037,INV-0074,GBR,2025-04-07,AT,18,Male,Screen Failure,Abnormal Laboratory Values,Yes,2026-07-30T20:12:28.577992
SCR-000576,CRC-GLB-301,SITE-0001,INV-0002,IND,2025-12-19,UK,31,Male,Screen Failure,Exclusion Criteria Met,Yes,2026-07-30T20:12:28.577992
SCR-000577,CRC-GLB-301,SITE-0055,INV-0110,ZAF,2025-05-14,WL,64,Female,Eligible,,Yes,2026-07-30T20:12:28.577992
SCR-000578,CRC-GLB-301,SITE-0051,INV-0101,ZAF,2025-10-10,UM,65,Female,Screen Failure,Withdrew Consent,Yes,2026-07-30T20:12:28.577992
SCR-000579,CRC-GLB-301,SITE-0033,INV-0066,GBR,2025-10-23,IS,35,Male,Eligible,,Yes,2026-07-30T20:12:28.577992
SCR-000580,CRC-GLB-301,SITE-0030,INV-0060,CAN,2025-12-25,YC,83,Female,Eligible,,Yes,2026-07-30T20:12:28.577992
SCR-000581,CRC-GLB-301,SITE-0044,INV-0087,DEU,2025-03-24,KQ,29,Male,Eligible,,Yes,2026-07-30T20:12:28.577992
SCR-000582,CRC-GLB-301,SITE-0061,INV-0122,KEN,2025-02-02,GJ,22,Female,Screen Failure,Inclusion Criteria Not Met,Yes,2026-07-30T20:12:28.577992
SCR-000583,CRC-GLB-301,SITE-0052,INV-0104,ZAF,2025-12-31,ZB,40,Female,Eligible,,Yes,2026-07-30T20:12:28.577992
SCR-000584,CRC-GLB-301,SITE-0057,INV-0113,KEN,2025-04-14,WY,84,Female,Eligible,,Yes,2026-07-30T20:12:28.577992
SCR-000585,CRC-GLB-301,SITE-0025,INV-0049,CAN,2025-11-03,NS,39,Male,Eligible,,Yes,2026-07-30T20:12:28.577992
SCR-000586,CRC-GLB-301,SITE-0047,INV-0093,DEU,2025-12-02,AE,53,Female,Eligible,,Yes,2026-07-30T20:12:28.577992
SCR-000587,CRC-GLB-301,SITE-0046,INV-0092,DEU,2025-07-27,PN,26,Male,Eligible,,Yes,2026-07-30T20:12:28.577992
SCR-000588,CRC-GLB-301,SITE-0037,INV-0074,GBR,2025-06-27,ZH,42,Female,Eligible,,Yes,2026-07-30T20:12:28.577992
SCR-000589,CRC-GLB-301,SITE-0052,INV-0103,ZAF,2025-05-14,EN,27,Female,Eligible,,Yes,2026-07-30T20:12:28.577992
SCR-000590,CRC-GLB-301,SITE-0044,INV-0087,DEU,2025-09-20,YW,50,Female,Eligible,,Yes,2026-07-30T20:12:28.577992
SCR-000591,CRC-GLB-301,SITE-0049,INV-0098,ZAF,2025-05-05,TY,76,Female,Eligible,,Yes,2026-07-30T20:12:28.577992
SCR-000592,CRC-GLB-301,SITE-0004,INV-0008,IND,2025-03-01,GJ,46,Male,Eligible,,Yes,2026-07-30T20:12:28.577992
SCR-000593,CRC-GLB-301,SITE-0041,INV-0082,DEU,2025-06-30,NA,51,Male,Eligible,,Yes,2026-07-30T20:12:28.577992
SCR-000594,CRC-GLB-301,SITE-0037,INV-0073,GBR,2025-07-24,RV,27,Male,Eligible,,Yes,2026-07-30T20:12:28.577992
SCR-000595,CRC-GLB-301,SITE-0061,INV-0122,KEN,2025-04-22,XG,42,Female,Screen Failure,Abnormal Laboratory Values,Yes,2026-07-30T20:12:28.577992
SCR-000596,CRC-GLB-301,SITE-0026,INV-0051,CAN,2025-05-04,WF,43,Male,Eligible,,Yes,2026-07-30T20:12:28.577992
SCR-000597,CRC-GLB-301,SITE-0046,INV-0091,DEU,2025-02-24,DC,81,Male,Eligible,,Yes,2026-07-30T20:12:28.577992
SCR-000598,CRC-GLB-301,SITE-0006,INV-0012,IND,2025-07-10,QM,53,Female,Eligible,,Yes,2026-07-30T20:12:28.577992
SCR-000599,CRC-GLB-301,SITE-0024,INV-0048,USA,2025-07-23,FO,24,Female,Eligible,,Yes,2026-07-30T20:12:28.577992
SCR-000600,CRC-GLB-301,SITE-0062,INV-0123,KEN,2025-09-15,JW,40,Female,Eligible,,Yes,2026-07-30T20:12:28.577992
SCR-000601,CRC-GLB-301,SITE-0016,INV-0032,SGP,2025-06-11,RA,44,Female,Eligible,,Yes,2026-07-30T20:12:28.577992
SCR-000602,CRC-GLB-301,SITE-0013,INV-0026,SGP,2025-07-05,PG,51,Male,Eligible,,Yes,2026-07-30T20:12:28.577992
SCR-000603,CRC-GLB-301,SITE-0035,INV-0070,GBR,2025-11-10,IE,72,Male,Eligible,,Yes,2026-07-30T20:12:28.577992
SCR-000604,CRC-GLB-301,SITE-0054,INV-0108,ZAF,2025-07-06,WH,41,Male,Eligible,,Yes,2026-07-30T20:12:28.577992
SCR-000605,CRC-GLB-301,SITE-0030,INV-0059,CAN,2025-05-19,UO,66,Male,Eligible,,Yes,2026-07-30T20:12:28.577992
SCR-000606,CRC-GLB-301,SITE-0019,INV-0037,USA,2025-08-31,UE,81,Male,Eligible,,Yes,2026-07-30T20:12:28.577992
SCR-000607,CRC-GLB-301,SITE-0041,INV-0082,DEU,2025-06-03,GW,24,Female,Eligible,,Yes,2026-07-30T20:12:28.577992
SCR-000608,CRC-GLB-301,SITE-0013,INV-0025,SGP,2025-01-31,FG,30,Female,Eligible,,Yes,2026-07-30T20:12:28.577992
SCR-000609,CRC-GLB-301,SITE-0043,INV-0086,DEU,2025-07-04,JO,50,Female,Eligible,,Yes,2026-07-30T20:12:28.577992
SCR-000610,CRC-GLB-301,SITE-0003,INV-0006,IND,2025-03-04,JR,43,Male,Eligible,,Yes,2026-07-30T20:12:28.577992
SCR-000611,CRC-GLB-301,SITE-0037,INV-0074,GBR,2025-06-16,RM,75,Male,Eligible,,Yes,2026-07-30T20:12:28.577992
SCR-000612,CRC-GLB-301,SITE-0049,INV-0098,ZAF,2025-11-20,YW,61,Female,Screen Failure,Withdrew Consent,Yes,2026-07-30T20:12:28.577992
SCR-000613,CRC-GLB-301,SITE-0052,INV-0103,ZAF,2025-02-10,EF,58,Female,Eligible,,Yes,2026-07-30T20:12:28.577992
SCR-000614,CRC-GLB-301,SITE-0035,INV-0070,GBR,2025-05-19,XU,64,Female,Eligible,,Yes,2026-07-30T20:12:28.577992
SCR-000615,CRC-GLB-301,SITE-0053,INV-0105,ZAF,2025-01-12,DG,50,Male,Screen Failure,Exclusion Criteria Met,Yes,2026-07-30T20:12:28.577992
SCR-000616,CRC-GLB-301,SITE-0027,INV-0053,CAN,2025-02-22,CY,78,Male,Screen Failure,Withdrew Consent,Yes,2026-07-30T20:12:28.577992
SCR-000617,CRC-GLB-301,SITE-0004,INV-0008,IND,2025-09-26,TC,51,Male,Eligible,,Yes,2026-07-30T20:12:28.577992
SCR-000618,CRC-GLB-301,SITE-0011,INV-0022,SGP,2025-06-08,FT,74,Male,Eligible,,Yes,2026-07-30T20:12:28.577992
SCR-000619,CRC-GLB-301,SITE-0017,INV-0033,USA,2025-01-18,RW,59,Female,Screen Failure,Inclusion Criteria Not Met,Yes,2026-07-30T20:12:28.577992
SCR-000620,CRC-GLB-301,SITE-0060,INV-0120,KEN,2025-10-08,LZ,40,Female,Eligible,,Yes,2026-07-30T20:12:28.577992
SCR-000621,CRC-GLB-301,SITE-0056,INV-0112,ZAF,2025-06-27,MF,29,Female,Eligible,,Yes,2026-07-30T20:12:28.577992
SCR-000622,CRC-GLB-301,SITE-0040,INV-0080,GBR,2025-07-31,GH,18,Male,Eligible,,Yes,2026-07-30T20:12:28.577992
SCR-000623,CRC-GLB-301,SITE-0045,INV-0090,DEU,2025-08-29,NR,80,Female,Eligible,,Yes,2026-07-30T20:12:28.577992
SCR-000624,CRC-GLB-301,SITE-0039,INV-0077,GBR,2025-08-09,UP,18,Female,Eligible,,Yes,2026-07-30T20:12:28.577992
SCR-000625,CRC-GLB-301,SITE-0025,INV-0050,CAN,2025-10-15,LG,67,Female,Eligible,,Yes,2026-07-30T20:12:28.577992
SCR-000626,CRC-GLB-301,SITE-0029,INV-0058,CAN,2025-02-10,KG,52,Female,Eligible,,Yes,2026-07-30T20:12:28.577992
SCR-000627,CRC-GLB-301,SITE-0035,INV-0070,GBR,2025-04-07,WE,55,Male,Eligible,,Yes,2026-07-30T20:12:28.577992
SCR-000628,CRC-GLB-301,SITE-0059,INV-0118,KEN,2025-05-20,SM,59,Male,Eligible,,Yes,2026-07-30T20:12:28.577992
SCR-000629,CRC-GLB-301,SITE-0020,INV-0039,USA,2025-10-01,AZ,54,Female,Eligible,,Yes,2026-07-30T20:12:28.577992
SCR-000630,CRC-GLB-301,SITE-0017,INV-0034,USA,2025-01-05,GD,81,Male,Eligible,,Yes,2026-07-30T20:12:28.577992
SCR-000631,CRC-GLB-301,SITE-0044,INV-0088,DEU,2025-06-09,UM,65,Female,Eligible,,Yes,2026-07-30T20:12:28.577992
SCR-000632,CRC-GLB-301,SITE-0005,INV-0010,IND,2025-03-16,BU,27,Female,Screen Failure,Inclusion Criteria Not Met,Yes,2026-07-30T20:12:28.577992
SCR-000633,CRC-GLB-301,SITE-0024,INV-0047,USA,2025-05-09,VV,33,Male,Eligible,,Yes,2026-07-30T20:12:28.577992
SCR-000634,CRC-GLB-301,SITE-0050,INV-0100,ZAF,2025-05-07,TA,76,Male,Eligible,,Yes,2026-07-30T20:12:28.577992
SCR-000635,CRC-GLB-301,SITE-0027,INV-0054,CAN,2025-07-19,RI,59,Male,Eligible,,Yes,2026-07-30T20:12:28.577992
SCR-000636,CRC-GLB-301,SITE-0006,INV-0011,IND,2025-05-10,MH,64,Male,Eligible,,Yes,2026-07-30T20:12:28.577992
SCR-000637,CRC-GLB-301,SITE-0028,INV-0055,CAN,2025-05-01,QI,39,Female,Eligible,,Yes,2026-07-30T20:12:28.577992
SCR-000638,CRC-GLB-301,SITE-0016,INV-0032,SGP,2025-05-05,AB,78,Male,Eligible,,Yes,2026-07-30T20:12:28.577992
SCR-000639,CRC-GLB-301,SITE-0048,INV-0095,DEU,2025-05-08,EC,61,Male,Eligible,,Yes,2026-07-30T20:12:28.577992
SCR-000640,CRC-GLB-301,SITE-0008,INV-0016,IND,2025-11-27,EN,31,Male,Eligible,,Yes,2026-07-30T20:12:28.577992
SCR-000641,CRC-GLB-301,SITE-0063,INV-0125,KEN,2025-06-12,ZU,62,Female,Eligible,,Yes,2026-07-30T20:12:28.577992
SCR-000642,CRC-GLB-301,SITE-0025,INV-0049,CAN,2025-12-19,JS,50,Male,Eligible,,Yes,2026-07-30T20:12:28.577992
SCR-000643,CRC-GLB-301,SITE-0063,INV-0126,KEN,2025-10-14,HS,42,Male,Eligible,,Yes,2026-07-30T20:12:28.577992
SCR-000644,CRC-GLB-301,SITE-0045,INV-0090,DEU,2025-08-28,HV,38,Male,Eligible,,Yes,2026-07-30T20:12:28.577992
SCR-000645,CRC-GLB-301,SITE-0020,INV-0040,USA,2025-06-01,VO,76,Male,Eligible,,Yes,2026-07-30T20:12:28.577992
SCR-000646,CRC-GLB-301,SITE-0049,INV-0097,ZAF,2025-11-14,WU,48,Female,Screen Failure,Inclusion Criteria Not Met,Yes,2026-07-30T20:12:28.577992
SCR-000647,CRC-GLB-301,SITE-0009,INV-0018,SGP,2025-04-08,NM,37,Female,Eligible,,Yes,2026-07-30T20:12:28.577992
SCR-000648,CRC-GLB-301,SITE-0042,INV-0084,DEU,2025-11-25,IC,26,Male,Eligible,,Yes,2026-07-30T20:12:28.577992
SCR-000649,CRC-GLB-301,SITE-0017,INV-0033,USA,2025-04-14,CE,22,Female,Screen Failure,Inclusion Criteria Not Met,Yes,2026-07-30T20:12:28.577992
SCR-000650,CRC-GLB-301,SITE-0063,INV-0126,KEN,2025-01-26,JP,27,Male,Eligible,,Yes,2026-07-30T20:12:28.577992
SCR-000651,CRC-GLB-301,SITE-0027,INV-0054,CAN,2025-02-10,MQ,64,Female,Eligible,,Yes,2026-07-30T20:12:28.577992
SCR-000652,CRC-GLB-301,SITE-0048,INV-0095,DEU,2025-11-12,GB,27,Female,Eligible,,Yes,2026-07-30T20:12:28.577992
SCR-000653,CRC-GLB-301,SITE-0010,INV-0019,SGP,2025-09-23,CS,67,Male,Eligible,,Yes,2026-07-30T20:12:28.577992
SCR-000654,CRC-GLB-301,SITE-0025,INV-0049,CAN,2025-10-19,QE,71,Male,Eligible,,Yes,2026-07-30T20:12:28.577992
SCR-000655,CRC-GLB-301,SITE-0046,INV-0092,DEU,2025-12-26,RW,39,Male,Eligible,,Yes,2026-07-30T20:12:28.577992
SCR-000656,CRC-GLB-301,SITE-0052,INV-0104,ZAF,2025-12-03,EZ,74,Female,Eligible,,Yes,2026-07-30T20:12:28.577992
SCR-000657,CRC-GLB-301,SITE-0041,INV-0082,DEU,2025-07-10,KQ,59,Male,Eligible,,Yes,2026-07-30T20:12:28.577992
SCR-000658,CRC-GLB-301,SITE-0028,INV-0056,CAN,2025-10-09,YG,75,Female,Eligible,,Yes,2026-07-30T20:12:28.577992
SCR-000659,CRC-GLB-301,SITE-0051,INV-0101,ZAF,2025-01-18,ZP,84,Male,Eligible,,Yes,2026-07-30T20:12:28.577992
SCR-000660,CRC-GLB-301,SITE-0039,INV-0077,GBR,2025-06-03,ZF,58,Male,Eligible,,Yes,2026-07-30T20:12:28.577992
SCR-000661,CRC-GLB-301,SITE-0036,INV-0071,GBR,2025-02-18,AJ,35,Female,Eligible,,Yes,2026-07-30T20:12:28.577992
SCR-000662,CRC-GLB-301,SITE-0047,INV-0093,DEU,2025-05-12,VC,69,Male,Screen Failure,Exclusion Criteria Met,Yes,2026-07-30T20:12:28.577992
SCR-000663,CRC-GLB-301,SITE-0010,INV-0020,SGP,2025-09-05,EV,30,Female,Eligible,,Yes,2026-07-30T20:12:28.577992
SCR-000664,CRC-GLB-301,SITE-0005,INV-0010,IND,2025-02-10,UX,60,Female,Eligible,,Yes,2026-07-30T20:12:28.577992
SCR-000665,CRC-GLB-301,SITE-0056,INV-0112,ZAF,2025-03-03,WF,19,Female,Eligible,,Yes,2026-07-30T20:12:28.577992
SCR-000666,CRC-GLB-301,SITE-0007,INV-0014,IND,2025-09-26,BO,37,Female,Eligible,,Yes,2026-07-30T20:12:28.577992
SCR-000667,CRC-GLB-301,SITE-0029,INV-0057,CAN,2025-01-26,RZ,75,Male,Eligible,,Yes,2026-07-30T20:12:28.577992
SCR-000668,CRC-GLB-301,SITE-0029,INV-0058,CAN,2025-05-29,UD,61,Male,Eligible,,Yes,2026-07-30T20:12:28.577992
SCR-000669,CRC-GLB-301,SITE-0061,INV-0121,KEN,2025-10-08,KC,82,Female,Eligible,,Yes,2026-07-30T20:12:28.577992
SCR-000670,CRC-GLB-301,SITE-0017,INV-0033,USA,2025-09-04,OM,43,Male,Eligible,,Yes,2026-07-30T20:12:28.577992
SCR-000671,CRC-GLB-301,SITE-0032,INV-0063,CAN,2025-05-17,UI,29,Male,Eligible,,Yes,2026-07-30T20:12:28.577992
SCR-000672,CRC-GLB-301,SITE-0053,INV-0106,ZAF,2025-06-28,EI,21,Female,Screen Failure,Abnormal Laboratory Values,Yes,2026-07-30T20:12:28.577992
SCR-000673,CRC-GLB-301,SITE-0022,INV-0044,USA,2025-11-12,VU,36,Female,Eligible,,Yes,2026-07-30T20:12:28.577992
SCR-000674,CRC-GLB-301,SITE-0006,INV-0011,IND,2025-04-13,RE,28,Male,Eligible,,Yes,2026-07-30T20:12:28.577992
SCR-000675,CRC-GLB-301,SITE-0007,INV-0013,IND,2025-11-14,YW,54,Male,Eligible,,Yes,2026-07-30T20:12:28.577992
SCR-000676,CRC-GLB-301,SITE-0044,INV-0087,DEU,2025-08-19,MI,45,Male,Screen Failure,Abnormal Laboratory Values,Yes,2026-07-30T20:12:28.577992
SCR-000677,CRC-GLB-301,SITE-0034,INV-0068,GBR,2025-11-15,SD,20,Female,Eligible,,Yes,2026-07-30T20:12:28.577992
SCR-000678,CRC-GLB-301,SITE-0006,INV-0012,IND,2025-03-29,BF,52,Male,Eligible,,Yes,2026-07-30T20:12:28.577992
SCR-000679,CRC-GLB-301,SITE-0060,INV-0119,KEN,2025-07-18,RR,64,Male,Screen Failure,Inclusion Criteria Not Met,Yes,2026-07-30T20:12:28.577992
SCR-000680,CRC-GLB-301,SITE-0003,INV-0006,IND,2025-04-29,ZN,30,Female,Screen Failure,Withdrew Consent,Yes,2026-07-30T20:12:28.577992
SCR-000681,CRC-GLB-301,SITE-0063,INV-0125,KEN,2025-04-12,NL,20,Male,Screen Failure,Exclusion Criteria Met,Yes,2026-07-30T20:12:28.577992
SCR-000682,CRC-GLB-301,SITE-0032,INV-0064,CAN,2025-06-20,MT,20,Female,Eligible,,Yes,2026-07-30T20:12:28.577992
SCR-000683,CRC-GLB-301,SITE-0046,INV-0092,DEU,2025-11-17,HZ,82,Female,Eligible,,Yes,2026-07-30T20:12:28.577992
SCR-000684,CRC-GLB-301,SITE-0008,INV-0016,IND,2025-07-18,XV,21,Female,Eligible,,Yes,2026-07-30T20:12:28.577992
SCR-000685,CRC-GLB-301,SITE-0029,INV-0057,CAN,2025-07-21,RC,66,Male,Screen Failure,Abnormal Laboratory Values,Yes,2026-07-30T20:12:28.577992
SCR-000686,CRC-GLB-301,SITE-0054,INV-0107,ZAF,2025-10-21,DZ,60,Female,Eligible,,Yes,2026-07-30T20:12:28.577992
SCR-000687,CRC-GLB-301,SITE-0017,INV-0033,USA,2025-12-01,DO,43,Male,Eligible,,Yes,2026-07-30T20:12:28.577992
SCR-000688,CRC-GLB-301,SITE-0040,INV-0079,GBR,2025-08-09,ZZ,36,Male,Eligible,,Yes,2026-07-30T20:12:28.577992
SCR-000689,CRC-GLB-301,SITE-0041,INV-0081,DEU,2025-10-13,NS,41,Female,Eligible,,Yes,2026-07-30T20:12:28.577992
SCR-000690,CRC-GLB-301,SITE-0019,INV-0037,USA,2025-06-13,WK,70,Female,Eligible,,Yes,2026-07-30T20:12:28.577992
SCR-000691,CRC-GLB-301,SITE-0057,INV-0114,KEN,2025-03-19,UC,41,Male,Eligible,,Yes,2026-07-30T20:12:28.577992
SCR-000692,CRC-GLB-301,SITE-0035,INV-0069,GBR,2025-11-02,GR,63,Male,Eligible,,Yes,2026-07-30T20:12:28.577992
SCR-000693,CRC-GLB-301,SITE-0062,INV-0123,KEN,2025-09-15,VM,65,Male,Eligible,,Yes,2026-07-30T20:12:28.577992
SCR-000694,CRC-GLB-301,SITE-0050,INV-0100,ZAF,2025-08-31,DF,22,Female,Eligible,,Yes,2026-07-30T20:12:28.577992
SCR-000695,CRC-GLB-301,SITE-0002,INV-0004,IND,2025-07-31,FR,43,Male,Eligible,,Yes,2026-07-30T20:12:28.577992
SCR-000696,CRC-GLB-301,SITE-0009,INV-0017,SGP,2025-08-13,WM,59,Female,Eligible,,Yes,2026-07-30T20:12:28.577992
SCR-000697,CRC-GLB-301,SITE-0032,INV-0064,CAN,2025-07-27,UP,66,Female,Eligible,,Yes,2026-07-30T20:12:28.577992
SCR-000698,CRC-GLB-301,SITE-0051,INV-0101,ZAF,2025-09-24,CL,23,Male,Eligible,,Yes,2026-07-30T20:12:28.577992
SCR-000699,CRC-GLB-301,SITE-0051,INV-0101,ZAF,2025-10-13,KT,24,Male,Eligible,,Yes,2026-07-30T20:12:28.577992
SCR-000700,CRC-GLB-301,SITE-0038,INV-0076,GBR,2025-07-23,WU,54,Female,Eligible,,Yes,2026-07-30T20:12:28.577992
SCR-000701,CRC-GLB-301,SITE-0022,INV-0044,USA,2025-05-31,PB,84,Male,Eligible,,Yes,2026-07-30T20:12:28.577992
SCR-000702,CRC-GLB-301,SITE-0060,INV-0120,KEN,2025-02-16,SC,35,Female,Eligible,,Yes,2026-07-30T20:12:28.577992
SCR-000703,CRC-GLB-301,SITE-0053,INV-0106,ZAF,2025-08-19,AL,43,Female,Eligible,,Yes,2026-07-30T20:12:28.577992
SCR-000704,CRC-GLB-301,SITE-0012,INV-0024,SGP,2025-06-15,RX,38,Male,Eligible,,Yes,2026-07-30T20:12:28.577992
SCR-000705,CRC-GLB-301,SITE-0012,INV-0023,SGP,2025-12-28,LJ,85,Female,Eligible,,Yes,2026-07-30T20:12:28.577992
SCR-000706,CRC-GLB-301,SITE-0021,INV-0042,USA,2025-01-23,TX,37,Male,Screen Failure,Withdrew Consent,Yes,2026-07-30T20:12:28.577992
SCR-000707,CRC-GLB-301,SITE-0019,INV-0037,USA,2025-12-31,BI,75,Female,Eligible,,Yes,2026-07-30T20:12:28.577992
SCR-000708,CRC-GLB-301,SITE-0024,INV-0047,USA,2025-04-14,AT,19,Female,Screen Failure,Exclusion Criteria Met,Yes,2026-07-30T20:12:28.577992
SCR-000709,CRC-GLB-301,SITE-0064,INV-0128,KEN,2025-10-06,UP,81,Male,Eligible,,Yes,2026-07-30T20:12:28.577992
SCR-000710,CRC-GLB-301,SITE-0028,INV-0056,CAN,2025-08-21,KC,18,Male,Eligible,,Yes,2026-07-30T20:12:28.577992
SCR-000711,CRC-GLB-301,SITE-0036,INV-0071,GBR,2025-01-26,EB,62,Male,Eligible,,Yes,2026-07-30T20:12:28.577992
SCR-000712,CRC-GLB-301,SITE-0019,INV-0037,USA,2025-12-08,PP,60,Male,Eligible,,Yes,2026-07-30T20:12:28.577992
SCR-000713,CRC-GLB-301,SITE-0007,INV-0013,IND,2025-08-02,ZE,54,Male,Eligible,,Yes,2026-07-30T20:12:28.577992
SCR-000714,CRC-GLB-301,SITE-0059,INV-0118,KEN,2025-01-19,CH,65,Female,Eligible,,Yes,2026-07-30T20:12:28.577992
SCR-000715,CRC-GLB-301,SITE-0009,INV-0018,SGP,2025-10-09,BM,33,Female,Eligible,,Yes,2026-07-30T20:12:28.577992
SCR-000716,CRC-GLB-301,SITE-0043,INV-0086,DEU,2025-12-23,FB,85,Male,Screen Failure,Exclusion Criteria Met,Yes,2026-07-30T20:12:28.577992
SCR-000717,CRC-GLB-301,SITE-0062,INV-0124,KEN,2025-11-08,WG,63,Male,Screen Failure,Withdrew Consent,Yes,2026-07-30T20:12:28.577992
SCR-000718,CRC-GLB-301,SITE-0064,INV-0128,KEN,2025-04-03,WG,55,Male,Screen Failure,Withdrew Consent,Yes,2026-07-30T20:12:28.577992
SCR-000719,CRC-GLB-301,SITE-0001,INV-0001,IND,2025-01-13,MU,44,Female,Eligible,,Yes,2026-07-30T20:12:28.577992
SCR-000720,CRC-GLB-301,SITE-0053,INV-0105,ZAF,2025-06-20,JU,45,Male,Eligible,,Yes,2026-07-30T20:12:28.577992
SCR-000721,CRC-GLB-301,SITE-0026,INV-0052,CAN,2025-02-04,IN,59,Male,Screen Failure,Abnormal Laboratory Values,Yes,2026-07-30T20:12:28.577992
SCR-000722,CRC-GLB-301,SITE-0015,INV-0030,SGP,2025-06-24,KO,21,Male,Eligible,,Yes,2026-07-30T20:12:28.577992
SCR-000723,CRC-GLB-301,SITE-0025,INV-0050,CAN,2025-06-23,XM,78,Male,Eligible,,Yes,2026-07-30T20:12:28.577992
SCR-000724,CRC-GLB-301,SITE-0018,INV-0036,USA,2025-03-21,QX,60,Female,Eligible,,Yes,2026-07-30T20:12:28.577992
SCR-000725,CRC-GLB-301,SITE-0053,INV-0105,ZAF,2025-09-24,HS,58,Male,Eligible,,Yes,2026-07-30T20:12:28.577992
SCR-000726,CRC-GLB-301,SITE-0027,INV-0054,CAN,2025-02-03,ZH,21,Female,Screen Failure,Abnormal Laboratory Values,Yes,2026-07-30T20:12:28.577992
SCR-000727,CRC-GLB-301,SITE-0049,INV-0097,ZAF,2025-10-20,PE,32,Female,Eligible,,Yes,2026-07-30T20:12:28.577992
SCR-000728,CRC-GLB-301,SITE-0041,INV-0081,DEU,2025-07-31,CW,65,Female,Screen Failure,Abnormal Laboratory Values,Yes,2026-07-30T20:12:28.577992
SCR-000729,CRC-GLB-301,SITE-0039,INV-0077,GBR,2025-09-26,HC,22,Male,Eligible,,Yes,2026-07-30T20:12:28.577992
SCR-000730,CRC-GLB-301,SITE-0012,INV-0024,SGP,2025-09-17,AM,82,Male,Eligible,,Yes,2026-07-30T20:12:28.577992
SCR-000731,CRC-GLB-301,SITE-0025,INV-0050,CAN,2025-09-05,TN,59,Male,Eligible,,Yes,2026-07-30T20:12:28.577992
SCR-000732,CRC-GLB-301,SITE-0013,INV-0025,SGP,2025-01-19,LS,84,Male,Screen Failure,Exclusion Criteria Met,Yes,2026-07-30T20:12:28.577992
SCR-000733,CRC-GLB-301,SITE-0001,INV-0002,IND,2025-01-23,RP,29,Female,Eligible,,Yes,2026-07-30T20:12:28.577992
SCR-000734,CRC-GLB-301,SITE-0060,INV-0119,KEN,2025-02-22,NR,57,Male,Eligible,,Yes,2026-07-30T20:12:28.577992
SCR-000735,CRC-GLB-301,SITE-0040,INV-0079,GBR,2025-06-14,FH,58,Female,Eligible,,Yes,2026-07-30T20:12:28.577992
SCR-000736,CRC-GLB-301,SITE-0016,INV-0032,SGP,2025-03-22,HA,83,Male,Screen Failure,Exclusion Criteria Met,Yes,2026-07-30T20:12:28.577992
SCR-000737,CRC-GLB-301,SITE-0027,INV-0054,CAN,2025-10-09,ID,54,Male,Eligible,,Yes,2026-07-30T20:12:28.577992
SCR-000738,CRC-GLB-301,SITE-0022,INV-0043,USA,2025-11-10,XO,24,Male,Screen Failure,Abnormal Laboratory Values,Yes,2026-07-30T20:12:28.577992
SCR-000739,CRC-GLB-301,SITE-0004,INV-0008,IND,2025-12-12,BJ,29,Female,Eligible,,Yes,2026-07-30T20:12:28.577992
SCR-000740,CRC-GLB-301,SITE-0051,INV-0101,ZAF,2025-12-27,PP,75,Female,Eligible,,Yes,2026-07-30T20:12:28.577992
SCR-000741,CRC-GLB-301,SITE-0040,INV-0080,GBR,2025-04-12,SR,28,Female,Eligible,,Yes,2026-07-30T20:12:28.577992
SCR-000742,CRC-GLB-301,SITE-0017,INV-0033,USA,2025-12-24,ML,77,Female,Eligible,,Yes,2026-07-30T20:12:28.577992
SCR-000743,CRC-GLB-301,SITE-0030,INV-0059,CAN,2025-03-15,WQ,64,Female,Eligible,,Yes,2026-07-30T20:12:28.577992
SCR-000744,CRC-GLB-301,SITE-0024,INV-0048,USA,2025-06-16,LA,78,Male,Eligible,,Yes,2026-07-30T20:12:28.577992
SCR-000745,CRC-GLB-301,SITE-0045,INV-0090,DEU,2025-08-25,VH,62,Male,Eligible,,Yes,2026-07-30T20:12:28.577992
SCR-000746,CRC-GLB-301,SITE-0014,INV-0028,SGP,2025-06-16,OB,56,Female,Screen Failure,Inclusion Criteria Not Met,Yes,2026-07-30T20:12:28.577992
SCR-000747,CRC-GLB-301,SITE-0052,INV-0104,ZAF,2025-05-03,QO,79,Female,Eligible,,Yes,2026-07-30T20:12:28.577992
SCR-000748,CRC-GLB-301,SITE-0009,INV-0018,SGP,2025-04-17,VP,73,Female,Eligible,,Yes,2026-07-30T20:12:28.577992
SCR-000749,CRC-GLB-301,SITE-0031,INV-0061,CAN,2025-12-31,OM,77,Female,Screen Failure,Inclusion Criteria Not Met,Yes,2026-07-30T20:12:28.577992
SCR-000750,CRC-GLB-301,SITE-0013,INV-0026,SGP,2025-04-01,IK,31,Female,Eligible,,Yes,2026-07-30T20:12:28.577992
SCR-000751,CRC-GLB-301,SITE-0042,INV-0084,DEU,2025-11-27,RC,35,Male,Eligible,,Yes,2026-07-30T20:12:28.577992
SCR-000752,CRC-GLB-301,SITE-0019,INV-0037,USA,2025-09-30,HQ,75,Male,Screen Failure,Withdrew Consent,Yes,2026-07-30T20:12:28.577992
SCR-000753,CRC-GLB-301,SITE-0027,INV-0054,CAN,2025-06-03,OX,56,Female,Eligible,,Yes,2026-07-30T20:12:28.577992
SCR-000754,CRC-GLB-301,SITE-0045,INV-0089,DEU,2025-10-26,AZ,69,Male,Eligible,,Yes,2026-07-30T20:12:28.577992
SCR-000755,CRC-GLB-301,SITE-0038,INV-0075,GBR,2025-07-09,XZ,18,Female,Eligible,,Yes,2026-07-30T20:12:28.577992
SCR-000756,CRC-GLB-301,SITE-0015,INV-0030,SGP,2025-05-01,LP,58,Female,Screen Failure,Inclusion Criteria Not Met,Yes,2026-07-30T20:12:28.577992
SCR-000757,CRC-GLB-301,SITE-0052,INV-0104,ZAF,2025-08-11,OR,78,Male,Eligible,,Yes,2026-07-30T20:12:28.577992
SCR-000758,CRC-GLB-301,SITE-0025,INV-0050,CAN,2025-07-04,VE,34,Male,Eligible,,Yes,2026-07-30T20:12:28.577992
SCR-000759,CRC-GLB-301,SITE-0002,INV-0003,IND,2025-03-15,SM,73,Male,Screen Failure,Inclusion Criteria Not Met,Yes,2026-07-30T20:12:28.577992
SCR-000760,CRC-GLB-301,SITE-0011,INV-0021,SGP,2025-08-22,XS,72,Male,Screen Failure,Withdrew Consent,Yes,2026-07-30T20:12:28.577992
SCR-000761,CRC-GLB-301,SITE-0059,INV-0118,KEN,2025-10-10,VK,46,Male,Eligible,,Yes,2026-07-30T20:12:28.577992
SCR-000762,CRC-GLB-301,SITE-0055,INV-0109,ZAF,2025-10-23,MT,82,Female,Eligible,,Yes,2026-07-30T20:12:28.577992
SCR-000763,CRC-GLB-301,SITE-0053,INV-0106,ZAF,2025-01-18,ZO,65,Male,Eligible,,Yes,2026-07-30T20:12:28.577992
SCR-000764,CRC-GLB-301,SITE-0062,INV-0123,KEN,2025-03-14,SN,53,Female,Eligible,,Yes,2026-07-30T20:12:28.577992
SCR-000765,CRC-GLB-301,SITE-0011,INV-0021,SGP,2025-05-06,MT,27,Female,Eligible,,Yes,2026-07-30T20:12:28.577992
SCR-000766,CRC-GLB-301,SITE-0007,INV-0014,IND,2025-10-01,UM,83,Female,Eligible,,Yes,2026-07-30T20:12:28.577992
SCR-000767,CRC-GLB-301,SITE-0043,INV-0086,DEU,2025-06-30,YU,55,Male,Eligible,,Yes,2026-07-30T20:12:28.577992
SCR-000768,CRC-GLB-301,SITE-0005,INV-0010,IND,2025-02-01,QP,24,Female,Screen Failure,Abnormal Laboratory Values,Yes,2026-07-30T20:12:28.577992
SCR-000769,CRC-GLB-301,SITE-0004,INV-0008,IND,2025-09-06,CN,53,Female,Eligible,,Yes,2026-07-30T20:12:28.577992
SCR-000770,CRC-GLB-301,SITE-0017,INV-0034,USA,2025-05-12,AC,40,Male,Screen Failure,Abnormal Laboratory Values,Yes,2026-07-30T20:12:28.577992
SCR-000771,CRC-GLB-301,SITE-0058,INV-0116,KEN,2025-03-31,GS,80,Male,Eligible,,Yes,2026-07-30T20:12:28.577992
SCR-000772,CRC-GLB-301,SITE-0005,INV-0010,IND,2025-03-16,PV,81,Female,Screen Failure,Inclusion Criteria Not Met,Yes,2026-07-30T20:12:28.577992
SCR-000773,CRC-GLB-301,SITE-0050,INV-0099,ZAF,2025-12-05,LQ,44,Female,Eligible,,Yes,2026-07-30T20:12:28.577992
SCR-000774,CRC-GLB-301,SITE-0007,INV-0014,IND,2025-03-01,BM,78,Female,Eligible,,Yes,2026-07-30T20:12:28.577992
SCR-000775,CRC-GLB-301,SITE-0061,INV-0121,KEN,2025-12-16,SM,36,Female,Screen Failure,Withdrew Consent,Yes,2026-07-30T20:12:28.577992
SCR-000776,CRC-GLB-301,SITE-0002,INV-0004,IND,2025-08-18,JI,85,Male,Eligible,,Yes,2026-07-30T20:12:28.577992
SCR-000777,CRC-GLB-301,SITE-0013,INV-0026,SGP,2025-08-10,PQ,52,Female,Eligible,,Yes,2026-07-30T20:12:28.577992
SCR-000778,CRC-GLB-301,SITE-0035,INV-0070,GBR,2025-02-20,GP,77,Male,Eligible,,Yes,2026-07-30T20:12:28.577992
SCR-000779,CRC-GLB-301,SITE-0025,INV-0050,CAN,2025-12-13,RE,19,Male,Eligible,,Yes,2026-07-30T20:12:28.577992
SCR-000780,CRC-GLB-301,SITE-0009,INV-0017,SGP,2025-07-30,CC,75,Female,Eligible,,Yes,2026-07-30T20:12:28.577992
SCR-000781,CRC-GLB-301,SITE-0029,INV-0058,CAN,2025-05-09,FA,29,Male,Eligible,,Yes,2026-07-30T20:12:28.577992
SCR-000782,CRC-GLB-301,SITE-0028,INV-0055,CAN,2025-12-29,YC,34,Female,Eligible,,Yes,2026-07-30T20:12:28.577992
SCR-000783,CRC-GLB-301,SITE-0024,INV-0047,USA,2025-12-23,EH,27,Female,Eligible,,Yes,2026-07-30T20:12:28.577992
SCR-000784,CRC-GLB-301,SITE-0036,INV-0072,GBR,2025-12-21,XU,59,Female,Eligible,,Yes,2026-07-30T20:12:28.577992
SCR-000785,CRC-GLB-301,SITE-0021,INV-0041,USA,2025-05-22,UJ,60,Male,Eligible,,Yes,2026-07-30T20:12:28.577992
SCR-000786,CRC-GLB-301,SITE-0034,INV-0068,GBR,2025-08-14,BZ,43,Female,Screen Failure,Exclusion Criteria Met,Yes,2026-07-30T20:12:28.577992
SCR-000787,CRC-GLB-301,SITE-0023,INV-0046,USA,2025-02-25,DT,45,Male,Eligible,,Yes,2026-07-30T20:12:28.577992
SCR-000788,CRC-GLB-301,SITE-0057,INV-0114,KEN,2025-02-22,AB,50,Female,Eligible,,Yes,2026-07-30T20:12:28.577992
SCR-000789,CRC-GLB-301,SITE-0003,INV-0006,IND,2025-03-18,QA,22,Female,Eligible,,Yes,2026-07-30T20:12:28.577992
SCR-000790,CRC-GLB-301,SITE-0035,INV-0069,GBR,2025-07-20,ON,80,Female,Screen Failure,Abnormal Laboratory Values,Yes,2026-07-30T20:12:28.577992
SCR-000791,CRC-GLB-301,SITE-0056,INV-0112,ZAF,2025-02-05,OA,79,Male,Eligible,,Yes,2026-07-30T20:12:28.577992
SCR-000792,CRC-GLB-301,SITE-0046,INV-0092,DEU,2025-12-16,HB,29,Female,Eligible,,Yes,2026-07-30T20:12:28.577992
SCR-000793,CRC-GLB-301,SITE-0044,INV-0087,DEU,2025-08-24,TH,43,Male,Eligible,,Yes,2026-07-30T20:12:28.577992
SCR-000794,CRC-GLB-301,SITE-0006,INV-0012,IND,2025-12-05,ES,31,Female,Eligible,,Yes,2026-07-30T20:12:28.577992
SCR-000795,CRC-GLB-301,SITE-0063,INV-0125,KEN,2025-11-20,LE,22,Male,Eligible,,Yes,2026-07-30T20:12:28.577992
SCR-000796,CRC-GLB-301,SITE-0004,INV-0007,IND,2025-07-19,BO,57,Female,Screen Failure,Withdrew Consent,Yes,2026-07-30T20:12:28.577992
SCR-000797,CRC-GLB-301,SITE-0058,INV-0115,KEN,2025-06-23,BU,23,Female,Screen Failure,Inclusion Criteria Not Met,Yes,2026-07-30T20:12:28.577992
SCR-000798,CRC-GLB-301,SITE-0016,INV-0031,SGP,2025-12-01,RL,37,Male,Eligible,,Yes,2026-07-30T20:12:28.577992
SCR-000799,CRC-GLB-301,SITE-0010,INV-0019,SGP,2025-03-14,MA,23,Male,Eligible,,Yes,2026-07-30T20:12:28.577992
SCR-000800,CRC-GLB-301,SITE-0017,INV-0033,USA,2025-11-20,BH,30,Female,Screen Failure,Exclusion Criteria Met,Yes,2026-07-30T20:12:28.577992
SCR-000801,CRC-GLB-301,SITE-0022,INV-0043,USA,2025-02-24,CP,46,Male,Eligible,,Yes,2026-07-30T20:12:28.577992
SCR-000802,CRC-GLB-301,SITE-0026,INV-0052,CAN,2025-06-22,VZ,69,Female,Eligible,,Yes,2026-07-30T20:12:28.577992
SCR-000803,CRC-GLB-301,SITE-0016,INV-0031,SGP,2025-06-14,VU,23,Male,Eligible,,Yes,2026-07-30T20:12:28.577992
SCR-000804,CRC-GLB-301,SITE-0043,INV-0085,DEU,2025-03-03,HT,39,Female,Eligible,,Yes,2026-07-30T20:12:28.577992
SCR-000805,CRC-GLB-301,SITE-0022,INV-0044,USA,2025-05-05,YB,30,Female,Eligible,,Yes,2026-07-30T20:12:28.577992
SCR-000806,CRC-GLB-301,SITE-0021,INV-0041,USA,2025-09-07,CA,29,Female,Eligible,,Yes,2026-07-30T20:12:28.577992
SCR-000807,CRC-GLB-301,SITE-0054,INV-0108,ZAF,2025-04-16,DH,75,Female,Screen Failure,Exclusion Criteria Met,Yes,2026-07-30T20:12:28.577992
SCR-000808,CRC-GLB-301,SITE-0031,INV-0061,CAN,2025-11-02,EM,29,Female,Screen Failure,Inclusion Criteria Not Met,Yes,2026-07-30T20:12:28.577992
SCR-000809,CRC-GLB-301,SITE-0045,INV-0090,DEU,2025-01-03,OE,85,Male,Eligible,,Yes,2026-07-30T20:12:28.577992
SCR-000810,CRC-GLB-301,SITE-0047,INV-0093,DEU,2025-08-26,UR,53,Male,Eligible,,Yes,2026-07-30T20:12:28.577992
SCR-000811,CRC-GLB-301,SITE-0025,INV-0049,CAN,2025-12-17,VX,81,Male,Screen Failure,Exclusion Criteria Met,Yes,2026-07-30T20:12:28.577992
SCR-000812,CRC-GLB-301,SITE-0021,INV-0041,USA,2025-11-27,JF,50,Female,Screen Failure,Inclusion Criteria Not Met,Yes,2026-07-30T20:12:28.577992
SCR-000813,CRC-GLB-301,SITE-0059,INV-0117,KEN,2025-02-23,TY,40,Male,Eligible,,Yes,2026-07-30T20:12:28.577992
SCR-000814,CRC-GLB-301,SITE-0004,INV-0008,IND,2025-02-06,XS,59,Female,Screen Failure,Inclusion Criteria Not Met,Yes,2026-07-30T20:12:28.577992
SCR-000815,CRC-GLB-301,SITE-0026,INV-0052,CAN,2025-02-26,IC,70,Male,Screen Failure,Exclusion Criteria Met,Yes,2026-07-30T20:12:28.577992
SCR-000816,CRC-GLB-301,SITE-0049,INV-0097,ZAF,2025-02-07,MM,73,Male,Eligible,,Yes,2026-07-30T20:12:28.577992
SCR-000817,CRC-GLB-301,SITE-0028,INV-0056,CAN,2025-04-02,KD,42,Female,Eligible,,Yes,2026-07-30T20:12:28.577992
SCR-000818,CRC-GLB-301,SITE-0035,INV-0069,GBR,2025-06-21,DR,25,Female,Eligible,,Yes,2026-07-30T20:12:28.577992
SCR-000819,CRC-GLB-301,SITE-0018,INV-0035,USA,2025-08-27,LE,61,Male,Eligible,,Yes,2026-07-30T20:12:28.577992
SCR-000820,CRC-GLB-301,SITE-0038,INV-0075,GBR,2025-11-23,YX,47,Male,Eligible,,Yes,2026-07-30T20:12:28.577992
SCR-000821,CRC-GLB-301,SITE-0053,INV-0106,ZAF,2025-10-30,MM,19,Female,Screen Failure,Exclusion Criteria Met,Yes,2026-07-30T20:12:28.577992
SCR-000822,CRC-GLB-301,SITE-0032,INV-0063,CAN,2025-06-17,LF,37,Male,Eligible,,Yes,2026-07-30T20:12:28.577992
SCR-000823,CRC-GLB-301,SITE-0054,INV-0107,ZAF,2025-01-21,ZT,82,Male,Eligible,,Yes,2026-07-30T20:12:28.577992
SCR-000824,CRC-GLB-301,SITE-0055,INV-0110,ZAF,2025-09-03,VS,30,Female,Eligible,,Yes,2026-07-30T20:12:28.577992
SCR-000825,CRC-GLB-301,SITE-0064,INV-0127,KEN,2025-02-12,OA,70,Male,Eligible,,Yes,2026-07-30T20:12:28.577992
SCR-000826,CRC-GLB-301,SITE-0017,INV-0034,USA,2025-05-03,QC,79,Female,Screen Failure,Abnormal Laboratory Values,Yes,2026-07-30T20:12:28.577992
SCR-000827,CRC-GLB-301,SITE-0021,INV-0042,USA,2025-10-20,TA,76,Female,Eligible,,Yes,2026-07-30T20:12:28.577992
SCR-000828,CRC-GLB-301,SITE-0018,INV-0036,USA,2025-04-05,UJ,77,Male,Eligible,,Yes,2026-07-30T20:12:28.577992
SCR-000829,CRC-GLB-301,SITE-0010,INV-0020,SGP,2025-12-20,IA,72,Female,Eligible,,Yes,2026-07-30T20:12:28.577992
SCR-000830,CRC-GLB-301,SITE-0027,INV-0053,CAN,2025-11-14,WT,25,Female,Eligible,,Yes,2026-07-30T20:12:28.577992
SCR-000831,CRC-GLB-301,SITE-0007,INV-0013,IND,2025-07-16,JQ,64,Female,Eligible,,Yes,2026-07-30T20:12:28.577992
SCR-000832,CRC-GLB-301,SITE-0023,INV-0045,USA,2025-10-15,SF,60,Male,Eligible,,Yes,2026-07-30T20:12:28.577992
SCR-000833,CRC-GLB-301,SITE-0015,INV-0030,SGP,2025-10-25,WS,46,Female,Eligible,,Yes,2026-07-30T20:12:28.577992
SCR-000834,CRC-GLB-301,SITE-0046,INV-0092,DEU,2025-09-15,RH,26,Female,Eligible,,Yes,2026-07-30T20:12:28.577992
SCR-000835,CRC-GLB-301,SITE-0045,INV-0090,DEU,2025-09-06,NV,78,Female,Eligible,,Yes,2026-07-30T20:12:28.577992
SCR-000836,CRC-GLB-301,SITE-0058,INV-0116,KEN,2025-12-11,YV,26,Male,Eligible,,Yes,2026-07-30T20:12:28.577992
SCR-000837,CRC-GLB-301,SITE-0059,INV-0117,KEN,2025-07-20,XH,27,Male,Screen Failure,Inclusion Criteria Not Met,Yes,2026-07-30T20:12:28.577992
SCR-000838,CRC-GLB-301,SITE-0022,INV-0044,USA,2025-02-27,SM,44,Male,Eligible,,Yes,2026-07-30T20:12:28.577992
SCR-000839,CRC-GLB-301,SITE-0038,INV-0076,GBR,2025-12-16,OD,62,Female,Eligible,,Yes,2026-07-30T20:12:28.577992
SCR-000840,CRC-GLB-301,SITE-0057,INV-0113,KEN,2025-05-30,EA,47,Female,Eligible,,Yes,2026-07-30T20:12:28.577992
SCR-000841,CRC-GLB-301,SITE-0053,INV-0106,ZAF,2025-12-02,QI,85,Female,Eligible,,Yes,2026-07-30T20:12:28.577992
SCR-000842,CRC-GLB-301,SITE-0059,INV-0118,KEN,2025-10-18,DU,39,Female,Eligible,,Yes,2026-07-30T20:12:28.577992
SCR-000843,CRC-GLB-301,SITE-0030,INV-0060,CAN,2025-07-10,ZU,24,Male,Eligible,,Yes,2026-07-30T20:12:28.577992
SCR-000844,CRC-GLB-301,SITE-0046,INV-0092,DEU,2025-03-27,QE,54,Male,Screen Failure,Withdrew Consent,Yes,2026-07-30T20:12:28.577992
SCR-000845,CRC-GLB-301,SITE-0023,INV-0045,USA,2025-03-24,GB,58,Male,Eligible,,Yes,2026-07-30T20:12:28.577992
SCR-000846,CRC-GLB-301,SITE-0057,INV-0114,KEN,2025-07-09,EO,22,Female,Eligible,,Yes,2026-07-30T20:12:28.577992
SCR-000847,CRC-GLB-301,SITE-0045,INV-0089,DEU,2025-07-10,LZ,56,Male,Eligible,,Yes,2026-07-30T20:12:28.577992
SCR-000848,CRC-GLB-301,SITE-0004,INV-0008,IND,2025-03-16,YY,37,Male,Screen Failure,Withdrew Consent,Yes,2026-07-30T20:12:28.577992
SCR-000849,CRC-GLB-301,SITE-0043,INV-0086,DEU,2025-08-31,XZ,36,Female,Eligible,,Yes,2026-07-30T20:12:28.577992
SCR-000850,CRC-GLB-301,SITE-0044,INV-0087,DEU,2025-09-03,XD,32,Female,Eligible,,Yes,2026-07-30T20:12:28.577992
SCR-000851,CRC-GLB-301,SITE-0004,INV-0008,IND,2025-11-13,VL,29,Female,Eligible,,Yes,2026-07-30T20:12:28.577992
SCR-000852,CRC-GLB-301,SITE-0008,INV-0015,IND,2025-10-26,NU,53,Male,Eligible,,Yes,2026-07-30T20:12:28.577992
SCR-000853,CRC-GLB-301,SITE-0003,INV-0005,IND,2025-10-03,WR,29,Female,Eligible,,Yes,2026-07-30T20:12:28.577992
SCR-000854,CRC-GLB-301,SITE-0025,INV-0050,CAN,2025-11-05,PY,64,Female,Screen Failure,Abnormal Laboratory Values,Yes,2026-07-30T20:12:28.577992
SCR-000855,CRC-GLB-301,SITE-0019,INV-0038,USA,2025-07-09,KA,62,Female,Eligible,,Yes,2026-07-30T20:12:28.577992
SCR-000856,CRC-GLB-301,SITE-0040,INV-0080,GBR,2025-10-15,CS,74,Female,Eligible,,Yes,2026-07-30T20:12:28.577992
SCR-000857,CRC-GLB-301,SITE-0057,INV-0114,KEN,2025-03-25,UZ,72,Female,Eligible,,Yes,2026-07-30T20:12:28.577992
SCR-000858,CRC-GLB-301,SITE-0018,INV-0035,USA,2025-03-15,FM,85,Female,Eligible,,Yes,2026-07-30T20:12:28.577992
SCR-000859,CRC-GLB-301,SITE-0009,INV-0018,SGP,2025-02-15,AQ,52,Female,Eligible,,Yes,2026-07-30T20:12:28.577992
SCR-000860,CRC-GLB-301,SITE-0023,INV-0046,USA,2025-12-30,OX,43,Male,Eligible,,Yes,2026-07-30T20:12:28.577992
SCR-000861,CRC-GLB-301,SITE-0049,INV-0098,ZAF,2025-10-11,MV,56,Female,Eligible,,Yes,2026-07-30T20:12:28.577992
SCR-000862,CRC-GLB-301,SITE-0064,INV-0128,KEN,2025-04-25,AA,51,Female,Eligible,,Yes,2026-07-30T20:12:28.577992
SCR-000863,CRC-GLB-301,SITE-0061,INV-0121,KEN,2025-12-01,RH,40,Female,Eligible,,Yes,2026-07-30T20:12:28.577992
SCR-000864,CRC-GLB-301,SITE-0032,INV-0063,CAN,2025-03-03,TM,26,Female,Eligible,,Yes,2026-07-30T20:12:28.577992
SCR-000865,CRC-GLB-301,SITE-0062,INV-0124,KEN,2025-05-13,QM,33,Female,Eligible,,Yes,2026-07-30T20:12:28.577992
SCR-000866,CRC-GLB-301,SITE-0003,INV-0006,IND,2025-03-25,PD,77,Male,Eligible,,Yes,2026-07-30T20:12:28.577992
SCR-000867,CRC-GLB-301,SITE-0046,INV-0091,DEU,2025-01-28,HK,63,Male,Eligible,,Yes,2026-07-30T20:12:28.577992
SCR-000868,CRC-GLB-301,SITE-0038,INV-0076,GBR,2025-09-29,QB,42,Male,Eligible,,Yes,2026-07-30T20:12:28.577992
SCR-000869,CRC-GLB-301,SITE-0013,INV-0025,SGP,2025-06-11,VR,56,Female,Screen Failure,Abnormal Laboratory Values,Yes,2026-07-30T20:12:28.577992
SCR-000870,CRC-GLB-301,SITE-0047,INV-0093,DEU,2025-03-15,AN,65,Female,Screen Failure,Abnormal Laboratory Values,Yes,2026-07-30T20:12:28.577992
SCR-000871,CRC-GLB-301,SITE-0053,INV-0106,ZAF,2025-03-25,CE,46,Male,Eligible,,Yes,2026-07-30T20:12:28.577992
SCR-000872,CRC-GLB-301,SITE-0015,INV-0030,SGP,2025-08-24,XD,34,Male,Eligible,,Yes,2026-07-30T20:12:28.577992
SCR-000873,CRC-GLB-301,SITE-0062,INV-0124,KEN,2025-06-09,RD,74,Female,Eligible,,Yes,2026-07-30T20:12:28.577992
SCR-000874,CRC-GLB-301,SITE-0023,INV-0046,USA,2025-01-15,TD,34,Male,Eligible,,Yes,2026-07-30T20:12:28.577992
SCR-000875,CRC-GLB-301,SITE-0030,INV-0060,CAN,2025-03-06,FZ,72,Male,Eligible,,Yes,2026-07-30T20:12:28.577992
SCR-000876,CRC-GLB-301,SITE-0010,INV-0019,SGP,2025-09-05,TB,31,Male,Eligible,,Yes,2026-07-30T20:12:28.577992
SCR-000877,CRC-GLB-301,SITE-0008,INV-0016,IND,2025-03-02,XB,56,Male,Eligible,,Yes,2026-07-30T20:12:28.577992
SCR-000878,CRC-GLB-301,SITE-0013,INV-0025,SGP,2025-11-05,FX,41,Female,Eligible,,Yes,2026-07-30T20:12:28.577992
SCR-000879,CRC-GLB-301,SITE-0004,INV-0007,IND,2025-03-16,VY,62,Female,Eligible,,Yes,2026-07-30T20:12:28.577992
SCR-000880,CRC-GLB-301,SITE-0021,INV-0041,USA,2025-09-16,OC,19,Male,Eligible,,Yes,2026-07-30T20:12:28.577992
SCR-000881,CRC-GLB-301,SITE-0025,INV-0050,CAN,2025-03-29,XN,30,Male,Eligible,,Yes,2026-07-30T20:12:28.577992
SCR-000882,CRC-GLB-301,SITE-0061,INV-0122,KEN,2025-12-24,PL,31,Male,Eligible,,Yes,2026-07-30T20:12:28.577992
SCR-000883,CRC-GLB-301,SITE-0046,INV-0092,DEU,2025-08-06,FF,32,Female,Eligible,,Yes,2026-07-30T20:12:28.577992
SCR-000884,CRC-GLB-301,SITE-0016,INV-0032,SGP,2025-02-26,NM,64,Female,Eligible,,Yes,2026-07-30T20:12:28.577992
SCR-000885,CRC-GLB-301,SITE-0006,INV-0011,IND,2025-09-10,DH,57,Female,Screen Failure,Abnormal Laboratory Values,Yes,2026-07-30T20:12:28.577992
SCR-000886,CRC-GLB-301,SITE-0029,INV-0058,CAN,2025-05-29,ZL,26,Female,Eligible,,Yes,2026-07-30T20:12:28.577992
SCR-000887,CRC-GLB-301,SITE-0048,INV-0095,DEU,2025-01-07,ZM,31,Female,Eligible,,Yes,2026-07-30T20:12:28.577992
SCR-000888,CRC-GLB-301,SITE-0057,INV-0113,KEN,2025-03-03,DK,31,Male,Eligible,,Yes,2026-07-30T20:12:28.577992
SCR-000889,CRC-GLB-301,SITE-0009,INV-0018,SGP,2025-04-12,IP,69,Male,Eligible,,Yes,2026-07-30T20:12:28.577992
SCR-000890,CRC-GLB-301,SITE-0030,INV-0060,CAN,2025-09-13,HS,52,Female,Eligible,,Yes,2026-07-30T20:12:28.577992
SCR-000891,CRC-GLB-301,SITE-0046,INV-0092,DEU,2025-12-08,PK,80,Female,Eligible,,Yes,2026-07-30T20:12:28.577992
SCR-000892,CRC-GLB-301,SITE-0019,INV-0038,USA,2025-03-04,GM,35,Male,Screen Failure,Inclusion Criteria Not Met,Yes,2026-07-30T20:12:28.577992
SCR-000893,CRC-GLB-301,SITE-0013,INV-0025,SGP,2025-09-13,RZ,66,Female,Screen Failure,Inclusion Criteria Not Met,Yes,2026-07-30T20:12:28.577992
SCR-000894,CRC-GLB-301,SITE-0020,INV-0040,USA,2025-11-15,QT,84,Female,Eligible,,Yes,2026-07-30T20:12:28.577992
SCR-000895,CRC-GLB-301,SITE-0060,INV-0119,KEN,2025-05-31,RM,51,Female,Eligible,,Yes,2026-07-30T20:12:28.577992
SCR-000896,CRC-GLB-301,SITE-0003,INV-0005,IND,2025-08-09,WD,75,Female,Eligible,,Yes,2026-07-30T20:12:28.577992
SCR-000897,CRC-GLB-301,SITE-0049,INV-0098,ZAF,2025-08-24,AE,56,Male,Eligible,,Yes,2026-07-30T20:12:28.577992
SCR-000898,CRC-GLB-301,SITE-0063,INV-0126,KEN,2025-06-09,SM,32,Female,Screen Failure,Exclusion Criteria Met,Yes,2026-07-30T20:12:28.577992
SCR-000899,CRC-GLB-301,SITE-0061,INV-0122,KEN,2025-10-15,WN,68,Female,Eligible,,Yes,2026-07-30T20:12:28.577992
SCR-000900,CRC-GLB-301,SITE-0064,INV-0128,KEN,2025-11-12,RT,54,Female,Eligible,,Yes,2026-07-30T20:12:28.577992
SCR-000901,CRC-GLB-301,SITE-0008,INV-0015,IND,2025-10-30,BV,62,Male,Eligible,,Yes,2026-07-30T20:12:28.577992
SCR-000902,CRC-GLB-301,SITE-0044,INV-0088,DEU,2025-02-19,LZ,70,Female,Eligible,,Yes,2026-07-30T20:12:28.577992
SCR-000903,CRC-GLB-301,SITE-0008,INV-0015,IND,2025-05-07,GI,28,Male,Eligible,,Yes,2026-07-30T20:12:28.577992
SCR-000904,CRC-GLB-301,SITE-0040,INV-0079,GBR,2025-06-22,EN,22,Female,Eligible,,Yes,2026-07-30T20:12:28.577992
SCR-000905,CRC-GLB-301,SITE-0055,INV-0110,ZAF,2025-05-17,AM,20,Female,Eligible,,Yes,2026-07-30T20:12:28.577992
SCR-000906,CRC-GLB-301,SITE-0049,INV-0098,ZAF,2025-10-21,CM,44,Female,Screen Failure,Abnormal Laboratory Values,Yes,2026-07-30T20:12:28.577992
SCR-000907,CRC-GLB-301,SITE-0064,INV-0128,KEN,2025-11-11,HZ,43,Female,Screen Failure,Exclusion Criteria Met,Yes,2026-07-30T20:12:28.577992
SCR-000908,CRC-GLB-301,SITE-0010,INV-0019,SGP,2025-05-28,GH,69,Male,Eligible,,Yes,2026-07-30T20:12:28.577992
SCR-000909,CRC-GLB-301,SITE-0012,INV-0023,SGP,2025-10-31,IB,85,Female,Eligible,,Yes,2026-07-30T20:12:28.577992
SCR-000910,CRC-GLB-301,SITE-0055,INV-0109,ZAF,2025-06-27,UQ,56,Female,Eligible,,Yes,2026-07-30T20:12:28.577992
SCR-000911,CRC-GLB-301,SITE-0056,INV-0112,ZAF,2025-04-13,KG,83,Female,Eligible,,Yes,2026-07-30T20:12:28.577992
SCR-000912,CRC-GLB-301,SITE-0024,INV-0047,USA,2025-11-18,SW,81,Male,Eligible,,Yes,2026-07-30T20:12:28.577992
SCR-000913,CRC-GLB-301,SITE-0060,INV-0120,KEN,2025-11-23,NP,73,Male,Eligible,,Yes,2026-07-30T20:12:28.577992
SCR-000914,CRC-GLB-301,SITE-0026,INV-0052,CAN,2025-08-25,DD,56,Female,Eligible,,Yes,2026-07-30T20:12:28.577992
SCR-000915,CRC-GLB-301,SITE-0053,INV-0106,ZAF,2025-02-02,QV,52,Female,Eligible,,Yes,2026-07-30T20:12:28.577992
SCR-000916,CRC-GLB-301,SITE-0021,INV-0042,USA,2025-12-18,PK,32,Male,Eligible,,Yes,2026-07-30T20:12:28.577992
SCR-000917,CRC-GLB-301,SITE-0025,INV-0049,CAN,2025-05-06,UI,80,Female,Eligible,,Yes,2026-07-30T20:12:28.577992
SCR-000918,CRC-GLB-301,SITE-0055,INV-0109,ZAF,2025-03-23,HA,53,Male,Screen Failure,Exclusion Criteria Met,Yes,2026-07-30T20:12:28.577992
SCR-000919,CRC-GLB-301,SITE-0006,INV-0012,IND,2025-01-11,BX,58,Female,Eligible,,Yes,2026-07-30T20:12:28.577992
SCR-000920,CRC-GLB-301,SITE-0009,INV-0018,SGP,2025-07-06,RX,68,Male,Eligible,,Yes,2026-07-30T20:12:28.577992
SCR-000921,CRC-GLB-301,SITE-0031,INV-0061,CAN,2025-09-25,RP,85,Female,Screen Failure,Inclusion Criteria Not Met,Yes,2026-07-30T20:12:28.577992
SCR-000922,CRC-GLB-301,SITE-0064,INV-0127,KEN,2025-05-02,PU,58,Female,Eligible,,Yes,2026-07-30T20:12:28.577992
SCR-000923,CRC-GLB-301,SITE-0050,INV-0099,ZAF,2025-04-22,DE,53,Female,Screen Failure,Withdrew Consent,Yes,2026-07-30T20:12:28.577992
SCR-000924,CRC-GLB-301,SITE-0053,INV-0106,ZAF,2025-09-09,NS,32,Female,Screen Failure,Inclusion Criteria Not Met,Yes,2026-07-30T20:12:28.577992
SCR-000925,CRC-GLB-301,SITE-0055,INV-0110,ZAF,2025-12-16,GH,36,Female,Eligible,,Yes,2026-07-30T20:12:28.577992
SCR-000926,CRC-GLB-301,SITE-0061,INV-0122,KEN,2025-06-07,AZ,22,Male,Eligible,,Yes,2026-07-30T20:12:28.577992
SCR-000927,CRC-GLB-301,SITE-0031,INV-0062,CAN,2025-10-10,KQ,64,Male,Eligible,,Yes,2026-07-30T20:12:28.577992
SCR-000928,CRC-GLB-301,SITE-0031,INV-0062,CAN,2025-07-18,AY,50,Female,Eligible,,Yes,2026-07-30T20:12:28.577992
SCR-000929,CRC-GLB-301,SITE-0012,INV-0023,SGP,2025-06-02,FX,74,Female,Eligible,,Yes,2026-07-30T20:12:28.577992
SCR-000930,CRC-GLB-301,SITE-0053,INV-0105,ZAF,2025-05-21,WV,80,Female,Eligible,,Yes,2026-07-30T20:12:28.577992
SCR-000931,CRC-GLB-301,SITE-0053,INV-0106,ZAF,2025-08-05,WV,38,Female,Eligible,,Yes,2026-07-30T20:12:28.577992
SCR-000932,CRC-GLB-301,SITE-0009,INV-0018,SGP,2025-11-05,SO,59,Female,Screen Failure,Withdrew Consent,Yes,2026-07-30T20:12:28.577992
SCR-000933,CRC-GLB-301,SITE-0004,INV-0007,IND,2025-11-19,LQ,18,Female,Screen Failure,Exclusion Criteria Met,Yes,2026-07-30T20:12:28.577992
SCR-000934,CRC-GLB-301,SITE-0026,INV-0052,CAN,2025-06-10,OC,49,Male,Eligible,,Yes,2026-07-30T20:12:28.577992
SCR-000935,CRC-GLB-301,SITE-0053,INV-0106,ZAF,2025-08-20,MT,51,Male,Eligible,,Yes,2026-07-30T20:12:28.577992
SCR-000936,CRC-GLB-301,SITE-0042,INV-0084,DEU,2025-04-12,CJ,68,Female,Eligible,,Yes,2026-07-30T20:12:28.577992
SCR-000937,CRC-GLB-301,SITE-0029,INV-0057,CAN,2025-01-12,YQ,47,Male,Eligible,,Yes,2026-07-30T20:12:28.577992
SCR-000938,CRC-GLB-301,SITE-0060,INV-0119,KEN,2025-12-26,WB,72,Female,Screen Failure,Abnormal Laboratory Values,Yes,2026-07-30T20:12:28.577992
SCR-000939,CRC-GLB-301,SITE-0020,INV-0039,USA,2025-07-08,EO,19,Female,Eligible,,Yes,2026-07-30T20:12:28.577992
SCR-000940,CRC-GLB-301,SITE-0059,INV-0118,KEN,2025-03-02,FF,52,Female,Eligible,,Yes,2026-07-30T20:12:28.577992
SCR-000941,CRC-GLB-301,SITE-0064,INV-0128,KEN,2025-03-08,LF,45,Female,Eligible,,Yes,2026-07-30T20:12:28.577992
SCR-000942,CRC-GLB-301,SITE-0025,INV-0050,CAN,2025-04-03,KD,55,Female,Eligible,,Yes,2026-07-30T20:12:28.577992
SCR-000943,CRC-GLB-301,SITE-0031,INV-0062,CAN,2025-05-08,JR,76,Male,Eligible,,Yes,2026-07-30T20:12:28.577992
SCR-000944,CRC-GLB-301,SITE-0002,INV-0004,IND,2025-06-15,ZK,45,Female,Screen Failure,Exclusion Criteria Met,Yes,2026-07-30T20:12:28.577992
SCR-000945,CRC-GLB-301,SITE-0055,INV-0110,ZAF,2025-02-07,CB,60,Male,Eligible,,Yes,2026-07-30T20:12:28.577992
SCR-000946,CRC-GLB-301,SITE-0061,INV-0122,KEN,2025-11-07,YZ,23,Male,Eligible,,Yes,2026-07-30T20:12:28.577992
SCR-000947,CRC-GLB-301,SITE-0033,INV-0066,GBR,2025-06-04,ZR,34,Male,Eligible,,Yes,2026-07-30T20:12:28.577992
SCR-000948,CRC-GLB-301,SITE-0023,INV-0046,USA,2025-09-15,MI,77,Male,Screen Failure,Exclusion Criteria Met,Yes,2026-07-30T20:12:28.577992
SCR-000949,CRC-GLB-301,SITE-0012,INV-0024,SGP,2025-03-14,GI,34,Female,Screen Failure,Withdrew Consent,Yes,2026-07-30T20:12:28.577992
SCR-000950,CRC-GLB-301,SITE-0036,INV-0072,GBR,2025-08-09,HW,51,Female,Eligible,,Yes,2026-07-30T20:12:28.577992
SCR-000951,CRC-GLB-301,SITE-0056,INV-0111,ZAF,2025-06-11,TM,37,Female,Eligible,,Yes,2026-07-30T20:12:28.577992
SCR-000952,CRC-GLB-301,SITE-0007,INV-0013,IND,2025-03-18,BE,78,Female,Eligible,,Yes,2026-07-30T20:12:28.577992
SCR-000953,CRC-GLB-301,SITE-0021,INV-0042,USA,2025-08-12,DX,81,Male,Eligible,,Yes,2026-07-30T20:12:28.577992
SCR-000954,CRC-GLB-301,SITE-0057,INV-0114,KEN,2025-08-23,MV,36,Male,Screen Failure,Withdrew Consent,Yes,2026-07-30T20:12:28.577992
SCR-000955,CRC-GLB-301,SITE-0045,INV-0089,DEU,2025-04-15,WE,39,Female,Eligible,,Yes,2026-07-30T20:12:28.577992
SCR-000956,CRC-GLB-301,SITE-0028,INV-0055,CAN,2025-09-27,TE,27,Male,Eligible,,Yes,2026-07-30T20:12:28.577992
SCR-000957,CRC-GLB-301,SITE-0064,INV-0127,KEN,2025-06-18,AR,33,Female,Eligible,,Yes,2026-07-30T20:12:28.577992
SCR-000958,CRC-GLB-301,SITE-0048,INV-0095,DEU,2025-06-15,DC,79,Female,Eligible,,Yes,2026-07-30T20:12:28.577992
SCR-000959,CRC-GLB-301,SITE-0035,INV-0069,GBR,2025-06-18,ZR,75,Female,Eligible,,Yes,2026-07-30T20:12:28.577992
SCR-000960,CRC-GLB-301,SITE-0017,INV-0033,USA,2025-01-25,UH,25,Male,Eligible,,Yes,2026-07-30T20:12:28.577992
SCR-000961,CRC-GLB-301,SITE-0049,INV-0097,ZAF,2025-07-24,GG,69,Male,Eligible,,Yes,2026-07-30T20:12:28.577992
SCR-000962,CRC-GLB-301,SITE-0003,INV-0005,IND,2025-03-25,KK,37,Male,Eligible,,Yes,2026-07-30T20:12:28.577992
SCR-000963,CRC-GLB-301,SITE-0039,INV-0078,GBR,2025-08-10,TX,34,Female,Eligible,,Yes,2026-07-30T20:12:28.577992
SCR-000964,CRC-GLB-301,SITE-0013,INV-0026,SGP,2025-09-20,FL,67,Female,Eligible,,Yes,2026-07-30T20:12:28.577992
SCR-000965,CRC-GLB-301,SITE-0035,INV-0070,GBR,2025-02-16,TV,41,Female,Eligible,,Yes,2026-07-30T20:12:28.577992
SCR-000966,CRC-GLB-301,SITE-0055,INV-0109,ZAF,2025-01-21,NZ,46,Male,Eligible,,Yes,2026-07-30T20:12:28.577992
SCR-000967,CRC-GLB-301,SITE-0064,INV-0127,KEN,2025-05-29,MC,79,Female,Eligible,,Yes,2026-07-30T20:12:28.577992
SCR-000968,CRC-GLB-301,SITE-0020,INV-0039,USA,2025-12-17,XV,84,Female,Eligible,,Yes,2026-07-30T20:12:28.577992
SCR-000969,CRC-GLB-301,SITE-0038,INV-0075,GBR,2025-10-10,BB,31,Female,Eligible,,Yes,2026-07-30T20:12:28.577992
SCR-000970,CRC-GLB-301,SITE-0053,INV-0105,ZAF,2025-08-26,RO,50,Female,Eligible,,Yes,2026-07-30T20:12:28.577992
SCR-000971,CRC-GLB-301,SITE-0033,INV-0065,GBR,2025-09-15,AT,77,Male,Eligible,,Yes,2026-07-30T20:12:28.577992
SCR-000972,CRC-GLB-301,SITE-0024,INV-0048,USA,2025-02-12,KS,58,Female,Screen Failure,Inclusion Criteria Not Met,Yes,2026-07-30T20:12:28.577992
SCR-000973,CRC-GLB-301,SITE-0058,INV-0116,KEN,2025-06-24,ZW,41,Male,Eligible,,Yes,2026-07-30T20:12:28.577992
SCR-000974,CRC-GLB-301,SITE-0024,INV-0047,USA,2025-11-06,GR,73,Male,Eligible,,Yes,2026-07-30T20:12:28.577992
SCR-000975,CRC-GLB-301,SITE-0001,INV-0002,IND,2025-03-01,AR,76,Female,Eligible,,Yes,2026-07-30T20:12:28.577992
SCR-000976,CRC-GLB-301,SITE-0063,INV-0126,KEN,2025-11-13,VQ,68,Female,Eligible,,Yes,2026-07-30T20:12:28.577992
SCR-000977,CRC-GLB-301,SITE-0012,INV-0023,SGP,2025-03-11,AC,20,Male,Eligible,,Yes,2026-07-30T20:12:28.577992
SCR-000978,CRC-GLB-301,SITE-0004,INV-0007,IND,2025-09-04,QQ,73,Male,Eligible,,Yes,2026-07-30T20:12:28.577992
SCR-000979,CRC-GLB-301,SITE-0012,INV-0024,SGP,2025-08-26,DK,32,Male,Eligible,,Yes,2026-07-30T20:12:28.577992
SCR-000980,CRC-GLB-301,SITE-0020,INV-0040,USA,2025-09-06,MW,49,Male,Eligible,,Yes,2026-07-30T20:12:28.577992
SCR-000981,CRC-GLB-301,SITE-0038,INV-0076,GBR,2025-01-27,IC,73,Female,Eligible,,Yes,2026-07-30T20:12:28.577992
SCR-000982,CRC-GLB-301,SITE-0064,INV-0128,KEN,2025-01-19,MM,80,Male,Eligible,,Yes,2026-07-30T20:12:28.577992
SCR-000983,CRC-GLB-301,SITE-0008,INV-0015,IND,2025-08-05,OO,52,Female,Eligible,,Yes,2026-07-30T20:12:28.577992
SCR-000984,CRC-GLB-301,SITE-0061,INV-0121,KEN,2025-09-11,QQ,75,Female,Eligible,,Yes,2026-07-30T20:12:28.577992
SCR-000985,CRC-GLB-301,SITE-0003,INV-0005,IND,2025-05-28,SM,74,Male,Eligible,,Yes,2026-07-30T20:12:28.577992
SCR-000986,CRC-GLB-301,SITE-0029,INV-0058,CAN,2025-11-05,WS,77,Male,Eligible,,Yes,2026-07-30T20:12:28.577992
SCR-000987,CRC-GLB-301,SITE-0038,INV-0076,GBR,2025-08-02,VR,64,Female,Eligible,,Yes,2026-07-30T20:12:28.577992
SCR-000988,CRC-GLB-301,SITE-0021,INV-0041,USA,2025-05-25,RC,79,Male,Eligible,,Yes,2026-07-30T20:12:28.577992
SCR-000989,CRC-GLB-301,SITE-0023,INV-0045,USA,2025-03-22,PC,71,Female,Eligible,,Yes,2026-07-30T20:12:28.577992
SCR-000990,CRC-GLB-301,SITE-0039,INV-0077,GBR,2025-10-13,BA,51,Female,Screen Failure,Exclusion Criteria Met,Yes,2026-07-30T20:12:28.577992
SCR-000991,CRC-GLB-301,SITE-0021,INV-0041,USA,2025-02-02,IC,47,Male,Screen Failure,Inclusion Criteria Not Met,Yes,2026-07-30T20:12:28.577992
SCR-000992,CRC-GLB-301,SITE-0029,INV-0058,CAN,2025-05-13,ZU,23,Female,Eligible,,Yes,2026-07-30T20:12:28.577992
SCR-000993,CRC-GLB-301,SITE-0020,INV-0039,USA,2025-12-28,BY,76,Male,Eligible,,Yes,2026-07-30T20:12:28.577992
SCR-000994,CRC-GLB-301,SITE-0014,INV-0027,SGP,2025-10-15,BC,33,Male,Eligible,,Yes,2026-07-30T20:12:28.577992
SCR-000995,CRC-GLB-301,SITE-0047,INV-0093,DEU,2025-05-30,ST,81,Male,Eligible,,Yes,2026-07-30T20:12:28.577992
SCR-000996,CRC-GLB-301,SITE-0020,INV-0040,USA,2025-06-21,VD,43,Female,Eligible,,Yes,2026-07-30T20:12:28.577992
SCR-000997,CRC-GLB-301,SITE-0054,INV-0107,ZAF,2025-08-31,IN,28,Female,Screen Failure,Exclusion Criteria Met,Yes,2026-07-30T20:12:28.577992
SCR-000998,CRC-GLB-301,SITE-0048,INV-0096,DEU,2025-07-04,QG,85,Female,Eligible,,Yes,2026-07-30T20:12:28.577992
SCR-000999,CRC-GLB-301,SITE-0030,INV-0059,CAN,2025-07-31,XX,84,Female,Screen Failure,Withdrew Consent,Yes,2026-07-30T20:12:28.577992
SCR-001000,CRC-GLB-301,SITE-0004,INV-0008,IND,2025-03-16,US,84,Male,Eligible,,Yes,2026-07-30T20:12:28.577992
SCR-001001,CRC-GLB-301,SITE-0011,INV-0022,SGP,2025-06-11,KU,73,Male,Eligible,,Yes,2026-07-30T20:12:28.577992
SCR-001002,CRC-GLB-301,SITE-0051,INV-0101,ZAF,2025-12-05,XD,25,Female,Eligible,,Yes,2026-07-30T20:12:28.577992
SCR-001003,CRC-GLB-301,SITE-0054,INV-0108,ZAF,2025-06-10,XA,53,Male,Screen Failure,Abnormal Laboratory Values,Yes,2026-07-30T20:12:28.577992
SCR-001004,CRC-GLB-301,SITE-0052,INV-0104,ZAF,2025-11-26,FO,74,Female,Eligible,,Yes,2026-07-30T20:12:28.577992
SCR-001005,CRC-GLB-301,SITE-0052,INV-0103,ZAF,2025-02-13,AI,34,Female,Screen Failure,Abnormal Laboratory Values,Yes,2026-07-30T20:12:28.577992
SCR-001006,CRC-GLB-301,SITE-0028,INV-0055,CAN,2025-09-19,ON,38,Male,Eligible,,Yes,2026-07-30T20:12:28.577992
SCR-001007,CRC-GLB-301,SITE-0004,INV-0008,IND,2025-05-04,VH,72,Male,Eligible,,Yes,2026-07-30T20:12:28.577992
SCR-001008,CRC-GLB-301,SITE-0008,INV-0016,IND,2025-11-18,ND,33,Female,Screen Failure,Abnormal Laboratory Values,Yes,2026-07-30T20:12:28.577992
SCR-001009,CRC-GLB-301,SITE-0039,INV-0077,GBR,2025-08-21,IG,47,Female,Eligible,,Yes,2026-07-30T20:12:28.577992
SCR-001010,CRC-GLB-301,SITE-0039,INV-0078,GBR,2025-12-08,US,35,Female,Eligible,,Yes,2026-07-30T20:12:28.577992
SCR-001011,CRC-GLB-301,SITE-0032,INV-0063,CAN,2025-06-17,NF,64,Female,Eligible,,Yes,2026-07-30T20:12:28.577992
SCR-001012,CRC-GLB-301,SITE-0013,INV-0025,SGP,2025-07-30,CB,34,Female,Screen Failure,Withdrew Consent,Yes,2026-07-30T20:12:28.577992
SCR-001013,CRC-GLB-301,SITE-0028,INV-0056,CAN,2025-07-09,RK,84,Female,Screen Failure,Inclusion Criteria Not Met,Yes,2026-07-30T20:12:28.577992
SCR-001014,CRC-GLB-301,SITE-0034,INV-0068,GBR,2025-11-22,LL,80,Female,Eligible,,Yes,2026-07-30T20:12:28.577992
SCR-001015,CRC-GLB-301,SITE-0021,INV-0041,USA,2025-09-16,DS,34,Male,Eligible,,Yes,2026-07-30T20:12:28.577992
SCR-001016,CRC-GLB-301,SITE-0028,INV-0056,CAN,2025-01-17,TY,65,Male,Screen Failure,Withdrew Consent,Yes,2026-07-30T20:12:28.577992
SCR-001017,CRC-GLB-301,SITE-0053,INV-0105,ZAF,2025-03-03,JH,84,Male,Eligible,,Yes,2026-07-30T20:12:28.577992
SCR-001018,CRC-GLB-301,SITE-0016,INV-0032,SGP,2025-06-06,ZH,80,Male,Eligible,,Yes,2026-07-30T20:12:28.577992
SCR-001019,CRC-GLB-301,SITE-0019,INV-0037,USA,2025-01-25,YH,54,Male,Screen Failure,Withdrew Consent,Yes,2026-07-30T20:12:28.577992
SCR-001020,CRC-GLB-301,SITE-0024,INV-0048,USA,2025-01-02,DJ,23,Female,Eligible,,Yes,2026-07-30T20:12:28.577992
SCR-001021,CRC-GLB-301,SITE-0062,INV-0124,KEN,2025-10-17,LI,66,Female,Eligible,,Yes,2026-07-30T20:12:28.577992
SCR-001022,CRC-GLB-301,SITE-0017,INV-0033,USA,2025-09-16,QT,75,Male,Eligible,,Yes,2026-07-30T20:12:28.577992
SCR-001023,CRC-GLB-301,SITE-0042,INV-0083,DEU,2025-07-18,GK,23,Female,Screen Failure,Withdrew Consent,Yes,2026-07-30T20:12:28.577992
SCR-001024,CRC-GLB-301,SITE-0036,INV-0071,GBR,2025-12-29,AQ,57,Male,Screen Failure,Exclusion Criteria Met,Yes,2026-07-30T20:12:28.577992
SCR-001025,CRC-GLB-301,SITE-0011,INV-0021,SGP,2025-10-19,NT,82,Male,Screen Failure,Inclusion Criteria Not Met,Yes,2026-07-30T20:12:28.577992
SCR-001026,CRC-GLB-301,SITE-0016,INV-0031,SGP,2025-01-10,HF,74,Male,Eligible,,Yes,2026-07-30T20:12:28.577992
SCR-001027,CRC-GLB-301,SITE-0042,INV-0084,DEU,2025-09-09,WA,73,Male,Screen Failure,Inclusion Criteria Not Met,Yes,2026-07-30T20:12:28.577992
SCR-001028,CRC-GLB-301,SITE-0054,INV-0107,ZAF,2025-07-15,GC,30,Male,Screen Failure,Abnormal Laboratory Values,Yes,2026-07-30T20:12:28.577992
SCR-001029,CRC-GLB-301,SITE-0037,INV-0073,GBR,2025-04-04,GC,57,Female,Eligible,,Yes,2026-07-30T20:12:28.577992
SCR-001030,CRC-GLB-301,SITE-0022,INV-0043,USA,2025-04-03,AB,67,Male,Screen Failure,Abnormal Laboratory Values,Yes,2026-07-30T20:12:28.577992
SCR-001031,CRC-GLB-301,SITE-0041,INV-0081,DEU,2025-07-31,XG,33,Male,Eligible,,Yes,2026-07-30T20:12:28.577992
SCR-001032,CRC-GLB-301,SITE-0026,INV-0051,CAN,2025-11-02,PM,82,Female,Eligible,,Yes,2026-07-30T20:12:28.577992
SCR-001033,CRC-GLB-301,SITE-0015,INV-0030,SGP,2025-02-01,IO,26,Female,Eligible,,Yes,2026-07-30T20:12:28.577992
SCR-001034,CRC-GLB-301,SITE-0004,INV-0008,IND,2025-11-21,GX,52,Male,Eligible,,Yes,2026-07-30T20:12:28.577992
SCR-001035,CRC-GLB-301,SITE-0032,INV-0063,CAN,2025-06-05,OL,82,Male,Eligible,,Yes,2026-07-30T20:12:28.577992
SCR-001036,CRC-GLB-301,SITE-0019,INV-0038,USA,2025-10-04,ZU,72,Female,Eligible,,Yes,2026-07-30T20:12:28.577992
SCR-001037,CRC-GLB-301,SITE-0006,INV-0011,IND,2025-08-26,YQ,39,Male,Eligible,,Yes,2026-07-30T20:12:28.577992
SCR-001038,CRC-GLB-301,SITE-0008,INV-0016,IND,2025-05-20,PV,66,Female,Eligible,,Yes,2026-07-30T20:12:28.577992
SCR-001039,CRC-GLB-301,SITE-0028,INV-0056,CAN,2025-01-24,EN,26,Female,Eligible,,Yes,2026-07-30T20:12:28.577992
SCR-001040,CRC-GLB-301,SITE-0012,INV-0024,SGP,2025-12-24,DD,53,Female,Eligible,,Yes,2026-07-30T20:12:28.577992
SCR-001041,CRC-GLB-301,SITE-0027,INV-0054,CAN,2025-12-16,YQ,75,Female,Eligible,,Yes,2026-07-30T20:12:28.577992
SCR-001042,CRC-GLB-301,SITE-0032,INV-0064,CAN,2025-04-18,LP,20,Male,Screen Failure,Abnormal Laboratory Values,Yes,2026-07-30T20:12:28.577992
SCR-001043,CRC-GLB-301,SITE-0001,INV-0002,IND,2025-01-03,XR,70,Female,Eligible,,Yes,2026-07-30T20:12:28.577992
SCR-001044,CRC-GLB-301,SITE-0051,INV-0101,ZAF,2025-11-29,QO,74,Male,Eligible,,Yes,2026-07-30T20:12:28.577992
SCR-001045,CRC-GLB-301,SITE-0046,INV-0092,DEU,2025-07-18,ET,19,Male,Screen Failure,Abnormal Laboratory Values,Yes,2026-07-30T20:12:28.577992
SCR-001046,CRC-GLB-301,SITE-0060,INV-0120,KEN,2025-04-09,LF,20,Female,Eligible,,Yes,2026-07-30T20:12:28.577992
SCR-001047,CRC-GLB-301,SITE-0046,INV-0091,DEU,2025-02-16,VQ,46,Male,Eligible,,Yes,2026-07-30T20:12:28.577992
SCR-001048,CRC-GLB-301,SITE-0064,INV-0128,KEN,2025-01-19,HX,44,Male,Eligible,,Yes,2026-07-30T20:12:28.577992
SCR-001049,CRC-GLB-301,SITE-0026,INV-0052,CAN,2025-05-23,OM,42,Male,Screen Failure,Inclusion Criteria Not Met,Yes,2026-07-30T20:12:28.577992
SCR-001050,CRC-GLB-301,SITE-0009,INV-0017,SGP,2025-02-03,DY,47,Female,Eligible,,Yes,2026-07-30T20:12:28.577992
SCR-001051,CRC-GLB-301,SITE-0025,INV-0049,CAN,2025-12-15,OL,72,Male,Screen Failure,Abnormal Laboratory Values,Yes,2026-07-30T20:12:28.577992
SCR-001052,CRC-GLB-301,SITE-0042,INV-0084,DEU,2025-07-28,HR,77,Female,Eligible,,Yes,2026-07-30T20:12:28.577992
SCR-001053,CRC-GLB-301,SITE-0047,INV-0093,DEU,2025-01-25,HK,75,Female,Screen Failure,Exclusion Criteria Met,Yes,2026-07-30T20:12:28.577992
SCR-001054,CRC-GLB-301,SITE-0001,INV-0002,IND,2025-06-21,CO,21,Male,Screen Failure,Exclusion Criteria Met,Yes,2026-07-30T20:12:28.577992
SCR-001055,CRC-GLB-301,SITE-0055,INV-0109,ZAF,2025-04-11,EI,30,Male,Screen Failure,Exclusion Criteria Met,Yes,2026-07-30T20:12:28.577992
SCR-001056,CRC-GLB-301,SITE-0062,INV-0124,KEN,2025-01-13,PQ,60,Female,Eligible,,Yes,2026-07-30T20:12:28.577992
SCR-001057,CRC-GLB-301,SITE-0032,INV-0063,CAN,2025-08-31,GI,24,Female,Eligible,,Yes,2026-07-30T20:12:28.577992
SCR-001058,CRC-GLB-301,SITE-0031,INV-0061,CAN,2025-11-04,QT,75,Male,Eligible,,Yes,2026-07-30T20:12:28.577992
SCR-001059,CRC-GLB-301,SITE-0011,INV-0021,SGP,2025-01-18,JX,26,Male,Eligible,,Yes,2026-07-30T20:12:28.577992
SCR-001060,CRC-GLB-301,SITE-0008,INV-0016,IND,2025-01-29,HQ,26,Male,Eligible,,Yes,2026-07-30T20:12:28.577992
SCR-001061,CRC-GLB-301,SITE-0008,INV-0015,IND,2025-07-15,KQ,70,Male,Screen Failure,Abnormal Laboratory Values,Yes,2026-07-30T20:12:28.577992
SCR-001062,CRC-GLB-301,SITE-0002,INV-0004,IND,2025-08-26,UW,30,Female,Screen Failure,Withdrew Consent,Yes,2026-07-30T20:12:28.577992
SCR-001063,CRC-GLB-301,SITE-0004,INV-0008,IND,2025-09-22,IF,31,Male,Eligible,,Yes,2026-07-30T20:12:28.577992
SCR-001064,CRC-GLB-301,SITE-0009,INV-0017,SGP,2025-10-21,DN,63,Female,Eligible,,Yes,2026-07-30T20:12:28.577992
SCR-001065,CRC-GLB-301,SITE-0062,INV-0124,KEN,2025-04-06,GU,25,Male,Eligible,,Yes,2026-07-30T20:12:28.577992
SCR-001066,CRC-GLB-301,SITE-0040,INV-0080,GBR,2025-09-20,YT,57,Male,Eligible,,Yes,2026-07-30T20:12:28.577992
SCR-001067,CRC-GLB-301,SITE-0019,INV-0038,USA,2025-06-08,PH,19,Male,Eligible,,Yes,2026-07-30T20:12:28.577992
SCR-001068,CRC-GLB-301,SITE-0008,INV-0015,IND,2025-09-17,VO,24,Female,Eligible,,Yes,2026-07-30T20:12:28.577992
SCR-001069,CRC-GLB-301,SITE-0045,INV-0089,DEU,2025-04-13,QF,26,Female,Eligible,,Yes,2026-07-30T20:12:28.577992
SCR-001070,CRC-GLB-301,SITE-0025,INV-0050,CAN,2025-12-22,RM,60,Female,Eligible,,Yes,2026-07-30T20:12:28.577992
SCR-001071,CRC-GLB-301,SITE-0039,INV-0078,GBR,2025-06-18,EL,23,Female,Eligible,,Yes,2026-07-30T20:12:28.577992
SCR-001072,CRC-GLB-301,SITE-0029,INV-0057,CAN,2025-11-24,FF,45,Male,Eligible,,Yes,2026-07-30T20:12:28.577992
SCR-001073,CRC-GLB-301,SITE-0062,INV-0124,KEN,2025-07-12,FE,18,Female,Eligible,,Yes,2026-07-30T20:12:28.577992
SCR-001074,CRC-GLB-301,SITE-0002,INV-0003,IND,2025-07-03,AC,55,Female,Eligible,,Yes,2026-07-30T20:12:28.577992
SCR-001075,CRC-GLB-301,SITE-0025,INV-0050,CAN,2025-01-16,FH,46,Female,Screen Failure,Inclusion Criteria Not Met,Yes,2026-07-30T20:12:28.577992
SCR-001076,CRC-GLB-301,SITE-0023,INV-0046,USA,2025-10-11,GF,40,Female,Eligible,,Yes,2026-07-30T20:12:28.577992
SCR-001077,CRC-GLB-301,SITE-0013,INV-0025,SGP,2025-12-13,DR,32,Female,Eligible,,Yes,2026-07-30T20:12:28.577992
SCR-001078,CRC-GLB-301,SITE-0027,INV-0054,CAN,2025-08-22,GV,39,Female,Eligible,,Yes,2026-07-30T20:12:28.577992
SCR-001079,CRC-GLB-301,SITE-0009,INV-0017,SGP,2025-03-15,WD,42,Male,Eligible,,Yes,2026-07-30T20:12:28.577992
SCR-001080,CRC-GLB-301,SITE-0049,INV-0098,ZAF,2025-11-03,LQ,23,Male,Screen Failure,Abnormal Laboratory Values,Yes,2026-07-30T20:12:28.577992
SCR-001081,CRC-GLB-301,SITE-0038,INV-0075,GBR,2025-05-07,BU,34,Female,Screen Failure,Abnormal Laboratory Values,Yes,2026-07-30T20:12:28.577992
SCR-001082,CRC-GLB-301,SITE-0027,INV-0053,CAN,2025-08-29,UP,39,Female,Eligible,,Yes,2026-07-30T20:12:28.577992
SCR-001083,CRC-GLB-301,SITE-0048,INV-0096,DEU,2025-09-23,MI,65,Female,Eligible,,Yes,2026-07-30T20:12:28.577992
SCR-001084,CRC-GLB-301,SITE-0064,INV-0128,KEN,2025-10-25,KX,22,Male,Screen Failure,Abnormal Laboratory Values,Yes,2026-07-30T20:12:28.577992
SCR-001085,CRC-GLB-301,SITE-0029,INV-0057,CAN,2025-05-01,KH,66,Male,Screen Failure,Withdrew Consent,Yes,2026-07-30T20:12:28.577992
SCR-001086,CRC-GLB-301,SITE-0048,INV-0096,DEU,2025-10-09,CT,55,Female,Eligible,,Yes,2026-07-30T20:12:28.577992
SCR-001087,CRC-GLB-301,SITE-0046,INV-0091,DEU,2025-10-26,BN,61,Female,Eligible,,Yes,2026-07-30T20:12:28.577992
SCR-001088,CRC-GLB-301,SITE-0058,INV-0116,KEN,2025-08-10,KU,58,Female,Eligible,,Yes,2026-07-30T20:12:28.577992
SCR-001089,CRC-GLB-301,SITE-0049,INV-0097,ZAF,2025-08-15,GQ,63,Male,Screen Failure,Exclusion Criteria Met,Yes,2026-07-30T20:12:28.577992
SCR-001090,CRC-GLB-301,SITE-0038,INV-0075,GBR,2025-05-22,YC,27,Female,Eligible,,Yes,2026-07-30T20:12:28.577992
SCR-001091,CRC-GLB-301,SITE-0005,INV-0009,IND,2025-04-11,RG,53,Male,Screen Failure,Abnormal Laboratory Values,Yes,2026-07-30T20:12:28.577992
SCR-001092,CRC-GLB-301,SITE-0018,INV-0036,USA,2025-01-05,UH,62,Female,Eligible,,Yes,2026-07-30T20:12:28.577992
SCR-001093,CRC-GLB-301,SITE-0052,INV-0103,ZAF,2025-08-30,RZ,37,Female,Eligible,,Yes,2026-07-30T20:12:28.577992
SCR-001094,CRC-GLB-301,SITE-0030,INV-0059,CAN,2025-04-18,MN,77,Female,Eligible,,Yes,2026-07-30T20:12:28.577992
SCR-001095,CRC-GLB-301,SITE-0044,INV-0087,DEU,2025-06-10,VL,71,Male,Eligible,,Yes,2026-07-30T20:12:28.577992
SCR-001096,CRC-GLB-301,SITE-0057,INV-0114,KEN,2025-10-13,AD,34,Female,Eligible,,Yes,2026-07-30T20:12:28.577992
SCR-001097,CRC-GLB-301,SITE-0002,INV-0004,IND,2025-12-04,VI,71,Female,Eligible,,Yes,2026-07-30T20:12:28.577992
SCR-001098,CRC-GLB-301,SITE-0052,INV-0104,ZAF,2025-06-16,PO,22,Male,Eligible,,Yes,2026-07-30T20:12:28.577992
SCR-001099,CRC-GLB-301,SITE-0020,INV-0040,USA,2025-10-18,QP,68,Female,Eligible,,Yes,2026-07-30T20:12:28.577992
SCR-001100,CRC-GLB-301,SITE-0027,INV-0054,CAN,2025-02-02,NE,31,Female,Eligible,,Yes,2026-07-30T20:12:28.577992
SCR-001101,CRC-GLB-301,SITE-0058,INV-0116,KEN,2025-02-17,ER,40,Male,Eligible,,Yes,2026-07-30T20:12:28.577992
SCR-001102,CRC-GLB-301,SITE-0063,INV-0125,KEN,2025-04-12,BZ,54,Male,Screen Failure,Exclusion Criteria Met,Yes,2026-07-30T20:12:28.577992
SCR-001103,CRC-GLB-301,SITE-0030,INV-0060,CAN,2025-08-21,BN,39,Female,Screen Failure,Inclusion Criteria Not Met,Yes,2026-07-30T20:12:28.577992
SCR-001104,CRC-GLB-301,SITE-0053,INV-0106,ZAF,2025-02-26,DK,26,Female,Screen Failure,Exclusion Criteria Met,Yes,2026-07-30T20:12:28.577992
SCR-001105,CRC-GLB-301,SITE-0027,INV-0053,CAN,2025-06-08,LS,78,Male,Screen Failure,Exclusion Criteria Met,Yes,2026-07-30T20:12:28.577992
SCR-001106,CRC-GLB-301,SITE-0040,INV-0079,GBR,2025-09-15,SL,43,Male,Eligible,,Yes,2026-07-30T20:12:28.577992
SCR-001107,CRC-GLB-301,SITE-0019,INV-0038,USA,2025-02-02,VP,49,Female,Eligible,,Yes,2026-07-30T20:12:28.577992
SCR-001108,CRC-GLB-301,SITE-0063,INV-0126,KEN,2025-08-25,OT,54,Female,Eligible,,Yes,2026-07-30T20:12:28.577992
SCR-001109,CRC-GLB-301,SITE-0045,INV-0090,DEU,2025-07-20,PV,40,Female,Eligible,,Yes,2026-07-30T20:12:28.577992
SCR-001110,CRC-GLB-301,SITE-0032,INV-0063,CAN,2025-11-13,TL,41,Male,Eligible,,Yes,2026-07-30T20:12:28.577992
SCR-001111,CRC-GLB-301,SITE-0051,INV-0101,ZAF,2025-03-22,HQ,55,Male,Screen Failure,Exclusion Criteria Met,Yes,2026-07-30T20:12:28.577992
SCR-001112,CRC-GLB-301,SITE-0028,INV-0056,CAN,2025-07-30,ZO,65,Male,Eligible,,Yes,2026-07-30T20:12:28.577992
SCR-001113,CRC-GLB-301,SITE-0014,INV-0028,SGP,2025-07-29,LG,82,Male,Eligible,,Yes,2026-07-30T20:12:28.577992
SCR-001114,CRC-GLB-301,SITE-0060,INV-0119,KEN,2025-02-07,QR,77,Female,Eligible,,Yes,2026-07-30T20:12:28.577992
SCR-001115,CRC-GLB-301,SITE-0044,INV-0088,DEU,2025-04-10,KA,32,Male,Eligible,,Yes,2026-07-30T20:12:28.577992
SCR-001116,CRC-GLB-301,SITE-0042,INV-0084,DEU,2025-09-06,LC,49,Female,Eligible,,Yes,2026-07-30T20:12:28.577992
SCR-001117,CRC-GLB-301,SITE-0018,INV-0036,USA,2025-05-23,VE,20,Male,Eligible,,Yes,2026-07-30T20:12:28.577992
SCR-001118,CRC-GLB-301,SITE-0023,INV-0046,USA,2025-10-01,TE,19,Female,Screen Failure,Inclusion Criteria Not Met,Yes,2026-07-30T20:12:28.577992
SCR-001119,CRC-GLB-301,SITE-0020,INV-0040,USA,2025-07-03,ES,45,Female,Eligible,,Yes,2026-07-30T20:12:28.577992
SCR-001120,CRC-GLB-301,SITE-0007,INV-0013,IND,2025-07-19,RL,18,Male,Eligible,,Yes,2026-07-30T20:12:28.577992
SCR-001121,CRC-GLB-301,SITE-0049,INV-0097,ZAF,2025-07-11,XF,20,Female,Screen Failure,Exclusion Criteria Met,Yes,2026-07-30T20:12:28.577992
SCR-001122,CRC-GLB-301,SITE-0004,INV-0007,IND,2025-04-09,RB,30,Male,Screen Failure,Abnormal Laboratory Values,Yes,2026-07-30T20:12:28.577992
SCR-001123,CRC-GLB-301,SITE-0022,INV-0043,USA,2025-09-20,CI,42,Male,Screen Failure,Withdrew Consent,Yes,2026-07-30T20:12:28.577992
SCR-001124,CRC-GLB-301,SITE-0051,INV-0102,ZAF,2025-04-29,FJ,40,Male,Screen Failure,Inclusion Criteria Not Met,Yes,2026-07-30T20:12:28.577992
SCR-001125,CRC-GLB-301,SITE-0052,INV-0104,ZAF,2025-01-07,KL,26,Female,Eligible,,Yes,2026-07-30T20:12:28.577992
SCR-001126,CRC-GLB-301,SITE-0048,INV-0095,DEU,2025-02-04,XK,81,Male,Eligible,,Yes,2026-07-30T20:12:28.577992
SCR-001127,CRC-GLB-301,SITE-0022,INV-0044,USA,2025-02-18,PZ,67,Male,Eligible,,Yes,2026-07-30T20:12:28.577992
SCR-001128,CRC-GLB-301,SITE-0043,INV-0085,DEU,2025-11-22,TR,79,Male,Eligible,,Yes,2026-07-30T20:12:28.577992
SCR-001129,CRC-GLB-301,SITE-0043,INV-0085,DEU,2025-11-08,XL,83,Male,Eligible,,Yes,2026-07-30T20:12:28.577992
SCR-001130,CRC-GLB-301,SITE-0002,INV-0003,IND,2025-01-11,QX,57,Male,Eligible,,Yes,2026-07-30T20:12:28.577992
SCR-001131,CRC-GLB-301,SITE-0055,INV-0109,ZAF,2025-11-14,CD,81,Female,Eligible,,Yes,2026-07-30T20:12:28.577992
SCR-001132,CRC-GLB-301,SITE-0026,INV-0051,CAN,2025-07-12,FA,74,Female,Eligible,,Yes,2026-07-30T20:12:28.577992
SCR-001133,CRC-GLB-301,SITE-0018,INV-0036,USA,2025-06-12,QT,84,Female,Eligible,,Yes,2026-07-30T20:12:28.577992
SCR-001134,CRC-GLB-301,SITE-0037,INV-0073,GBR,2025-04-28,WI,49,Male,Eligible,,Yes,2026-07-30T20:12:28.577992
SCR-001135,CRC-GLB-301,SITE-0007,INV-0013,IND,2025-12-18,SF,66,Female,Eligible,,Yes,2026-07-30T20:12:28.577992
SCR-001136,CRC-GLB-301,SITE-0024,INV-0048,USA,2025-11-19,AW,26,Male,Eligible,,Yes,2026-07-30T20:12:28.577992
SCR-001137,CRC-GLB-301,SITE-0007,INV-0013,IND,2025-03-06,CP,44,Male,Screen Failure,Exclusion Criteria Met,Yes,2026-07-30T20:12:28.577992
SCR-001138,CRC-GLB-301,SITE-0011,INV-0022,SGP,2025-08-28,IS,49,Female,Eligible,,Yes,2026-07-30T20:12:28.577992
SCR-001139,CRC-GLB-301,SITE-0023,INV-0045,USA,2025-06-05,HL,43,Female,Eligible,,Yes,2026-07-30T20:12:28.577992
SCR-001140,CRC-GLB-301,SITE-0062,INV-0123,KEN,2025-07-04,KE,74,Female,Eligible,,Yes,2026-07-30T20:12:28.577992
SCR-001141,CRC-GLB-301,SITE-0056,INV-0111,ZAF,2025-01-11,TL,28,Female,Screen Failure,Withdrew Consent,Yes,2026-07-30T20:12:28.577992
SCR-001142,CRC-GLB-301,SITE-0020,INV-0039,USA,2025-05-12,JH,54,Female,Eligible,,Yes,2026-07-30T20:12:28.577992
SCR-001143,CRC-GLB-301,SITE-0062,INV-0123,KEN,2025-06-20,DM,37,Male,Eligible,,Yes,2026-07-30T20:12:28.577992
SCR-001144,CRC-GLB-301,SITE-0001,INV-0001,IND,2025-09-14,SJ,69,Female,Eligible,,Yes,2026-07-30T20:12:28.577992
SCR-001145,CRC-GLB-301,SITE-0051,INV-0102,ZAF,2025-07-16,MQ,27,Female,Eligible,,Yes,2026-07-30T20:12:28.577992
SCR-001146,CRC-GLB-301,SITE-0005,INV-0009,IND,2025-10-17,ET,50,Female,Screen Failure,Withdrew Consent,Yes,2026-07-30T20:12:28.577992
SCR-001147,CRC-GLB-301,SITE-0063,INV-0126,KEN,2025-11-30,KL,49,Male,Screen Failure,Inclusion Criteria Not Met,Yes,2026-07-30T20:12:28.577992
SCR-001148,CRC-GLB-301,SITE-0062,INV-0123,KEN,2025-07-05,QR,36,Female,Eligible,,Yes,2026-07-30T20:12:28.577992
SCR-001149,CRC-GLB-301,SITE-0059,INV-0117,KEN,2025-05-07,PY,38,Male,Screen Failure,Abnormal Laboratory Values,Yes,2026-07-30T20:12:28.577992
SCR-001150,CRC-GLB-301,SITE-0015,INV-0029,SGP,2025-07-23,SZ,28,Male,Screen Failure,Withdrew Consent,Yes,2026-07-30T20:12:28.577992
SCR-001151,CRC-GLB-301,SITE-0055,INV-0109,ZAF,2025-08-07,GH,66,Female,Eligible,,Yes,2026-07-30T20:12:28.577992
SCR-001152,CRC-GLB-301,SITE-0053,INV-0105,ZAF,2025-11-22,OU,36,Female,Screen Failure,Inclusion Criteria Not Met,Yes,2026-07-30T20:12:28.577992
SCR-001153,CRC-GLB-301,SITE-0027,INV-0054,CAN,2025-12-24,IZ,80,Male,Eligible,,Yes,2026-07-30T20:12:28.577992
SCR-001154,CRC-GLB-301,SITE-0013,INV-0025,SGP,2025-12-23,KK,54,Female,Eligible,,Yes,2026-07-30T20:12:28.577992
SCR-001155,CRC-GLB-301,SITE-0022,INV-0043,USA,2025-07-11,ED,80,Male,Eligible,,Yes,2026-07-30T20:12:28.577992
SCR-001156,CRC-GLB-301,SITE-0015,INV-0030,SGP,2025-10-18,VE,25,Male,Eligible,,Yes,2026-07-30T20:12:28.577992
SCR-001157,CRC-GLB-301,SITE-0025,INV-0050,CAN,2025-07-29,LX,31,Male,Eligible,,Yes,2026-07-30T20:12:28.577992
SCR-001158,CRC-GLB-301,SITE-0011,INV-0022,SGP,2025-07-13,DB,21,Male,Screen Failure,Inclusion Criteria Not Met,Yes,2026-07-30T20:12:28.577992
SCR-001159,CRC-GLB-301,SITE-0062,INV-0124,KEN,2025-01-05,BT,18,Male,Screen Failure,Inclusion Criteria Not Met,Yes,2026-07-30T20:12:28.577992
SCR-001160,CRC-GLB-301,SITE-0013,INV-0025,SGP,2025-09-25,UJ,84,Female,Eligible,,Yes,2026-07-30T20:12:28.577992
SCR-001161,CRC-GLB-301,SITE-0063,INV-0126,KEN,2025-11-06,LJ,61,Female,Screen Failure,Abnormal Laboratory Values,Yes,2026-07-30T20:12:28.577992
SCR-001162,CRC-GLB-301,SITE-0031,INV-0062,CAN,2025-12-07,KP,63,Female,Eligible,,Yes,2026-07-30T20:12:28.577992
SCR-001163,CRC-GLB-301,SITE-0013,INV-0025,SGP,2025-08-22,WK,35,Male,Eligible,,Yes,2026-07-30T20:12:28.577992
SCR-001164,CRC-GLB-301,SITE-0016,INV-0032,SGP,2025-12-25,TG,75,Female,Eligible,,Yes,2026-07-30T20:12:28.577992
SCR-001165,CRC-GLB-301,SITE-0053,INV-0105,ZAF,2025-01-02,ZY,59,Male,Eligible,,Yes,2026-07-30T20:12:28.577992
SCR-001166,CRC-GLB-301,SITE-0047,INV-0093,DEU,2025-12-14,LP,69,Male,Screen Failure,Abnormal Laboratory Values,Yes,2026-07-30T20:12:28.577992
SCR-001167,CRC-GLB-301,SITE-0045,INV-0090,DEU,2025-12-04,WX,67,Female,Screen Failure,Withdrew Consent,Yes,2026-07-30T20:12:28.577992
SCR-001168,CRC-GLB-301,SITE-0025,INV-0049,CAN,2025-09-24,WU,82,Male,Eligible,,Yes,2026-07-30T20:12:28.577992
SCR-001169,CRC-GLB-301,SITE-0017,INV-0034,USA,2025-02-14,HR,77,Male,Eligible,,Yes,2026-07-30T20:12:28.577992
SCR-001170,CRC-GLB-301,SITE-0058,INV-0115,KEN,2025-09-04,RG,45,Male,Eligible,,Yes,2026-07-30T20:12:28.577992
SCR-001171,CRC-GLB-301,SITE-0012,INV-0023,SGP,2025-08-11,ZA,59,Female,Eligible,,Yes,2026-07-30T20:12:28.577992
SCR-001172,CRC-GLB-301,SITE-0036,INV-0071,GBR,2025-12-07,MX,33,Male,Screen Failure,Abnormal Laboratory Values,Yes,2026-07-30T20:12:28.577992
SCR-001173,CRC-GLB-301,SITE-0063,INV-0125,KEN,2025-12-21,IF,26,Female,Eligible,,Yes,2026-07-30T20:12:28.577992
SCR-001174,CRC-GLB-301,SITE-0049,INV-0098,ZAF,2025-12-01,QO,73,Male,Eligible,,Yes,2026-07-30T20:12:28.577992
SCR-001175,CRC-GLB-301,SITE-0029,INV-0058,CAN,2025-03-01,HC,61,Male,Eligible,,Yes,2026-07-30T20:12:28.577992
SCR-001176,CRC-GLB-301,SITE-0015,INV-0030,SGP,2025-03-07,WY,18,Female,Eligible,,Yes,2026-07-30T20:12:28.577992
SCR-001177,CRC-GLB-301,SITE-0008,INV-0015,IND,2025-07-18,ZI,64,Male,Eligible,,Yes,2026-07-30T20:12:28.577992
SCR-001178,CRC-GLB-301,SITE-0029,INV-0057,CAN,2025-07-22,AW,58,Male,Eligible,,Yes,2026-07-30T20:12:28.577992
SCR-001179,CRC-GLB-301,SITE-0038,INV-0075,GBR,2025-09-13,RD,54,Male,Eligible,,Yes,2026-07-30T20:12:28.577992
SCR-001180,CRC-GLB-301,SITE-0005,INV-0010,IND,2025-06-08,NR,53,Female,Eligible,,Yes,2026-07-30T20:12:28.577992
SCR-001181,CRC-GLB-301,SITE-0028,INV-0056,CAN,2025-12-27,ZB,60,Male,Screen Failure,Abnormal Laboratory Values,Yes,2026-07-30T20:12:28.577992
SCR-001182,CRC-GLB-301,SITE-0027,INV-0053,CAN,2025-12-25,TY,40,Female,Eligible,,Yes,2026-07-30T20:12:28.577992
SCR-001183,CRC-GLB-301,SITE-0051,INV-0102,ZAF,2025-12-04,XE,20,Female,Eligible,,Yes,2026-07-30T20:12:28.577992
SCR-001184,CRC-GLB-301,SITE-0044,INV-0088,DEU,2025-06-28,TK,85,Female,Screen Failure,Withdrew Consent,Yes,2026-07-30T20:12:28.577992
SCR-001185,CRC-GLB-301,SITE-0037,INV-0073,GBR,2025-12-25,WK,34,Female,Eligible,,Yes,2026-07-30T20:12:28.577992
SCR-001186,CRC-GLB-301,SITE-0007,INV-0014,IND,2025-12-02,ED,79,Female,Screen Failure,Withdrew Consent,Yes,2026-07-30T20:12:28.577992
SCR-001187,CRC-GLB-301,SITE-0019,INV-0037,USA,2025-04-22,UF,19,Female,Eligible,,Yes,2026-07-30T20:12:28.577992
SCR-001188,CRC-GLB-301,SITE-0014,INV-0027,SGP,2025-07-12,YL,39,Male,Eligible,,Yes,2026-07-30T20:12:28.577992
SCR-001189,CRC-GLB-301,SITE-0013,INV-0026,SGP,2025-08-31,EB,83,Female,Eligible,,Yes,2026-07-30T20:12:28.577992
SCR-001190,CRC-GLB-301,SITE-0056,INV-0111,ZAF,2025-11-18,SG,33,Male,Eligible,,Yes,2026-07-30T20:12:28.577992
SCR-001191,CRC-GLB-301,SITE-0051,INV-0102,ZAF,2025-06-04,RY,66,Male,Eligible,,Yes,2026-07-30T20:12:28.577992
SCR-001192,CRC-GLB-301,SITE-0060,INV-0120,KEN,2025-05-21,QL,19,Male,Eligible,,Yes,2026-07-30T20:12:28.577992
SCR-001193,CRC-GLB-301,SITE-0015,INV-0029,SGP,2025-03-04,MR,83,Male,Eligible,,Yes,2026-07-30T20:12:28.577992
SCR-001194,CRC-GLB-301,SITE-0003,INV-0006,IND,2025-05-21,SC,41,Female,Eligible,,Yes,2026-07-30T20:12:28.577992
SCR-001195,CRC-GLB-301,SITE-0062,INV-0124,KEN,2025-06-02,OC,26,Male,Eligible,,Yes,2026-07-30T20:12:28.577992
SCR-001196,CRC-GLB-301,SITE-0052,INV-0103,ZAF,2025-10-12,VU,85,Female,Screen Failure,Withdrew Consent,Yes,2026-07-30T20:12:28.577992
SCR-001197,CRC-GLB-301,SITE-0009,INV-0017,SGP,2025-12-04,XE,41,Male,Screen Failure,Exclusion Criteria Met,Yes,2026-07-30T20:12:28.577992
SCR-001198,CRC-GLB-301,SITE-0058,INV-0116,KEN,2025-01-21,DF,38,Male,Screen Failure,Inclusion Criteria Not Met,Yes,2026-07-30T20:12:28.577992
SCR-001199,CRC-GLB-301,SITE-0033,INV-0065,GBR,2025-02-13,ZN,64,Male,Eligible,,Yes,2026-07-30T20:12:28.577992
SCR-001200,CRC-GLB-301,SITE-0055,INV-0109,ZAF,2025-05-08,HY,84,Female,Eligible,,Yes,2026-07-30T20:12:28.577992
SCR-001201,CRC-GLB-301,SITE-0057,INV-0113,KEN,2025-10-23,MI,63,Male,Eligible,,Yes,2026-07-30T20:12:28.577992
SCR-001202,CRC-GLB-301,SITE-0013,INV-0025,SGP,2025-05-02,AD,45,Male,Eligible,,Yes,2026-07-30T20:12:28.577992
SCR-001203,CRC-GLB-301,SITE-0028,INV-0056,CAN,2025-05-23,DQ,27,Female,Eligible,,Yes,2026-07-30T20:12:28.577992
SCR-001204,CRC-GLB-301,SITE-0034,INV-0068,GBR,2025-11-29,XK,28,Female,Eligible,,Yes,2026-07-30T20:12:28.577992
SCR-001205,CRC-GLB-301,SITE-0055,INV-0109,ZAF,2025-10-02,FQ,52,Male,Eligible,,Yes,2026-07-30T20:12:28.577992
SCR-001206,CRC-GLB-301,SITE-0048,INV-0095,DEU,2025-08-03,VI,73,Female,Eligible,,Yes,2026-07-30T20:12:28.577992
SCR-001207,CRC-GLB-301,SITE-0004,INV-0007,IND,2025-02-09,HN,70,Male,Eligible,,Yes,2026-07-30T20:12:28.577992
SCR-001208,CRC-GLB-301,SITE-0043,INV-0085,DEU,2025-07-05,XU,36,Male,Eligible,,Yes,2026-07-30T20:12:28.577992
SCR-001209,CRC-GLB-301,SITE-0036,INV-0071,GBR,2025-02-20,JZ,66,Male,Eligible,,Yes,2026-07-30T20:12:28.577992
SCR-001210,CRC-GLB-301,SITE-0016,INV-0031,SGP,2025-10-29,VM,85,Female,Screen Failure,Abnormal Laboratory Values,Yes,2026-07-30T20:12:28.577992
SCR-001211,CRC-GLB-301,SITE-0037,INV-0074,GBR,2025-11-08,CB,58,Female,Eligible,,Yes,2026-07-30T20:12:28.577992
SCR-001212,CRC-GLB-301,SITE-0024,INV-0048,USA,2025-12-14,ZN,69,Female,Eligible,,Yes,2026-07-30T20:12:28.577992
SCR-001213,CRC-GLB-301,SITE-0017,INV-0034,USA,2025-01-05,RS,34,Male,Eligible,,Yes,2026-07-30T20:12:28.577992
SCR-001214,CRC-GLB-301,SITE-0049,INV-0098,ZAF,2025-11-24,ZS,49,Female,Screen Failure,Inclusion Criteria Not Met,Yes,2026-07-30T20:12:28.577992
SCR-001215,CRC-GLB-301,SITE-0059,INV-0117,KEN,2025-08-13,ZU,82,Female,Eligible,,Yes,2026-07-30T20:12:28.577992
SCR-001216,CRC-GLB-301,SITE-0036,INV-0072,GBR,2025-09-24,YW,47,Female,Eligible,,Yes,2026-07-30T20:12:28.577992
SCR-001217,CRC-GLB-301,SITE-0012,INV-0024,SGP,2025-07-28,UV,28,Male,Eligible,,Yes,2026-07-30T20:12:28.577992
SCR-001218,CRC-GLB-301,SITE-0031,INV-0061,CAN,2025-03-26,OC,54,Female,Eligible,,Yes,2026-07-30T20:12:28.577992
SCR-001219,CRC-GLB-301,SITE-0002,INV-0004,IND,2025-12-13,NT,79,Female,Eligible,,Yes,2026-07-30T20:12:28.577992
SCR-001220,CRC-GLB-301,SITE-0016,INV-0032,SGP,2025-01-08,QX,18,Female,Eligible,,Yes,2026-07-30T20:12:28.577992
SCR-001221,CRC-GLB-301,SITE-0045,INV-0089,DEU,2025-11-07,LE,85,Male,Screen Failure,Inclusion Criteria Not Met,Yes,2026-07-30T20:12:28.577992
SCR-001222,CRC-GLB-301,SITE-0023,INV-0045,USA,2025-07-07,VN,24,Female,Eligible,,Yes,2026-07-30T20:12:28.577992
SCR-001223,CRC-GLB-301,SITE-0064,INV-0128,KEN,2025-03-29,JC,49,Male,Eligible,,Yes,2026-07-30T20:12:28.577992
SCR-001224,CRC-GLB-301,SITE-0038,INV-0076,GBR,2025-05-31,GA,68,Male,Screen Failure,Withdrew Consent,Yes,2026-07-30T20:12:28.577992
SCR-001225,CRC-GLB-301,SITE-0040,INV-0079,GBR,2025-08-26,XW,25,Female,Eligible,,Yes,2026-07-30T20:12:28.577992
SCR-001226,CRC-GLB-301,SITE-0001,INV-0002,IND,2025-06-18,HC,62,Male,Eligible,,Yes,2026-07-30T20:12:28.577992
SCR-001227,CRC-GLB-301,SITE-0052,INV-0104,ZAF,2025-01-05,CM,28,Male,Eligible,,Yes,2026-07-30T20:12:28.577992
SCR-001228,CRC-GLB-301,SITE-0053,INV-0105,ZAF,2025-09-07,AU,50,Male,Eligible,,Yes,2026-07-30T20:12:28.577992
SCR-001229,CRC-GLB-301,SITE-0061,INV-0122,KEN,2025-06-03,JX,52,Male,Screen Failure,Abnormal Laboratory Values,Yes,2026-07-30T20:12:28.577992
SCR-001230,CRC-GLB-301,SITE-0057,INV-0114,KEN,2025-03-24,DT,18,Female,Eligible,,Yes,2026-07-30T20:12:28.577992
SCR-001231,CRC-GLB-301,SITE-0026,INV-0051,CAN,2025-05-26,BK,60,Male,Screen Failure,Exclusion Criteria Met,Yes,2026-07-30T20:12:28.577992
SCR-001232,CRC-GLB-301,SITE-0021,INV-0041,USA,2025-09-03,YZ,33,Female,Eligible,,Yes,2026-07-30T20:12:28.577992
SCR-001233,CRC-GLB-301,SITE-0063,INV-0126,KEN,2025-12-16,SI,69,Female,Eligible,,Yes,2026-07-30T20:12:28.577992
SCR-001234,CRC-GLB-301,SITE-0017,INV-0033,USA,2025-02-25,UD,62,Male,Eligible,,Yes,2026-07-30T20:12:28.577992
SCR-001235,CRC-GLB-301,SITE-0031,INV-0061,CAN,2025-12-14,VL,19,Female,Eligible,,Yes,2026-07-30T20:12:28.577992
SCR-001236,CRC-GLB-301,SITE-0062,INV-0124,KEN,2025-05-25,MT,49,Male,Eligible,,Yes,2026-07-30T20:12:28.577992
SCR-001237,CRC-GLB-301,SITE-0024,INV-0047,USA,2025-02-28,WZ,49,Female,Screen Failure,Abnormal Laboratory Values,Yes,2026-07-30T20:12:28.577992
SCR-001238,CRC-GLB-301,SITE-0026,INV-0052,CAN,2025-12-28,UC,82,Male,Eligible,,Yes,2026-07-30T20:12:28.577992
SCR-001239,CRC-GLB-301,SITE-0025,INV-0049,CAN,2025-03-03,DA,42,Male,Screen Failure,Exclusion Criteria Met,Yes,2026-07-30T20:12:28.577992
SCR-001240,CRC-GLB-301,SITE-0055,INV-0109,ZAF,2025-11-12,FW,66,Female,Eligible,,Yes,2026-07-30T20:12:28.577992
SCR-001241,CRC-GLB-301,SITE-0040,INV-0079,GBR,2025-06-22,LB,72,Male,Screen Failure,Exclusion Criteria Met,Yes,2026-07-30T20:12:28.577992
SCR-001242,CRC-GLB-301,SITE-0039,INV-0077,GBR,2025-05-18,JY,71,Male,Eligible,,Yes,2026-07-30T20:12:28.577992
SCR-001243,CRC-GLB-301,SITE-0041,INV-0081,DEU,2025-04-04,BB,59,Male,Eligible,,Yes,2026-07-30T20:12:28.577992
SCR-001244,CRC-GLB-301,SITE-0037,INV-0074,GBR,2025-11-07,CE,80,Female,Screen Failure,Abnormal Laboratory Values,Yes,2026-07-30T20:12:28.577992
SCR-001245,CRC-GLB-301,SITE-0043,INV-0086,DEU,2025-02-27,CA,34,Female,Eligible,,Yes,2026-07-30T20:12:28.577992
SCR-001246,CRC-GLB-301,SITE-0047,INV-0094,DEU,2025-10-29,NJ,53,Male,Eligible,,Yes,2026-07-30T20:12:28.577992
SCR-001247,CRC-GLB-301,SITE-0050,INV-0099,ZAF,2025-02-24,DT,33,Male,Eligible,,Yes,2026-07-30T20:12:28.577992
SCR-001248,CRC-GLB-301,SITE-0025,INV-0049,CAN,2025-12-27,LC,61,Female,Eligible,,Yes,2026-07-30T20:12:28.577992
SCR-001249,CRC-GLB-301,SITE-0061,INV-0121,KEN,2025-01-23,DK,50,Female,Screen Failure,Exclusion Criteria Met,Yes,2026-07-30T20:12:28.577992
SCR-001250,CRC-GLB-301,SITE-0047,INV-0094,DEU,2025-11-19,SX,26,Female,Eligible,,Yes,2026-07-30T20:12:28.577992
SCR-001251,CRC-GLB-301,SITE-0054,INV-0107,ZAF,2025-11-03,HZ,55,Male,Screen Failure,Exclusion Criteria Met,Yes,2026-07-30T20:12:28.577992
SCR-001252,CRC-GLB-301,SITE-0008,INV-0015,IND,2025-07-23,MN,83,Male,Eligible,,Yes,2026-07-30T20:12:28.577992
SCR-001253,CRC-GLB-301,SITE-0022,INV-0044,USA,2025-09-18,JU,69,Female,Eligible,,Yes,2026-07-30T20:12:28.577992
SCR-001254,CRC-GLB-301,SITE-0027,INV-0053,CAN,2025-01-02,EF,19,Female,Eligible,,Yes,2026-07-30T20:12:28.577992
SCR-001255,CRC-GLB-301,SITE-0034,INV-0068,GBR,2025-04-23,HG,33,Male,Eligible,,Yes,2026-07-30T20:12:28.577992
SCR-001256,CRC-GLB-301,SITE-0029,INV-0057,CAN,2025-10-01,GB,36,Female,Eligible,,Yes,2026-07-30T20:12:28.577992
SCR-001257,CRC-GLB-301,SITE-0018,INV-0036,USA,2025-01-27,QG,44,Male,Eligible,,Yes,2026-07-30T20:12:28.577992
SCR-001258,CRC-GLB-301,SITE-0001,INV-0002,IND,2025-11-20,PJ,28,Female,Eligible,,Yes,2026-07-30T20:12:28.577992
SCR-001259,CRC-GLB-301,SITE-0018,INV-0036,USA,2025-11-10,HZ,19,Female,Eligible,,Yes,2026-07-30T20:12:28.577992
SCR-001260,CRC-GLB-301,SITE-0029,INV-0058,CAN,2025-04-01,GA,31,Female,Eligible,,Yes,2026-07-30T20:12:28.577992
SCR-001261,CRC-GLB-301,SITE-0033,INV-0065,GBR,2025-08-15,FG,68,Male,Eligible,,Yes,2026-07-30T20:12:28.577992
SCR-001262,CRC-GLB-301,SITE-0058,INV-0115,KEN,2025-07-08,DM,81,Male,Screen Failure,Withdrew Consent,Yes,2026-07-30T20:12:28.577992
SCR-001263,CRC-GLB-301,SITE-0059,INV-0117,KEN,2025-04-01,EM,41,Female,Eligible,,Yes,2026-07-30T20:12:28.577992
SCR-001264,CRC-GLB-301,SITE-0003,INV-0006,IND,2025-03-25,XV,42,Male,Eligible,,Yes,2026-07-30T20:12:28.577992
SCR-001265,CRC-GLB-301,SITE-0019,INV-0037,USA,2025-08-07,GX,69,Male,Eligible,,Yes,2026-07-30T20:12:28.577992
SCR-001266,CRC-GLB-301,SITE-0018,INV-0035,USA,2025-11-05,CJ,32,Male,Eligible,,Yes,2026-07-30T20:12:28.577992
SCR-001267,CRC-GLB-301,SITE-0006,INV-0011,IND,2025-05-08,UG,19,Male,Eligible,,Yes,2026-07-30T20:12:28.577992
SCR-001268,CRC-GLB-301,SITE-0014,INV-0028,SGP,2025-12-29,CD,74,Male,Eligible,,Yes,2026-07-30T20:12:28.577992
SCR-001269,CRC-GLB-301,SITE-0040,INV-0080,GBR,2025-09-03,EB,52,Male,Eligible,,Yes,2026-07-30T20:12:28.577992
SCR-001270,CRC-GLB-301,SITE-0003,INV-0005,IND,2025-02-22,OC,71,Male,Eligible,,Yes,2026-07-30T20:12:28.577992
SCR-001271,CRC-GLB-301,SITE-0001,INV-0001,IND,2025-01-13,FK,63,Female,Eligible,,Yes,2026-07-30T20:12:28.577992
SCR-001272,CRC-GLB-301,SITE-0029,INV-0058,CAN,2025-09-09,EC,31,Female,Screen Failure,Inclusion Criteria Not Met,Yes,2026-07-30T20:12:28.577992
SCR-001273,CRC-GLB-301,SITE-0046,INV-0091,DEU,2025-11-12,IJ,28,Male,Eligible,,Yes,2026-07-30T20:12:28.577992
SCR-001274,CRC-GLB-301,SITE-0020,INV-0039,USA,2025-08-08,NP,72,Male,Eligible,,Yes,2026-07-30T20:12:28.577992
SCR-001275,CRC-GLB-301,SITE-0039,INV-0078,GBR,2025-06-28,WH,81,Female,Eligible,,Yes,2026-07-30T20:12:28.577992
SCR-001276,CRC-GLB-301,SITE-0034,INV-0067,GBR,2025-01-02,WZ,36,Female,Eligible,,Yes,2026-07-30T20:12:28.577992
SCR-001277,CRC-GLB-301,SITE-0019,INV-0038,USA,2025-08-17,SU,79,Male,Eligible,,Yes,2026-07-30T20:12:28.577992
SCR-001278,CRC-GLB-301,SITE-0015,INV-0030,SGP,2025-03-16,CZ,41,Female,Screen Failure,Abnormal Laboratory Values,Yes,2026-07-30T20:12:28.577992
SCR-001279,CRC-GLB-301,SITE-0046,INV-0092,DEU,2025-09-11,LS,70,Female,Eligible,,Yes,2026-07-30T20:12:28.577992
SCR-001280,CRC-GLB-301,SITE-0018,INV-0035,USA,2025-07-16,KM,81,Male,Eligible,,Yes,2026-07-30T20:12:28.577992
SCR-001281,CRC-GLB-301,SITE-0050,INV-0099,ZAF,2025-10-25,SN,46,Male,Eligible,,Yes,2026-07-30T20:12:28.577992
SCR-001282,CRC-GLB-301,SITE-0031,INV-0062,CAN,2025-01-02,FW,64,Female,Eligible,,Yes,2026-07-30T20:12:28.577992
SCR-001283,CRC-GLB-301,SITE-0018,INV-0035,USA,2025-01-31,XJ,35,Female,Eligible,,Yes,2026-07-30T20:12:28.577992
SCR-001284,CRC-GLB-301,SITE-0059,INV-0117,KEN,2025-10-10,ZX,49,Male,Eligible,,Yes,2026-07-30T20:12:28.577992
SCR-001285,CRC-GLB-301,SITE-0029,INV-0057,CAN,2025-03-12,DS,36,Female,Eligible,,Yes,2026-07-30T20:12:28.577992
SCR-001286,CRC-GLB-301,SITE-0004,INV-0008,IND,2025-07-10,BC,27,Female,Eligible,,Yes,2026-07-30T20:12:28.577992
SCR-001287,CRC-GLB-301,SITE-0021,INV-0041,USA,2025-03-17,JC,27,Male,Eligible,,Yes,2026-07-30T20:12:28.577992
SCR-001288,CRC-GLB-301,SITE-0054,INV-0107,ZAF,2025-04-04,MD,85,Female,Eligible,,Yes,2026-07-30T20:12:28.577992
SCR-001289,CRC-GLB-301,SITE-0061,INV-0122,KEN,2025-06-22,LQ,19,Female,Eligible,,Yes,2026-07-30T20:12:28.577992
SCR-001290,CRC-GLB-301,SITE-0015,INV-0029,SGP,2025-01-31,WA,40,Male,Eligible,,Yes,2026-07-30T20:12:28.577992
SCR-001291,CRC-GLB-301,SITE-0002,INV-0004,IND,2025-08-05,RW,51,Female,Eligible,,Yes,2026-07-30T20:12:28.577992
SCR-001292,CRC-GLB-301,SITE-0030,INV-0060,CAN,2025-03-22,HC,66,Male,Eligible,,Yes,2026-07-30T20:12:28.577992
SCR-001293,CRC-GLB-301,SITE-0028,INV-0056,CAN,2025-11-13,BK,27,Female,Eligible,,Yes,2026-07-30T20:12:28.577992
SCR-001294,CRC-GLB-301,SITE-0062,INV-0124,KEN,2025-12-01,QV,39,Male,Eligible,,Yes,2026-07-30T20:12:28.577992
SCR-001295,CRC-GLB-301,SITE-0048,INV-0096,DEU,2025-05-19,CC,60,Male,Screen Failure,Exclusion Criteria Met,Yes,2026-07-30T20:12:28.577992
SCR-001296,CRC-GLB-301,SITE-0031,INV-0062,CAN,2025-03-25,OB,19,Female,Eligible,,Yes,2026-07-30T20:12:28.577992
SCR-001297,CRC-GLB-301,SITE-0025,INV-0049,CAN,2025-11-23,YG,28,Male,Eligible,,Yes,2026-07-30T20:12:28.577992
SCR-001298,CRC-GLB-301,SITE-0062,INV-0123,KEN,2025-01-25,IY,19,Female,Eligible,,Yes,2026-07-30T20:12:28.577992
SCR-001299,CRC-GLB-301,SITE-0037,INV-0074,GBR,2025-09-14,FT,63,Male,Eligible,,Yes,2026-07-30T20:12:28.577992
SCR-001300,CRC-GLB-301,SITE-0013,INV-0026,SGP,2025-07-28,XN,82,Male,Eligible,,Yes,2026-07-30T20:12:28.577992
SCR-001301,CRC-GLB-301,SITE-0004,INV-0008,IND,2025-09-02,PW,55,Male,Eligible,,Yes,2026-07-30T20:12:28.577992
SCR-001302,CRC-GLB-301,SITE-0020,INV-0040,USA,2025-11-17,CS,45,Male,Screen Failure,Inclusion Criteria Not Met,Yes,2026-07-30T20:12:28.577992
SCR-001303,CRC-GLB-301,SITE-0021,INV-0042,USA,2025-08-18,UI,64,Female,Eligible,,Yes,2026-07-30T20:12:28.577992
SCR-001304,CRC-GLB-301,SITE-0006,INV-0012,IND,2025-05-03,FP,27,Male,Eligible,,Yes,2026-07-30T20:12:28.577992
SCR-001305,CRC-GLB-301,SITE-0064,INV-0127,KEN,2025-01-08,DW,29,Female,Eligible,,Yes,2026-07-30T20:12:28.577992
SCR-001306,CRC-GLB-301,SITE-0013,INV-0026,SGP,2025-03-28,YE,53,Female,Screen Failure,Abnormal Laboratory Values,Yes,2026-07-30T20:12:28.577992
SCR-001307,CRC-GLB-301,SITE-0046,INV-0091,DEU,2025-02-06,EU,51,Female,Eligible,,Yes,2026-07-30T20:12:28.577992
SCR-001308,CRC-GLB-301,SITE-0033,INV-0066,GBR,2025-03-05,ZM,64,Female,Screen Failure,Exclusion Criteria Met,Yes,2026-07-30T20:12:28.577992
SCR-001309,CRC-GLB-301,SITE-0052,INV-0104,ZAF,2025-11-14,XD,64,Female,Eligible,,Yes,2026-07-30T20:12:28.577992
SCR-001310,CRC-GLB-301,SITE-0048,INV-0095,DEU,2025-09-17,LW,23,Male,Screen Failure,Withdrew Consent,Yes,2026-07-30T20:12:28.577992
SCR-001311,CRC-GLB-301,SITE-0032,INV-0063,CAN,2025-03-21,WH,38,Female,Eligible,,Yes,2026-07-30T20:12:28.577992
SCR-001312,CRC-GLB-301,SITE-0010,INV-0019,SGP,2025-08-25,RJ,77,Female,Screen Failure,Withdrew Consent,Yes,2026-07-30T20:12:28.577992
SCR-001313,CRC-GLB-301,SITE-0014,INV-0027,SGP,2025-04-03,TX,68,Female,Eligible,,Yes,2026-07-30T20:12:28.577992
SCR-001314,CRC-GLB-301,SITE-0026,INV-0052,CAN,2025-02-03,IZ,80,Male,Screen Failure,Abnormal Laboratory Values,Yes,2026-07-30T20:12:28.577992
SCR-001315,CRC-GLB-301,SITE-0061,INV-0121,KEN,2025-05-23,LO,78,Male,Eligible,,Yes,2026-07-30T20:12:28.577992
SCR-001316,CRC-GLB-301,SITE-0028,INV-0056,CAN,2025-10-18,AP,66,Male,Eligible,,Yes,2026-07-30T20:12:28.577992
SCR-001317,CRC-GLB-301,SITE-0047,INV-0094,DEU,2025-08-31,FF,20,Female,Eligible,,Yes,2026-07-30T20:12:28.577992
SCR-001318,CRC-GLB-301,SITE-0035,INV-0070,GBR,2025-11-22,ED,53,Female,Eligible,,Yes,2026-07-30T20:12:28.577992
SCR-001319,CRC-GLB-301,SITE-0011,INV-0022,SGP,2025-12-31,LK,45,Female,Eligible,,Yes,2026-07-30T20:12:28.577992
SCR-001320,CRC-GLB-301,SITE-0024,INV-0047,USA,2025-02-17,XL,56,Male,Eligible,,Yes,2026-07-30T20:12:28.577992
SCR-001321,CRC-GLB-301,SITE-0026,INV-0052,CAN,2025-08-03,MN,38,Female,Eligible,,Yes,2026-07-30T20:12:28.577992
SCR-001322,CRC-GLB-301,SITE-0046,INV-0092,DEU,2025-01-06,OX,43,Male,Eligible,,Yes,2026-07-30T20:12:28.577992
SCR-001323,CRC-GLB-301,SITE-0019,INV-0038,USA,2025-01-08,DL,36,Female,Screen Failure,Abnormal Laboratory Values,Yes,2026-07-30T20:12:28.577992
SCR-001324,CRC-GLB-301,SITE-0041,INV-0081,DEU,2025-12-12,KN,18,Female,Eligible,,Yes,2026-07-30T20:12:28.577992
SCR-001325,CRC-GLB-301,SITE-0017,INV-0034,USA,2025-01-19,FZ,71,Male,Screen Failure,Inclusion Criteria Not Met,Yes,2026-07-30T20:12:28.577992
SCR-001326,CRC-GLB-301,SITE-0049,INV-0097,ZAF,2025-06-28,FE,19,Female,Eligible,,Yes,2026-07-30T20:12:28.577992
SCR-001327,CRC-GLB-301,SITE-0047,INV-0093,DEU,2025-06-04,XN,33,Female,Eligible,,Yes,2026-07-30T20:12:28.577992
SCR-001328,CRC-GLB-301,SITE-0059,INV-0118,KEN,2025-06-30,JO,84,Female,Screen Failure,Withdrew Consent,Yes,2026-07-30T20:12:28.577992
SCR-001329,CRC-GLB-301,SITE-0015,INV-0029,SGP,2025-08-23,LE,38,Female,Eligible,,Yes,2026-07-30T20:12:28.577992
SCR-001330,CRC-GLB-301,SITE-0049,INV-0098,ZAF,2025-12-04,RL,54,Male,Eligible,,Yes,2026-07-30T20:12:28.577992
SCR-001331,CRC-GLB-301,SITE-0012,INV-0023,SGP,2025-02-15,QQ,70,Male,Eligible,,Yes,2026-07-30T20:12:28.577992
SCR-001332,CRC-GLB-301,SITE-0064,INV-0127,KEN,2025-11-21,LP,22,Female,Eligible,,Yes,2026-07-30T20:12:28.577992
SCR-001333,CRC-GLB-301,SITE-0054,INV-0107,ZAF,2025-04-25,UO,32,Male,Eligible,,Yes,2026-07-30T20:12:28.577992
SCR-001334,CRC-GLB-301,SITE-0061,INV-0121,KEN,2025-08-26,KV,68,Male,Screen Failure,Abnormal Laboratory Values,Yes,2026-07-30T20:12:28.577992
SCR-001335,CRC-GLB-301,SITE-0048,INV-0095,DEU,2025-05-18,WG,71,Male,Screen Failure,Abnormal Laboratory Values,Yes,2026-07-30T20:12:28.577992
SCR-001336,CRC-GLB-301,SITE-0001,INV-0002,IND,2025-01-17,AD,65,Female,Eligible,,Yes,2026-07-30T20:12:28.577992
SCR-001337,CRC-GLB-301,SITE-0043,INV-0085,DEU,2025-10-20,ZG,68,Male,Eligible,,Yes,2026-07-30T20:12:28.577992
SCR-001338,CRC-GLB-301,SITE-0051,INV-0101,ZAF,2025-10-23,LY,67,Male,Eligible,,Yes,2026-07-30T20:12:28.577992
SCR-001339,CRC-GLB-301,SITE-0052,INV-0104,ZAF,2025-09-22,EG,34,Male,Eligible,,Yes,2026-07-30T20:12:28.577992
SCR-001340,CRC-GLB-301,SITE-0051,INV-0102,ZAF,2025-10-11,EI,29,Male,Eligible,,Yes,2026-07-30T20:12:28.577992
SCR-001341,CRC-GLB-301,SITE-0004,INV-0008,IND,2025-01-06,QP,21,Male,Eligible,,Yes,2026-07-30T20:12:28.577992
SCR-001342,CRC-GLB-301,SITE-0049,INV-0097,ZAF,2025-03-08,ZQ,63,Male,Eligible,,Yes,2026-07-30T20:12:28.577992
SCR-001343,CRC-GLB-301,SITE-0031,INV-0061,CAN,2025-04-10,NG,66,Female,Screen Failure,Abnormal Laboratory Values,Yes,2026-07-30T20:12:28.577992
SCR-001344,CRC-GLB-301,SITE-0007,INV-0014,IND,2025-02-12,YQ,31,Male,Eligible,,Yes,2026-07-30T20:12:28.577992
SCR-001345,CRC-GLB-301,SITE-0059,INV-0117,KEN,2025-02-24,DG,41,Male,Eligible,,Yes,2026-07-30T20:12:28.577992
SCR-001346,CRC-GLB-301,SITE-0010,INV-0020,SGP,2025-07-05,XF,30,Female,Eligible,,Yes,2026-07-30T20:12:28.577992
SCR-001347,CRC-GLB-301,SITE-0003,INV-0006,IND,2025-02-07,MQ,44,Female,Eligible,,Yes,2026-07-30T20:12:28.577992
SCR-001348,CRC-GLB-301,SITE-0049,INV-0098,ZAF,2025-11-21,XV,41,Female,Eligible,,Yes,2026-07-30T20:12:28.577992
SCR-001349,CRC-GLB-301,SITE-0002,INV-0003,IND,2025-03-02,ZZ,79,Male,Screen Failure,Inclusion Criteria Not Met,Yes,2026-07-30T20:12:28.577992
SCR-001350,CRC-GLB-301,SITE-0021,INV-0042,USA,2025-03-04,FA,20,Male,Eligible,,Yes,2026-07-30T20:12:28.577992
SCR-001351,CRC-GLB-301,SITE-0028,INV-0056,CAN,2025-04-22,AD,28,Male,Screen Failure,Inclusion Criteria Not Met,Yes,2026-07-30T20:12:28.577992
SCR-001352,CRC-GLB-301,SITE-0035,INV-0070,GBR,2025-09-04,FC,55,Female,Eligible,,Yes,2026-07-30T20:12:28.577992
SCR-001353,CRC-GLB-301,SITE-0064,INV-0128,KEN,2025-09-20,YX,50,Male,Eligible,,Yes,2026-07-30T20:12:28.577992
SCR-001354,CRC-GLB-301,SITE-0026,INV-0052,CAN,2025-07-21,CU,57,Male,Eligible,,Yes,2026-07-30T20:12:28.577992
SCR-001355,CRC-GLB-301,SITE-0027,INV-0054,CAN,2025-08-10,WL,52,Female,Eligible,,Yes,2026-07-30T20:12:28.577992
SCR-001356,CRC-GLB-301,SITE-0014,INV-0028,SGP,2025-04-13,OJ,26,Female,Screen Failure,Withdrew Consent,Yes,2026-07-30T20:12:28.577992
SCR-001357,CRC-GLB-301,SITE-0022,INV-0043,USA,2025-10-28,KP,85,Female,Screen Failure,Abnormal Laboratory Values,Yes,2026-07-30T20:12:28.577992
SCR-001358,CRC-GLB-301,SITE-0051,INV-0101,ZAF,2025-02-28,EI,41,Female,Eligible,,Yes,2026-07-30T20:12:28.577992
SCR-001359,CRC-GLB-301,SITE-0032,INV-0063,CAN,2025-04-21,RJ,58,Male,Eligible,,Yes,2026-07-30T20:12:28.577992
SCR-001360,CRC-GLB-301,SITE-0002,INV-0004,IND,2025-12-19,AI,77,Female,Eligible,,Yes,2026-07-30T20:12:28.577992
SCR-001361,CRC-GLB-301,SITE-0030,INV-0059,CAN,2025-05-26,PN,31,Female,Screen Failure,Withdrew Consent,Yes,2026-07-30T20:12:28.577992
SCR-001362,CRC-GLB-301,SITE-0010,INV-0020,SGP,2025-12-16,TI,58,Male,Eligible,,Yes,2026-07-30T20:12:28.577992
SCR-001363,CRC-GLB-301,SITE-0026,INV-0051,CAN,2025-09-10,MZ,71,Male,Eligible,,Yes,2026-07-30T20:12:28.577992
SCR-001364,CRC-GLB-301,SITE-0016,INV-0032,SGP,2025-03-29,PP,48,Male,Eligible,,Yes,2026-07-30T20:12:28.577992
SCR-001365,CRC-GLB-301,SITE-0037,INV-0073,GBR,2025-11-26,UO,18,Female,Eligible,,Yes,2026-07-30T20:12:28.577992
SCR-001366,CRC-GLB-301,SITE-0037,INV-0073,GBR,2025-07-26,AN,85,Male,Eligible,,Yes,2026-07-30T20:12:28.577992
SCR-001367,CRC-GLB-301,SITE-0044,INV-0087,DEU,2025-02-05,MV,71,Female,Eligible,,Yes,2026-07-30T20:12:28.577992
SCR-001368,CRC-GLB-301,SITE-0036,INV-0072,GBR,2025-07-24,CU,81,Male,Screen Failure,Abnormal Laboratory Values,Yes,2026-07-30T20:12:28.577992
SCR-001369,CRC-GLB-301,SITE-0051,INV-0102,ZAF,2025-12-23,ZM,33,Female,Eligible,,Yes,2026-07-30T20:12:28.577992
SCR-001370,CRC-GLB-301,SITE-0014,INV-0027,SGP,2025-04-25,BA,31,Female,Eligible,,Yes,2026-07-30T20:12:28.577992
SCR-001371,CRC-GLB-301,SITE-0056,INV-0111,ZAF,2025-02-15,EX,65,Male,Screen Failure,Exclusion Criteria Met,Yes,2026-07-30T20:12:28.577992
SCR-001372,CRC-GLB-301,SITE-0007,INV-0014,IND,2025-01-23,CY,27,Female,Eligible,,Yes,2026-07-30T20:12:28.577992
SCR-001373,CRC-GLB-301,SITE-0043,INV-0086,DEU,2025-12-24,ED,76,Male,Screen Failure,Abnormal Laboratory Values,Yes,2026-07-30T20:12:28.577992
SCR-001374,CRC-GLB-301,SITE-0017,INV-0034,USA,2025-03-17,TX,70,Female,Eligible,,Yes,2026-07-30T20:12:28.577992
SCR-001375,CRC-GLB-301,SITE-0016,INV-0031,SGP,2025-10-23,MM,53,Female,Eligible,,Yes,2026-07-30T20:12:28.577992
SCR-001376,CRC-GLB-301,SITE-0062,INV-0123,KEN,2025-05-16,TS,63,Male,Screen Failure,Inclusion Criteria Not Met,Yes,2026-07-30T20:12:28.577992
SCR-001377,CRC-GLB-301,SITE-0027,INV-0053,CAN,2025-02-08,ZB,19,Male,Eligible,,Yes,2026-07-30T20:12:28.577992
SCR-001378,CRC-GLB-301,SITE-0060,INV-0120,KEN,2025-04-07,MI,85,Female,Eligible,,Yes,2026-07-30T20:12:28.577992
SCR-001379,CRC-GLB-301,SITE-0040,INV-0080,GBR,2025-12-02,EN,34,Male,Eligible,,Yes,2026-07-30T20:12:28.577992
SCR-001380,CRC-GLB-301,SITE-0047,INV-0094,DEU,2025-08-20,WN,69,Male,Eligible,,Yes,2026-07-30T20:12:28.577992
SCR-001381,CRC-GLB-301,SITE-0009,INV-0018,SGP,2025-08-05,EH,31,Male,Eligible,,Yes,2026-07-30T20:12:28.577992
SCR-001382,CRC-GLB-301,SITE-0060,INV-0119,KEN,2025-02-26,GX,41,Female,Eligible,,Yes,2026-07-30T20:12:28.577992
SCR-001383,CRC-GLB-301,SITE-0004,INV-0008,IND,2025-06-30,GY,28,Female,Screen Failure,Withdrew Consent,Yes,2026-07-30T20:12:28.577992
SCR-001384,CRC-GLB-301,SITE-0056,INV-0111,ZAF,2025-03-19,KL,60,Male,Eligible,,Yes,2026-07-30T20:12:28.577992
SCR-001385,CRC-GLB-301,SITE-0057,INV-0114,KEN,2025-07-09,CQ,72,Male,Eligible,,Yes,2026-07-30T20:12:28.577992
SCR-001386,CRC-GLB-301,SITE-0038,INV-0075,GBR,2025-07-26,EH,81,Female,Eligible,,Yes,2026-07-30T20:12:28.577992
SCR-001387,CRC-GLB-301,SITE-0014,INV-0027,SGP,2025-11-27,GC,32,Male,Eligible,,Yes,2026-07-30T20:12:28.577992
SCR-001388,CRC-GLB-301,SITE-0005,INV-0010,IND,2025-05-03,BC,46,Female,Eligible,,Yes,2026-07-30T20:12:28.577992
SCR-001389,CRC-GLB-301,SITE-0051,INV-0102,ZAF,2025-04-23,TW,52,Female,Screen Failure,Inclusion Criteria Not Met,Yes,2026-07-30T20:12:28.577992
SCR-001390,CRC-GLB-301,SITE-0027,INV-0053,CAN,2025-04-15,JH,54,Male,Eligible,,Yes,2026-07-30T20:12:28.577992
SCR-001391,CRC-GLB-301,SITE-0013,INV-0025,SGP,2025-09-15,XQ,57,Male,Eligible,,Yes,2026-07-30T20:12:28.577992
SCR-001392,CRC-GLB-301,SITE-0022,INV-0044,USA,2025-12-15,BE,76,Male,Eligible,,Yes,2026-07-30T20:12:28.577992
SCR-001393,CRC-GLB-301,SITE-0002,INV-0004,IND,2025-08-08,IE,51,Male,Eligible,,Yes,2026-07-30T20:12:28.577992
SCR-001394,CRC-GLB-301,SITE-0022,INV-0043,USA,2025-11-01,JM,18,Female,Eligible,,Yes,2026-07-30T20:12:28.577992
SCR-001395,CRC-GLB-301,SITE-0032,INV-0064,CAN,2025-02-26,BA,55,Male,Eligible,,Yes,2026-07-30T20:12:28.577992
SCR-001396,CRC-GLB-301,SITE-0022,INV-0043,USA,2025-02-21,HT,75,Female,Screen Failure,Inclusion Criteria Not Met,Yes,2026-07-30T20:12:28.577992
SCR-001397,CRC-GLB-301,SITE-0045,INV-0090,DEU,2025-12-06,MJ,19,Female,Eligible,,Yes,2026-07-30T20:12:28.577992
SCR-001398,CRC-GLB-301,SITE-0039,INV-0078,GBR,2025-09-23,UW,79,Male,Eligible,,Yes,2026-07-30T20:12:28.577992
SCR-001399,CRC-GLB-301,SITE-0035,INV-0069,GBR,2025-03-17,ZW,36,Female,Eligible,,Yes,2026-07-30T20:12:28.577992
SCR-001400,CRC-GLB-301,SITE-0064,INV-0127,KEN,2025-05-06,PS,73,Female,Eligible,,Yes,2026-07-30T20:12:28.577992
SCR-001401,CRC-GLB-301,SITE-0027,INV-0053,CAN,2025-04-10,XJ,31,Female,Eligible,,Yes,2026-07-30T20:12:28.577992
SCR-001402,CRC-GLB-301,SITE-0058,INV-0115,KEN,2025-05-16,XJ,60,Female,Eligible,,Yes,2026-07-30T20:12:28.577992
SCR-001403,CRC-GLB-301,SITE-0054,INV-0108,ZAF,2025-06-08,EP,61,Male,Eligible,,Yes,2026-07-30T20:12:28.577992
SCR-001404,CRC-GLB-301,SITE-0056,INV-0112,ZAF,2025-10-18,ZU,54,Male,Eligible,,Yes,2026-07-30T20:12:28.577992
SCR-001405,CRC-GLB-301,SITE-0002,INV-0004,IND,2025-12-17,DR,84,Female,Eligible,,Yes,2026-07-30T20:12:28.577992
SCR-001406,CRC-GLB-301,SITE-0021,INV-0042,USA,2025-09-07,HU,19,Female,Eligible,,Yes,2026-07-30T20:12:28.577992
SCR-001407,CRC-GLB-301,SITE-0006,INV-0011,IND,2025-10-31,DM,18,Female,Screen Failure,Abnormal Laboratory Values,Yes,2026-07-30T20:12:28.577992
SCR-001408,CRC-GLB-301,SITE-0046,INV-0091,DEU,2025-05-09,DW,82,Male,Screen Failure,Inclusion Criteria Not Met,Yes,2026-07-30T20:12:28.577992
SCR-001409,CRC-GLB-301,SITE-0012,INV-0024,SGP,2025-03-15,ZF,28,Female,Eligible,,Yes,2026-07-30T20:12:28.577992
SCR-001410,CRC-GLB-301,SITE-0029,INV-0057,CAN,2025-07-01,GR,67,Female,Screen Failure,Withdrew Consent,Yes,2026-07-30T20:12:28.577992
SCR-001411,CRC-GLB-301,SITE-0052,INV-0103,ZAF,2025-05-14,XP,40,Female,Eligible,,Yes,2026-07-30T20:12:28.577992
SCR-001412,CRC-GLB-301,SITE-0042,INV-0083,DEU,2025-12-16,TG,71,Male,Eligible,,Yes,2026-07-30T20:12:28.577992
SCR-001413,CRC-GLB-301,SITE-0039,INV-0078,GBR,2025-02-13,HY,77,Male,Eligible,,Yes,2026-07-30T20:12:28.577992
SCR-001414,CRC-GLB-301,SITE-0049,INV-0098,ZAF,2025-02-19,DL,58,Female,Eligible,,Yes,2026-07-30T20:12:28.577992
SCR-001415,CRC-GLB-301,SITE-0060,INV-0120,KEN,2025-08-07,MY,77,Male,Eligible,,Yes,2026-07-30T20:12:28.577992
SCR-001416,CRC-GLB-301,SITE-0004,INV-0008,IND,2025-03-13,PH,49,Female,Screen Failure,Inclusion Criteria Not Met,Yes,2026-07-30T20:12:28.577992
SCR-001417,CRC-GLB-301,SITE-0017,INV-0034,USA,2025-01-28,TK,69,Male,Eligible,,Yes,2026-07-30T20:12:28.577992
SCR-001418,CRC-GLB-301,SITE-0060,INV-0120,KEN,2025-01-28,CH,31,Female,Eligible,,Yes,2026-07-30T20:12:28.577992
SCR-001419,CRC-GLB-301,SITE-0013,INV-0026,SGP,2025-10-17,MI,25,Male,Eligible,,Yes,2026-07-30T20:12:28.577992
SCR-001420,CRC-GLB-301,SITE-0007,INV-0013,IND,2025-10-15,TM,46,Male,Screen Failure,Exclusion Criteria Met,Yes,2026-07-30T20:12:28.577992
SCR-001421,CRC-GLB-301,SITE-0039,INV-0078,GBR,2025-01-04,UQ,43,Male,Eligible,,Yes,2026-07-30T20:12:28.577992
SCR-001422,CRC-GLB-301,SITE-0009,INV-0017,SGP,2025-03-20,PD,30,Male,Eligible,,Yes,2026-07-30T20:12:28.577992
SCR-001423,CRC-GLB-301,SITE-0027,INV-0053,CAN,2025-08-31,AN,68,Male,Eligible,,Yes,2026-07-30T20:12:28.577992
SCR-001424,CRC-GLB-301,SITE-0016,INV-0032,SGP,2025-07-27,ME,48,Female,Eligible,,Yes,2026-07-30T20:12:28.577992
SCR-001425,CRC-GLB-301,SITE-0057,INV-0113,KEN,2025-03-16,QE,48,Male,Screen Failure,Withdrew Consent,Yes,2026-07-30T20:12:28.577992
SCR-001426,CRC-GLB-301,SITE-0026,INV-0052,CAN,2025-05-29,HC,81,Female,Screen Failure,Withdrew Consent,Yes,2026-07-30T20:12:28.577992
SCR-001427,CRC-GLB-301,SITE-0036,INV-0072,GBR,2025-07-17,SC,71,Female,Eligible,,Yes,2026-07-30T20:12:28.577992
SCR-001428,CRC-GLB-301,SITE-0019,INV-0037,USA,2025-08-23,DK,56,Male,Screen Failure,Abnormal Laboratory Values,Yes,2026-07-30T20:12:28.577992
SCR-001429,CRC-GLB-301,SITE-0057,INV-0113,KEN,2025-07-01,ZM,76,Female,Eligible,,Yes,2026-07-30T20:12:28.577992
SCR-001430,CRC-GLB-301,SITE-0002,INV-0003,IND,2025-09-14,WN,62,Female,Screen Failure,Abnormal Laboratory Values,Yes,2026-07-30T20:12:28.577992
SCR-001431,CRC-GLB-301,SITE-0009,INV-0017,SGP,2025-12-02,DR,61,Female,Eligible,,Yes,2026-07-30T20:12:28.577992
SCR-001432,CRC-GLB-301,SITE-0018,INV-0036,USA,2025-12-04,HK,79,Female,Eligible,,Yes,2026-07-30T20:12:28.577992
SCR-001433,CRC-GLB-301,SITE-0061,INV-0121,KEN,2025-10-22,SN,85,Female,Eligible,,Yes,2026-07-30T20:12:28.577992
SCR-001434,CRC-GLB-301,SITE-0017,INV-0034,USA,2025-10-29,YJ,69,Male,Eligible,,Yes,2026-07-30T20:12:28.577992
SCR-001435,CRC-GLB-301,SITE-0006,INV-0011,IND,2025-03-23,GR,81,Female,Eligible,,Yes,2026-07-30T20:12:28.577992
SCR-001436,CRC-GLB-301,SITE-0042,INV-0083,DEU,2025-05-02,CW,67,Female,Eligible,,Yes,2026-07-30T20:12:28.577992
SCR-001437,CRC-GLB-301,SITE-0009,INV-0017,SGP,2025-11-10,GA,27,Female,Eligible,,Yes,2026-07-30T20:12:28.577992
SCR-001438,CRC-GLB-301,SITE-0048,INV-0095,DEU,2025-03-31,IS,66,Male,Eligible,,Yes,2026-07-30T20:12:28.577992
SCR-001439,CRC-GLB-301,SITE-0026,INV-0051,CAN,2025-05-10,MR,46,Male,Eligible,,Yes,2026-07-30T20:12:28.577992
SCR-001440,CRC-GLB-301,SITE-0021,INV-0042,USA,2025-09-28,VE,21,Male,Eligible,,Yes,2026-07-30T20:12:28.577992
SCR-001441,CRC-GLB-301,SITE-0027,INV-0053,CAN,2025-01-03,JK,27,Female,Screen Failure,Exclusion Criteria Met,Yes,2026-07-30T20:12:28.577992
SCR-001442,CRC-GLB-301,SITE-0024,INV-0048,USA,2025-04-08,VO,78,Female,Eligible,,Yes,2026-07-30T20:12:28.577992
SCR-001443,CRC-GLB-301,SITE-0046,INV-0091,DEU,2025-02-04,LQ,27,Male,Eligible,,Yes,2026-07-30T20:12:28.577992
SCR-001444,CRC-GLB-301,SITE-0017,INV-0034,USA,2025-02-21,DF,60,Male,Eligible,,Yes,2026-07-30T20:12:28.577992
SCR-001445,CRC-GLB-301,SITE-0029,INV-0058,CAN,2025-07-19,SB,38,Female,Screen Failure,Abnormal Laboratory Values,Yes,2026-07-30T20:12:28.577992
SCR-001446,CRC-GLB-301,SITE-0010,INV-0019,SGP,2025-09-23,YN,69,Male,Eligible,,Yes,2026-07-30T20:12:28.577992
SCR-001447,CRC-GLB-301,SITE-0015,INV-0030,SGP,2025-05-15,QA,71,Female,Eligible,,Yes,2026-07-30T20:12:28.577992
SCR-001448,CRC-GLB-301,SITE-0026,INV-0052,CAN,2025-03-13,FV,60,Male,Screen Failure,Inclusion Criteria Not Met,Yes,2026-07-30T20:12:28.577992
SCR-001449,CRC-GLB-301,SITE-0031,INV-0062,CAN,2025-10-16,XS,22,Female,Screen Failure,Inclusion Criteria Not Met,Yes,2026-07-30T20:12:28.577992
SCR-001450,CRC-GLB-301,SITE-0010,INV-0020,SGP,2025-11-03,TY,79,Male,Eligible,,Yes,2026-07-30T20:12:28.577992
SCR-001451,CRC-GLB-301,SITE-0035,INV-0069,GBR,2025-02-23,AN,62,Female,Eligible,,Yes,2026-07-30T20:12:28.577992
SCR-001452,CRC-GLB-301,SITE-0062,INV-0124,KEN,2025-04-27,AB,43,Female,Eligible,,Yes,2026-07-30T20:12:28.577992
SCR-001453,CRC-GLB-301,SITE-0003,INV-0006,IND,2025-07-18,TS,73,Female,Screen Failure,Inclusion Criteria Not Met,Yes,2026-07-30T20:12:28.577992
SCR-001454,CRC-GLB-301,SITE-0018,INV-0035,USA,2025-08-13,DQ,65,Female,Eligible,,Yes,2026-07-30T20:12:28.577992
SCR-001455,CRC-GLB-301,SITE-0025,INV-0050,CAN,2025-08-12,XG,29,Male,Eligible,,Yes,2026-07-30T20:12:28.577992
SCR-001456,CRC-GLB-301,SITE-0030,INV-0060,CAN,2025-01-08,WG,25,Male,Screen Failure,Inclusion Criteria Not Met,Yes,2026-07-30T20:12:28.577992
SCR-001457,CRC-GLB-301,SITE-0008,INV-0015,IND,2025-08-13,EB,62,Male,Eligible,,Yes,2026-07-30T20:12:28.577992
SCR-001458,CRC-GLB-301,SITE-0038,INV-0075,GBR,2025-11-07,KR,27,Male,Eligible,,Yes,2026-07-30T20:12:28.577992
SCR-001459,CRC-GLB-301,SITE-0033,INV-0065,GBR,2025-09-11,SV,46,Female,Eligible,,Yes,2026-07-30T20:12:28.577992
SCR-001460,CRC-GLB-301,SITE-0039,INV-0078,GBR,2025-10-10,HQ,85,Female,Eligible,,Yes,2026-07-30T20:12:28.577992
SCR-001461,CRC-GLB-301,SITE-0041,INV-0081,DEU,2025-01-28,JK,80,Female,Eligible,,Yes,2026-07-30T20:12:28.577992
SCR-001462,CRC-GLB-301,SITE-0011,INV-0021,SGP,2025-03-12,VN,57,Male,Eligible,,Yes,2026-07-30T20:12:28.577992
SCR-001463,CRC-GLB-301,SITE-0016,INV-0032,SGP,2025-03-14,AG,74,Female,Eligible,,Yes,2026-07-30T20:12:28.577992
SCR-001464,CRC-GLB-301,SITE-0015,INV-0029,SGP,2025-09-13,VH,67,Female,Eligible,,Yes,2026-07-30T20:12:28.577992
SCR-001465,CRC-GLB-301,SITE-0011,INV-0021,SGP,2025-11-09,JA,66,Female,Screen Failure,Abnormal Laboratory Values,Yes,2026-07-30T20:12:28.577992
SCR-001466,CRC-GLB-301,SITE-0057,INV-0113,KEN,2025-04-25,FE,73,Male,Eligible,,Yes,2026-07-30T20:12:28.577992
SCR-001467,CRC-GLB-301,SITE-0040,INV-0079,GBR,2025-01-14,XT,61,Female,Screen Failure,Abnormal Laboratory Values,Yes,2026-07-30T20:12:28.577992
SCR-001468,CRC-GLB-301,SITE-0028,INV-0055,CAN,2025-06-24,SQ,72,Male,Eligible,,Yes,2026-07-30T20:12:28.577992
SCR-001469,CRC-GLB-301,SITE-0014,INV-0028,SGP,2025-10-01,MO,84,Female,Screen Failure,Abnormal Laboratory Values,Yes,2026-07-30T20:12:28.577992
SCR-001470,CRC-GLB-301,SITE-0021,INV-0042,USA,2025-05-02,DA,53,Male,Screen Failure,Withdrew Consent,Yes,2026-07-30T20:12:28.577992
SCR-001471,CRC-GLB-301,SITE-0032,INV-0064,CAN,2025-06-22,OB,53,Female,Eligible,,Yes,2026-07-30T20:12:28.577992
SCR-001472,CRC-GLB-301,SITE-0035,INV-0070,GBR,2025-12-01,VP,33,Female,Eligible,,Yes,2026-07-30T20:12:28.577992
SCR-001473,CRC-GLB-301,SITE-0042,INV-0084,DEU,2025-08-16,ML,77,Male,Screen Failure,Exclusion Criteria Met,Yes,2026-07-30T20:12:28.577992
SCR-001474,CRC-GLB-301,SITE-0046,INV-0092,DEU,2025-11-23,VF,25,Male,Eligible,,Yes,2026-07-30T20:12:28.577992
SCR-001475,CRC-GLB-301,SITE-0036,INV-0072,GBR,2025-02-02,LG,53,Female,Eligible,,Yes,2026-07-30T20:12:28.577992
SCR-001476,CRC-GLB-301,SITE-0064,INV-0127,KEN,2025-04-27,QD,24,Male,Eligible,,Yes,2026-07-30T20:12:28.577992
SCR-001477,CRC-GLB-301,SITE-0015,INV-0029,SGP,2025-12-17,NL,58,Male,Screen Failure,Exclusion Criteria Met,Yes,2026-07-30T20:12:28.577992
SCR-001478,CRC-GLB-301,SITE-0030,INV-0059,CAN,2025-05-13,ZA,63,Male,Eligible,,Yes,2026-07-30T20:12:28.577992
SCR-001479,CRC-GLB-301,SITE-0031,INV-0062,CAN,2025-02-09,NC,27,Male,Screen Failure,Inclusion Criteria Not Met,Yes,2026-07-30T20:12:28.577992
SCR-001480,CRC-GLB-301,SITE-0027,INV-0054,CAN,2025-10-20,JV,71,Male,Eligible,,Yes,2026-07-30T20:12:28.577992
SCR-001481,CRC-GLB-301,SITE-0055,INV-0110,ZAF,2025-01-13,IU,60,Female,Screen Failure,Exclusion Criteria Met,Yes,2026-07-30T20:12:28.577992
SCR-001482,CRC-GLB-301,SITE-0048,INV-0096,DEU,2025-05-31,QE,23,Female,Eligible,,Yes,2026-07-30T20:12:28.577992
SCR-001483,CRC-GLB-301,SITE-0020,INV-0039,USA,2025-02-24,PV,83,Female,Eligible,,Yes,2026-07-30T20:12:28.577992
SCR-001484,CRC-GLB-301,SITE-0028,INV-0056,CAN,2025-10-26,AS,66,Male,Eligible,,Yes,2026-07-30T20:12:28.577992
SCR-001485,CRC-GLB-301,SITE-0010,INV-0019,SGP,2025-10-17,NO,71,Male,Eligible,,Yes,2026-07-30T20:12:28.577992
SCR-001486,CRC-GLB-301,SITE-0007,INV-0014,IND,2025-12-04,NL,52,Male,Eligible,,Yes,2026-07-30T20:12:28.577992
SCR-001487,CRC-GLB-301,SITE-0038,INV-0075,GBR,2025-06-18,GT,64,Male,Eligible,,Yes,2026-07-30T20:12:28.577992
SCR-001488,CRC-GLB-301,SITE-0059,INV-0118,KEN,2025-03-01,SL,70,Female,Eligible,,Yes,2026-07-30T20:12:28.577992
SCR-001489,CRC-GLB-301,SITE-0011,INV-0022,SGP,2025-10-14,NX,79,Male,Eligible,,Yes,2026-07-30T20:12:28.577992
SCR-001490,CRC-GLB-301,SITE-0058,INV-0116,KEN,2025-04-28,OV,34,Male,Eligible,,Yes,2026-07-30T20:12:28.577992
SCR-001491,CRC-GLB-301,SITE-0053,INV-0105,ZAF,2025-11-07,GH,58,Male,Eligible,,Yes,2026-07-30T20:12:28.577992
SCR-001492,CRC-GLB-301,SITE-0011,INV-0022,SGP,2025-08-04,ND,81,Male,Eligible,,Yes,2026-07-30T20:12:28.577992
SCR-001493,CRC-GLB-301,SITE-0024,INV-0048,USA,2025-01-08,EK,78,Male,Eligible,,Yes,2026-07-30T20:12:28.577992
SCR-001494,CRC-GLB-301,SITE-0017,INV-0033,USA,2025-08-09,AE,27,Male,Eligible,,Yes,2026-07-30T20:12:28.577992
SCR-001495,CRC-GLB-301,SITE-0050,INV-0100,ZAF,2025-07-01,DS,48,Female,Eligible,,Yes,2026-07-30T20:12:28.577992
SCR-001496,CRC-GLB-301,SITE-0016,INV-0032,SGP,2025-06-22,PQ,23,Male,Eligible,,Yes,2026-07-30T20:12:28.577992
SCR-001497,CRC-GLB-301,SITE-0046,INV-0092,DEU,2025-07-29,QT,73,Female,Eligible,,Yes,2026-07-30T20:12:28.577992
SCR-001498,CRC-GLB-301,SITE-0062,INV-0123,KEN,2025-04-04,SP,83,Male,Eligible,,Yes,2026-07-30T20:12:28.577992
SCR-001499,CRC-GLB-301,SITE-0020,INV-0039,USA,2025-10-31,PR,76,Female,Eligible,,Yes,2026-07-30T20:12:28.577992
SCR-001500,CRC-GLB-301,SITE-0042,INV-0084,DEU,2025-09-18,SH,30,Male,Screen Failure,Exclusion Criteria Met,Yes,2026-07-30T20:12:28.577992
SCR-001501,CRC-GLB-301,SITE-0039,INV-0078,GBR,2025-06-24,BN,85,Female,Eligible,,Yes,2026-07-30T20:12:28.577992
SCR-001502,CRC-GLB-301,SITE-0037,INV-0074,GBR,2025-07-16,IE,36,Male,Eligible,,Yes,2026-07-30T20:12:28.577992
SCR-001503,CRC-GLB-301,SITE-0027,INV-0054,CAN,2025-09-23,HW,58,Male,Eligible,,Yes,2026-07-30T20:12:28.577992
SCR-001504,CRC-GLB-301,SITE-0045,INV-0090,DEU,2025-03-26,DH,74,Male,Eligible,,Yes,2026-07-30T20:12:28.577992
SCR-001505,CRC-GLB-301,SITE-0022,INV-0044,USA,2025-05-13,ZT,47,Female,Eligible,,Yes,2026-07-30T20:12:28.577992
SCR-001506,CRC-GLB-301,SITE-0019,INV-0037,USA,2025-04-16,ON,39,Male,Eligible,,Yes,2026-07-30T20:12:28.577992
SCR-001507,CRC-GLB-301,SITE-0006,INV-0011,IND,2025-01-04,MV,65,Male,Eligible,,Yes,2026-07-30T20:12:28.577992
SCR-001508,CRC-GLB-301,SITE-0037,INV-0074,GBR,2025-08-16,NV,55,Male,Eligible,,Yes,2026-07-30T20:12:28.577992
SCR-001509,CRC-GLB-301,SITE-0016,INV-0032,SGP,2025-08-10,MC,35,Female,Eligible,,Yes,2026-07-30T20:12:28.577992
SCR-001510,CRC-GLB-301,SITE-0015,INV-0030,SGP,2025-02-10,TF,27,Female,Eligible,,Yes,2026-07-30T20:12:28.577992
SCR-001511,CRC-GLB-301,SITE-0021,INV-0042,USA,2025-08-21,QN,27,Female,Screen Failure,Abnormal Laboratory Values,Yes,2026-07-30T20:12:28.577992
SCR-001512,CRC-GLB-301,SITE-0005,INV-0010,IND,2025-02-21,YU,58,Male,Eligible,,Yes,2026-07-30T20:12:28.577992
SCR-001513,CRC-GLB-301,SITE-0005,INV-0009,IND,2025-03-12,PW,46,Male,Screen Failure,Exclusion Criteria Met,Yes,2026-07-30T20:12:28.577992
SCR-001514,CRC-GLB-301,SITE-0034,INV-0068,GBR,2025-03-19,ME,81,Female,Eligible,,Yes,2026-07-30T20:12:28.577992
SCR-001515,CRC-GLB-301,SITE-0017,INV-0033,USA,2025-11-22,WY,45,Male,Eligible,,Yes,2026-07-30T20:12:28.577992
SCR-001516,CRC-GLB-301,SITE-0056,INV-0111,ZAF,2025-09-09,OF,40,Male,Eligible,,Yes,2026-07-30T20:12:28.577992
SCR-001517,CRC-GLB-301,SITE-0054,INV-0108,ZAF,2025-11-11,JP,62,Female,Eligible,,Yes,2026-07-30T20:12:28.577992
SCR-001518,CRC-GLB-301,SITE-0024,INV-0048,USA,2025-05-30,RM,68,Female,Screen Failure,Exclusion Criteria Met,Yes,2026-07-30T20:12:28.577992
SCR-001519,CRC-GLB-301,SITE-0062,INV-0124,KEN,2025-02-19,FZ,54,Female,Eligible,,Yes,2026-07-30T20:12:28.577992
SCR-001520,CRC-GLB-301,SITE-0058,INV-0116,KEN,2025-12-06,LE,58,Male,Screen Failure,Exclusion Criteria Met,Yes,2026-07-30T20:12:28.577992
SCR-001521,CRC-GLB-301,SITE-0045,INV-0090,DEU,2025-12-27,DW,80,Female,Eligible,,Yes,2026-07-30T20:12:28.577992
SCR-001522,CRC-GLB-301,SITE-0031,INV-0061,CAN,2025-05-18,NX,70,Male,Screen Failure,Abnormal Laboratory Values,Yes,2026-07-30T20:12:28.577992
SCR-001523,CRC-GLB-301,SITE-0042,INV-0084,DEU,2025-12-12,IK,74,Female,Eligible,,Yes,2026-07-30T20:12:28.577992
SCR-001524,CRC-GLB-301,SITE-0052,INV-0104,ZAF,2025-01-28,GS,61,Male,Eligible,,Yes,2026-07-30T20:12:28.577992
SCR-001525,CRC-GLB-301,SITE-0040,INV-0080,GBR,2025-07-29,FW,44,Male,Eligible,,Yes,2026-07-30T20:12:28.577992
SCR-001526,CRC-GLB-301,SITE-0043,INV-0085,DEU,2025-11-06,OY,20,Female,Eligible,,Yes,2026-07-30T20:12:28.577992
SCR-001527,CRC-GLB-301,SITE-0012,INV-0024,SGP,2025-06-30,TO,24,Male,Eligible,,Yes,2026-07-30T20:12:28.577992
SCR-001528,CRC-GLB-301,SITE-0047,INV-0093,DEU,2025-03-22,VK,47,Female,Eligible,,Yes,2026-07-30T20:12:28.577992
SCR-001529,CRC-GLB-301,SITE-0021,INV-0042,USA,2025-07-31,FT,19,Male,Screen Failure,Abnormal Laboratory Values,Yes,2026-07-30T20:12:28.577992
SCR-001530,CRC-GLB-301,SITE-0003,INV-0005,IND,2025-09-14,KM,38,Female,Eligible,,Yes,2026-07-30T20:12:28.577992
SCR-001531,CRC-GLB-301,SITE-0039,INV-0077,GBR,2025-04-28,QR,22,Female,Eligible,,Yes,2026-07-30T20:12:28.577992
SCR-001532,CRC-GLB-301,SITE-0016,INV-0032,SGP,2025-12-02,KV,52,Male,Eligible,,Yes,2026-07-30T20:12:28.577992
SCR-001533,CRC-GLB-301,SITE-0010,INV-0019,SGP,2025-09-16,ST,71,Male,Eligible,,Yes,2026-07-30T20:12:28.577992
SCR-001534,CRC-GLB-301,SITE-0002,INV-0003,IND,2025-02-18,TU,42,Female,Eligible,,Yes,2026-07-30T20:12:28.577992
SCR-001535,CRC-GLB-301,SITE-0042,INV-0084,DEU,2025-09-20,TH,76,Male,Eligible,,Yes,2026-07-30T20:12:28.577992
SCR-001536,CRC-GLB-301,SITE-0013,INV-0026,SGP,2025-12-02,OJ,72,Male,Eligible,,Yes,2026-07-30T20:12:28.577992
SCR-001537,CRC-GLB-301,SITE-0029,INV-0058,CAN,2025-10-15,HH,82,Male,Eligible,,Yes,2026-07-30T20:12:28.577992
SCR-001538,CRC-GLB-301,SITE-0049,INV-0097,ZAF,2025-09-12,SY,31,Female,Eligible,,Yes,2026-07-30T20:12:28.577992
SCR-001539,CRC-GLB-301,SITE-0029,INV-0057,CAN,2025-07-23,UL,79,Male,Eligible,,Yes,2026-07-30T20:12:28.577992
SCR-001540,CRC-GLB-301,SITE-0040,INV-0080,GBR,2025-03-15,VZ,30,Male,Eligible,,Yes,2026-07-30T20:12:28.577992
SCR-001541,CRC-GLB-301,SITE-0027,INV-0054,CAN,2025-10-31,GD,78,Male,Eligible,,Yes,2026-07-30T20:12:28.577992
SCR-001542,CRC-GLB-301,SITE-0008,INV-0016,IND,2025-05-10,KT,37,Male,Eligible,,Yes,2026-07-30T20:12:28.577992
SCR-001543,CRC-GLB-301,SITE-0042,INV-0084,DEU,2025-01-03,GF,80,Female,Eligible,,Yes,2026-07-30T20:12:28.577992
SCR-001544,CRC-GLB-301,SITE-0041,INV-0081,DEU,2025-06-14,LM,28,Male,Eligible,,Yes,2026-07-30T20:12:28.577992
SCR-001545,CRC-GLB-301,SITE-0055,INV-0109,ZAF,2025-03-07,TE,33,Male,Screen Failure,Withdrew Consent,Yes,2026-07-30T20:12:28.577992
SCR-001546,CRC-GLB-301,SITE-0026,INV-0052,CAN,2025-02-28,BL,39,Female,Eligible,,Yes,2026-07-30T20:12:28.577992
SCR-001547,CRC-GLB-301,SITE-0018,INV-0036,USA,2025-01-05,HL,55,Female,Screen Failure,Withdrew Consent,Yes,2026-07-30T20:12:28.577992
SCR-001548,CRC-GLB-301,SITE-0042,INV-0084,DEU,2025-10-16,QD,84,Male,Eligible,,Yes,2026-07-30T20:12:28.577992
SCR-001549,CRC-GLB-301,SITE-0048,INV-0096,DEU,2025-08-30,MY,35,Male,Eligible,,Yes,2026-07-30T20:12:28.577992
SCR-001550,CRC-GLB-301,SITE-0061,INV-0121,KEN,2025-06-12,KD,26,Male,Eligible,,Yes,2026-07-30T20:12:28.577992
SCR-001551,CRC-GLB-301,SITE-0040,INV-0079,GBR,2025-12-22,CL,30,Male,Screen Failure,Exclusion Criteria Met,Yes,2026-07-30T20:12:28.577992
SCR-001552,CRC-GLB-301,SITE-0060,INV-0119,KEN,2025-02-04,JO,46,Female,Eligible,,Yes,2026-07-30T20:12:28.577992
SCR-001553,CRC-GLB-301,SITE-0002,INV-0003,IND,2025-05-26,VW,57,Female,Screen Failure,Abnormal Laboratory Values,Yes,2026-07-30T20:12:28.577992
SCR-001554,CRC-GLB-301,SITE-0052,INV-0104,ZAF,2025-02-09,PC,45,Female,Screen Failure,Exclusion Criteria Met,Yes,2026-07-30T20:12:28.577992
SCR-001555,CRC-GLB-301,SITE-0023,INV-0046,USA,2025-10-16,CU,67,Female,Eligible,,Yes,2026-07-30T20:12:28.577992
SCR-001556,CRC-GLB-301,SITE-0036,INV-0072,GBR,2025-04-18,EU,45,Male,Eligible,,Yes,2026-07-30T20:12:28.577992
SCR-001557,CRC-GLB-301,SITE-0019,INV-0037,USA,2025-03-26,MA,27,Male,Eligible,,Yes,2026-07-30T20:12:28.577992
SCR-001558,CRC-GLB-301,SITE-0018,INV-0036,USA,2025-08-06,RI,82,Male,Eligible,,Yes,2026-07-30T20:12:28.577992
SCR-001559,CRC-GLB-301,SITE-0031,INV-0062,CAN,2025-07-17,SJ,84,Female,Screen Failure,Withdrew Consent,Yes,2026-07-30T20:12:28.577992
SCR-001560,CRC-GLB-301,SITE-0011,INV-0021,SGP,2025-11-21,VS,73,Female,Screen Failure,Exclusion Criteria Met,Yes,2026-07-30T20:12:28.577992
SCR-001561,CRC-GLB-301,SITE-0063,INV-0126,KEN,2025-12-17,DX,62,Male,Eligible,,Yes,2026-07-30T20:12:28.577992
SCR-001562,CRC-GLB-301,SITE-0004,INV-0008,IND,2025-08-27,UI,72,Male,Eligible,,Yes,2026-07-30T20:12:28.577992
SCR-001563,CRC-GLB-301,SITE-0025,INV-0050,CAN,2025-04-02,YZ,43,Female,Screen Failure,Abnormal Laboratory Values,Yes,2026-07-30T20:12:28.577992
SCR-001564,CRC-GLB-301,SITE-0047,INV-0093,DEU,2025-01-03,PI,65,Female,Eligible,,Yes,2026-07-30T20:12:28.577992
SCR-001565,CRC-GLB-301,SITE-0002,INV-0004,IND,2025-11-28,HM,23,Female,Screen Failure,Inclusion Criteria Not Met,Yes,2026-07-30T20:12:28.577992
SCR-001566,CRC-GLB-301,SITE-0036,INV-0071,GBR,2025-10-20,VW,78,Female,Eligible,,Yes,2026-07-30T20:12:28.577992
SCR-001567,CRC-GLB-301,SITE-0063,INV-0125,KEN,2025-08-31,TQ,31,Male,Eligible,,Yes,2026-07-30T20:12:28.577992
SCR-001568,CRC-GLB-301,SITE-0048,INV-0095,DEU,2025-11-10,XD,40,Male,Eligible,,Yes,2026-07-30T20:12:28.577992
SCR-001569,CRC-GLB-301,SITE-0011,INV-0022,SGP,2025-03-03,BQ,25,Female,Eligible,,Yes,2026-07-30T20:12:28.577992
SCR-001570,CRC-GLB-301,SITE-0013,INV-0026,SGP,2025-04-10,RT,60,Female,Eligible,,Yes,2026-07-30T20:12:28.577992
SCR-001571,CRC-GLB-301,SITE-0022,INV-0044,USA,2025-09-22,AR,71,Male,Eligible,,Yes,2026-07-30T20:12:28.577992
SCR-001572,CRC-GLB-301,SITE-0009,INV-0017,SGP,2025-09-14,DG,40,Female,Eligible,,Yes,2026-07-30T20:12:28.577992
SCR-001573,CRC-GLB-301,SITE-0006,INV-0012,IND,2025-11-08,FN,40,Male,Eligible,,Yes,2026-07-30T20:12:28.577992
SCR-001574,CRC-GLB-301,SITE-0040,INV-0080,GBR,2025-03-02,IO,29,Female,Screen Failure,Abnormal Laboratory Values,Yes,2026-07-30T20:12:28.577992
SCR-001575,CRC-GLB-301,SITE-0012,INV-0023,SGP,2025-02-16,EC,58,Male,Eligible,,Yes,2026-07-30T20:12:28.577992
SCR-001576,CRC-GLB-301,SITE-0022,INV-0043,USA,2025-04-22,QL,49,Female,Eligible,,Yes,2026-07-30T20:12:28.577992
SCR-001577,CRC-GLB-301,SITE-0025,INV-0049,CAN,2025-06-08,BS,40,Female,Eligible,,Yes,2026-07-30T20:12:28.577992
SCR-001578,CRC-GLB-301,SITE-0018,INV-0036,USA,2025-07-31,FE,43,Male,Eligible,,Yes,2026-07-30T20:12:28.577992
SCR-001579,CRC-GLB-301,SITE-0038,INV-0076,GBR,2025-12-24,LC,63,Female,Eligible,,Yes,2026-07-30T20:12:28.577992
SCR-001580,CRC-GLB-301,SITE-0045,INV-0090,DEU,2025-11-20,RE,67,Male,Eligible,,Yes,2026-07-30T20:12:28.577992
SCR-001581,CRC-GLB-301,SITE-0027,INV-0054,CAN,2025-06-27,QR,54,Male,Eligible,,Yes,2026-07-30T20:12:28.577992
SCR-001582,CRC-GLB-301,SITE-0044,INV-0088,DEU,2025-02-16,NF,45,Female,Eligible,,Yes,2026-07-30T20:12:28.577992
SCR-001583,CRC-GLB-301,SITE-0034,INV-0067,GBR,2025-03-01,NQ,78,Male,Eligible,,Yes,2026-07-30T20:12:28.577992
SCR-001584,CRC-GLB-301,SITE-0060,INV-0120,KEN,2025-07-10,OR,22,Female,Eligible,,Yes,2026-07-30T20:12:28.577992
SCR-001585,CRC-GLB-301,SITE-0014,INV-0028,SGP,2025-03-23,KI,30,Male,Screen Failure,Inclusion Criteria Not Met,Yes,2026-07-30T20:12:28.577992
SCR-001586,CRC-GLB-301,SITE-0046,INV-0092,DEU,2025-03-25,ME,20,Female,Eligible,,Yes,2026-07-30T20:12:28.577992
SCR-001587,CRC-GLB-301,SITE-0059,INV-0118,KEN,2025-07-24,MG,65,Female,Eligible,,Yes,2026-07-30T20:12:28.577992
SCR-001588,CRC-GLB-301,SITE-0062,INV-0124,KEN,2025-06-03,BY,47,Male,Eligible,,Yes,2026-07-30T20:12:28.577992
SCR-001589,CRC-GLB-301,SITE-0054,INV-0108,ZAF,2025-05-18,YK,21,Male,Eligible,,Yes,2026-07-30T20:12:28.577992
SCR-001590,CRC-GLB-301,SITE-0022,INV-0044,USA,2025-11-02,ZY,43,Male,Eligible,,Yes,2026-07-30T20:12:28.577992
SCR-001591,CRC-GLB-301,SITE-0017,INV-0034,USA,2025-01-28,ZI,36,Female,Eligible,,Yes,2026-07-30T20:12:28.577992
SCR-001592,CRC-GLB-301,SITE-0059,INV-0118,KEN,2025-08-24,AD,40,Female,Screen Failure,Exclusion Criteria Met,Yes,2026-07-30T20:12:28.577992
SCR-001593,CRC-GLB-301,SITE-0040,INV-0079,GBR,2025-04-05,GF,29,Male,Eligible,,Yes,2026-07-30T20:12:28.577992
SCR-001594,CRC-GLB-301,SITE-0020,INV-0040,USA,2025-01-03,MI,78,Female,Eligible,,Yes,2026-07-30T20:12:28.577992
SCR-001595,CRC-GLB-301,SITE-0028,INV-0056,CAN,2025-12-09,JM,49,Male,Eligible,,Yes,2026-07-30T20:12:28.577992
SCR-001596,CRC-GLB-301,SITE-0050,INV-0099,ZAF,2025-06-12,TD,59,Female,Eligible,,Yes,2026-07-30T20:12:28.577992
SCR-001597,CRC-GLB-301,SITE-0055,INV-0110,ZAF,2025-10-01,BM,21,Male,Eligible,,Yes,2026-07-30T20:12:28.577992
SCR-001598,CRC-GLB-301,SITE-0023,INV-0045,USA,2025-07-08,JN,18,Female,Eligible,,Yes,2026-07-30T20:12:28.577992
SCR-001599,CRC-GLB-301,SITE-0010,INV-0019,SGP,2025-03-12,MB,56,Female,Eligible,,Yes,2026-07-30T20:12:28.577992
SCR-001600,CRC-GLB-301,SITE-0012,INV-0024,SGP,2025-12-01,ED,57,Female,Screen Failure,Withdrew Consent,Yes,2026-07-30T20:12:28.577992
SCR-001601,CRC-GLB-301,SITE-0062,INV-0123,KEN,2025-05-14,YK,38,Female,Eligible,,Yes,2026-07-30T20:12:28.577992
SCR-001602,CRC-GLB-301,SITE-0014,INV-0028,SGP,2025-02-12,JT,69,Male,Eligible,,Yes,2026-07-30T20:12:28.577992
SCR-001603,CRC-GLB-301,SITE-0021,INV-0042,USA,2025-03-07,OJ,76,Male,Eligible,,Yes,2026-07-30T20:12:28.577992
SCR-001604,CRC-GLB-301,SITE-0063,INV-0126,KEN,2025-08-05,UH,51,Male,Eligible,,Yes,2026-07-30T20:12:28.577992
SCR-001605,CRC-GLB-301,SITE-0058,INV-0116,KEN,2025-08-31,SV,64,Male,Eligible,,Yes,2026-07-30T20:12:28.577992
SCR-001606,CRC-GLB-301,SITE-0023,INV-0046,USA,2025-09-30,TW,28,Male,Eligible,,Yes,2026-07-30T20:12:28.577992
SCR-001607,CRC-GLB-301,SITE-0001,INV-0002,IND,2025-12-29,PF,76,Female,Eligible,,Yes,2026-07-30T20:12:28.577992
SCR-001608,CRC-GLB-301,SITE-0007,INV-0014,IND,2025-01-21,DM,64,Male,Screen Failure,Abnormal Laboratory Values,Yes,2026-07-30T20:12:28.577992
SCR-001609,CRC-GLB-301,SITE-0048,INV-0096,DEU,2025-08-06,IH,21,Female,Eligible,,Yes,2026-07-30T20:12:28.577992
SCR-001610,CRC-GLB-301,SITE-0023,INV-0046,USA,2025-07-02,KL,56,Male,Eligible,,Yes,2026-07-30T20:12:28.577992
SCR-001611,CRC-GLB-301,SITE-0015,INV-0030,SGP,2025-09-30,TG,28,Male,Screen Failure,Inclusion Criteria Not Met,Yes,2026-07-30T20:12:28.577992
SCR-001612,CRC-GLB-301,SITE-0017,INV-0033,USA,2025-11-21,MX,62,Female,Eligible,,Yes,2026-07-30T20:12:28.577992
SCR-001613,CRC-GLB-301,SITE-0032,INV-0064,CAN,2025-01-21,BJ,36,Male,Eligible,,Yes,2026-07-30T20:12:28.577992
SCR-001614,CRC-GLB-301,SITE-0049,INV-0097,ZAF,2025-06-22,YT,72,Female,Eligible,,Yes,2026-07-30T20:12:28.577992
SCR-001615,CRC-GLB-301,SITE-0003,INV-0005,IND,2025-05-12,ST,28,Female,Eligible,,Yes,2026-07-30T20:12:28.577992
SCR-001616,CRC-GLB-301,SITE-0015,INV-0029,SGP,2025-10-20,GH,83,Male,Eligible,,Yes,2026-07-30T20:12:28.577992
SCR-001617,CRC-GLB-301,SITE-0007,INV-0014,IND,2025-04-21,TL,41,Female,Screen Failure,Withdrew Consent,Yes,2026-07-30T20:12:28.577992
SCR-001618,CRC-GLB-301,SITE-0006,INV-0012,IND,2025-04-03,RH,70,Male,Eligible,,Yes,2026-07-30T20:12:28.577992
SCR-001619,CRC-GLB-301,SITE-0003,INV-0006,IND,2025-12-03,DG,58,Male,Eligible,,Yes,2026-07-30T20:12:28.577992
SCR-001620,CRC-GLB-301,SITE-0029,INV-0057,CAN,2025-01-10,SF,54,Female,Eligible,,Yes,2026-07-30T20:12:28.577992
SCR-001621,CRC-GLB-301,SITE-0054,INV-0108,ZAF,2025-10-05,KY,19,Female,Eligible,,Yes,2026-07-30T20:12:28.577992
SCR-001622,CRC-GLB-301,SITE-0044,INV-0088,DEU,2025-06-27,VD,81,Male,Eligible,,Yes,2026-07-30T20:12:28.577992
SCR-001623,CRC-GLB-301,SITE-0022,INV-0044,USA,2025-05-11,KR,28,Female,Eligible,,Yes,2026-07-30T20:12:28.577992
SCR-001624,CRC-GLB-301,SITE-0045,INV-0089,DEU,2025-09-29,JH,58,Female,Screen Failure,Exclusion Criteria Met,Yes,2026-07-30T20:12:28.577992
SCR-001625,CRC-GLB-301,SITE-0060,INV-0119,KEN,2025-03-21,QE,63,Female,Eligible,,Yes,2026-07-30T20:12:28.577992
SCR-001626,CRC-GLB-301,SITE-0054,INV-0107,ZAF,2025-05-26,OM,48,Female,Eligible,,Yes,2026-07-30T20:12:28.577992
SCR-001627,CRC-GLB-301,SITE-0017,INV-0034,USA,2025-11-07,YD,68,Male,Eligible,,Yes,2026-07-30T20:12:28.577992
SCR-001628,CRC-GLB-301,SITE-0028,INV-0055,CAN,2025-10-20,HW,69,Female,Eligible,,Yes,2026-07-30T20:12:28.577992
SCR-001629,CRC-GLB-301,SITE-0046,INV-0091,DEU,2025-08-03,XH,64,Male,Eligible,,Yes,2026-07-30T20:12:28.577992
SCR-001630,CRC-GLB-301,SITE-0041,INV-0082,DEU,2025-04-26,WM,77,Female,Eligible,,Yes,2026-07-30T20:12:28.577992
SCR-001631,CRC-GLB-301,SITE-0058,INV-0115,KEN,2025-04-01,KA,60,Female,Eligible,,Yes,2026-07-30T20:12:28.577992
SCR-001632,CRC-GLB-301,SITE-0023,INV-0045,USA,2025-07-16,PK,71,Female,Eligible,,Yes,2026-07-30T20:12:28.577992
SCR-001633,CRC-GLB-301,SITE-0025,INV-0049,CAN,2025-11-13,FP,82,Male,Eligible,,Yes,2026-07-30T20:12:28.577992
SCR-001634,CRC-GLB-301,SITE-0053,INV-0105,ZAF,2025-11-09,GO,78,Male,Screen Failure,Abnormal Laboratory Values,Yes,2026-07-30T20:12:28.577992
SCR-001635,CRC-GLB-301,SITE-0048,INV-0095,DEU,2025-10-10,NF,38,Female,Screen Failure,Withdrew Consent,Yes,2026-07-30T20:12:28.577992
SCR-001636,CRC-GLB-301,SITE-0048,INV-0095,DEU,2025-03-31,MS,43,Female,Eligible,,Yes,2026-07-30T20:12:28.577992
SCR-001637,CRC-GLB-301,SITE-0017,INV-0034,USA,2025-02-03,XF,77,Female,Eligible,,Yes,2026-07-30T20:12:28.577992
SCR-001638,CRC-GLB-301,SITE-0032,INV-0064,CAN,2025-05-04,UZ,82,Male,Eligible,,Yes,2026-07-30T20:12:28.577992
SCR-001639,CRC-GLB-301,SITE-0043,INV-0085,DEU,2025-08-25,SB,22,Female,Screen Failure,Exclusion Criteria Met,Yes,2026-07-30T20:12:28.577992
SCR-001640,CRC-GLB-301,SITE-0061,INV-0122,KEN,2025-08-02,YW,33,Male,Screen Failure,Inclusion Criteria Not Met,Yes,2026-07-30T20:12:28.577992
SCR-001641,CRC-GLB-301,SITE-0057,INV-0114,KEN,2025-01-31,HK,23,Female,Eligible,,Yes,2026-07-30T20:12:28.577992
SCR-001642,CRC-GLB-301,SITE-0052,INV-0104,ZAF,2025-03-05,CW,32,Male,Screen Failure,Withdrew Consent,Yes,2026-07-30T20:12:28.577992
SCR-001643,CRC-GLB-301,SITE-0047,INV-0094,DEU,2025-12-03,IX,79,Male,Eligible,,Yes,2026-07-30T20:12:28.577992
SCR-001644,CRC-GLB-301,SITE-0034,INV-0067,GBR,2025-06-18,QB,80,Male,Eligible,,Yes,2026-07-30T20:12:28.577992
SCR-001645,CRC-GLB-301,SITE-0034,INV-0068,GBR,2025-06-01,RI,75,Female,Eligible,,Yes,2026-07-30T20:12:28.577992
SCR-001646,CRC-GLB-301,SITE-0036,INV-0071,GBR,2025-03-13,DH,46,Female,Eligible,,Yes,2026-07-30T20:12:28.577992
SCR-001647,CRC-GLB-301,SITE-0047,INV-0094,DEU,2025-06-07,YE,57,Female,Eligible,,Yes,2026-07-30T20:12:28.577992
SCR-001648,CRC-GLB-301,SITE-0057,INV-0114,KEN,2025-12-22,DP,67,Female,Screen Failure,Exclusion Criteria Met,Yes,2026-07-30T20:12:28.577992
SCR-001649,CRC-GLB-301,SITE-0030,INV-0059,CAN,2025-10-26,HP,51,Female,Screen Failure,Exclusion Criteria Met,Yes,2026-07-30T20:12:28.577992
SCR-001650,CRC-GLB-301,SITE-0052,INV-0104,ZAF,2025-11-13,XZ,37,Female,Eligible,,Yes,2026-07-30T20:12:28.577992
SCR-001651,CRC-GLB-301,SITE-0048,INV-0096,DEU,2025-09-06,QW,79,Male,Eligible,,Yes,2026-07-30T20:12:28.577992
SCR-001652,CRC-GLB-301,SITE-0062,INV-0124,KEN,2025-01-08,RB,46,Female,Eligible,,Yes,2026-07-30T20:12:28.577992
SCR-001653,CRC-GLB-301,SITE-0027,INV-0053,CAN,2025-03-18,HU,33,Male,Eligible,,Yes,2026-07-30T20:12:28.577992
SCR-001654,CRC-GLB-301,SITE-0046,INV-0092,DEU,2025-08-24,OQ,19,Male,Eligible,,Yes,2026-07-30T20:12:28.577992
SCR-001655,CRC-GLB-301,SITE-0026,INV-0052,CAN,2025-12-07,AQ,60,Male,Eligible,,Yes,2026-07-30T20:12:28.577992
SCR-001656,CRC-GLB-301,SITE-0035,INV-0069,GBR,2025-08-17,OG,50,Male,Screen Failure,Inclusion Criteria Not Met,Yes,2026-07-30T20:12:28.577992
SCR-001657,CRC-GLB-301,SITE-0032,INV-0063,CAN,2025-12-20,SE,52,Female,Eligible,,Yes,2026-07-30T20:12:28.577992
SCR-001658,CRC-GLB-301,SITE-0012,INV-0023,SGP,2025-02-02,XD,56,Male,Eligible,,Yes,2026-07-30T20:12:28.577992
SCR-001659,CRC-GLB-301,SITE-0027,INV-0053,CAN,2025-05-05,PP,77,Male,Eligible,,Yes,2026-07-30T20:12:28.577992
SCR-001660,CRC-GLB-301,SITE-0007,INV-0014,IND,2025-11-21,BM,74,Male,Eligible,,Yes,2026-07-30T20:12:28.577992
SCR-001661,CRC-GLB-301,SITE-0061,INV-0121,KEN,2025-02-21,OF,80,Female,Eligible,,Yes,2026-07-30T20:12:28.577992
SCR-001662,CRC-GLB-301,SITE-0002,INV-0004,IND,2025-02-27,SL,42,Female,Eligible,,Yes,2026-07-30T20:12:28.577992
SCR-001663,CRC-GLB-301,SITE-0001,INV-0002,IND,2025-11-04,HQ,60,Female,Screen Failure,Withdrew Consent,Yes,2026-07-30T20:12:28.577992
SCR-001664,CRC-GLB-301,SITE-0037,INV-0074,GBR,2025-05-16,WG,53,Female,Eligible,,Yes,2026-07-30T20:12:28.577992
SCR-001665,CRC-GLB-301,SITE-0057,INV-0113,KEN,2025-09-07,AX,83,Female,Screen Failure,Exclusion Criteria Met,Yes,2026-07-30T20:12:28.577992
SCR-001666,CRC-GLB-301,SITE-0064,INV-0127,KEN,2025-02-03,TR,30,Female,Screen Failure,Exclusion Criteria Met,Yes,2026-07-30T20:12:28.577992
SCR-001667,CRC-GLB-301,SITE-0044,INV-0087,DEU,2025-04-10,UT,45,Female,Eligible,,Yes,2026-07-30T20:12:28.577992
SCR-001668,CRC-GLB-301,SITE-0040,INV-0080,GBR,2025-02-22,RY,44,Male,Screen Failure,Withdrew Consent,Yes,2026-07-30T20:12:28.577992
SCR-001669,CRC-GLB-301,SITE-0042,INV-0083,DEU,2025-04-09,TU,38,Male,Eligible,,Yes,2026-07-30T20:12:28.577992
SCR-001670,CRC-GLB-301,SITE-0042,INV-0084,DEU,2025-05-18,FG,56,Female,Screen Failure,Withdrew Consent,Yes,2026-07-30T20:12:28.577992
SCR-001671,CRC-GLB-301,SITE-0019,INV-0038,USA,2025-06-20,SV,58,Female,Eligible,,Yes,2026-07-30T20:12:28.577992
SCR-001672,CRC-GLB-301,SITE-0040,INV-0080,GBR,2025-08-02,AY,25,Female,Screen Failure,Withdrew Consent,Yes,2026-07-30T20:12:28.577992
SCR-001673,CRC-GLB-301,SITE-0046,INV-0091,DEU,2025-05-21,AS,44,Female,Screen Failure,Withdrew Consent,Yes,2026-07-30T20:12:28.577992
SCR-001674,CRC-GLB-301,SITE-0038,INV-0076,GBR,2025-06-14,LJ,43,Male,Screen Failure,Inclusion Criteria Not Met,Yes,2026-07-30T20:12:28.577992
SCR-001675,CRC-GLB-301,SITE-0057,INV-0114,KEN,2025-02-08,GI,79,Female,Screen Failure,Inclusion Criteria Not Met,Yes,2026-07-30T20:12:28.577992
SCR-001676,CRC-GLB-301,SITE-0006,INV-0012,IND,2025-12-19,YS,49,Female,Eligible,,Yes,2026-07-30T20:12:28.577992
SCR-001677,CRC-GLB-301,SITE-0049,INV-0097,ZAF,2025-02-21,BI,65,Female,Eligible,,Yes,2026-07-30T20:12:28.577992
SCR-001678,CRC-GLB-301,SITE-0037,INV-0073,GBR,2025-08-30,DT,59,Female,Eligible,,Yes,2026-07-30T20:12:28.577992
SCR-001679,CRC-GLB-301,SITE-0020,INV-0039,USA,2025-10-29,HF,29,Female,Eligible,,Yes,2026-07-30T20:12:28.577992
SCR-001680,CRC-GLB-301,SITE-0032,INV-0064,CAN,2025-10-21,OR,85,Female,Eligible,,Yes,2026-07-30T20:12:28.577992
SCR-001681,CRC-GLB-301,SITE-0003,INV-0005,IND,2025-02-04,WS,58,Female,Eligible,,Yes,2026-07-30T20:12:28.577992
SCR-001682,CRC-GLB-301,SITE-0058,INV-0115,KEN,2025-06-14,ML,60,Male,Screen Failure,Exclusion Criteria Met,Yes,2026-07-30T20:12:28.577992
SCR-001683,CRC-GLB-301,SITE-0034,INV-0068,GBR,2025-11-06,TA,33,Female,Eligible,,Yes,2026-07-30T20:12:28.577992
SCR-001684,CRC-GLB-301,SITE-0055,INV-0110,ZAF,2025-01-25,VB,83,Female,Screen Failure,Withdrew Consent,Yes,2026-07-30T20:12:28.577992
SCR-001685,CRC-GLB-301,SITE-0003,INV-0006,IND,2025-01-17,YW,59,Female,Eligible,,Yes,2026-07-30T20:12:28.577992
SCR-001686,CRC-GLB-301,SITE-0037,INV-0074,GBR,2025-02-08,OZ,32,Male,Screen Failure,Inclusion Criteria Not Met,Yes,2026-07-30T20:12:28.577992
SCR-001687,CRC-GLB-301,SITE-0012,INV-0024,SGP,2025-02-07,TL,53,Female,Screen Failure,Exclusion Criteria Met,Yes,2026-07-30T20:12:28.577992
SCR-001688,CRC-GLB-301,SITE-0058,INV-0115,KEN,2025-11-30,IE,61,Female,Eligible,,Yes,2026-07-30T20:12:28.577992
SCR-001689,CRC-GLB-301,SITE-0056,INV-0111,ZAF,2025-07-25,OA,67,Male,Eligible,,Yes,2026-07-30T20:12:28.577992
SCR-001690,CRC-GLB-301,SITE-0002,INV-0003,IND,2025-06-15,LG,46,Female,Eligible,,Yes,2026-07-30T20:12:28.577992
SCR-001691,CRC-GLB-301,SITE-0059,INV-0117,KEN,2025-10-22,YX,37,Male,Eligible,,Yes,2026-07-30T20:12:28.577992
SCR-001692,CRC-GLB-301,SITE-0019,INV-0037,USA,2025-06-07,EA,23,Male,Eligible,,Yes,2026-07-30T20:12:28.577992
SCR-001693,CRC-GLB-301,SITE-0045,INV-0089,DEU,2025-06-17,WY,44,Male,Eligible,,Yes,2026-07-30T20:12:28.577992
SCR-001694,CRC-GLB-301,SITE-0039,INV-0077,GBR,2025-08-06,ZG,45,Female,Eligible,,Yes,2026-07-30T20:12:28.577992
SCR-001695,CRC-GLB-301,SITE-0004,INV-0007,IND,2025-08-14,DY,21,Female,Eligible,,Yes,2026-07-30T20:12:28.577992
SCR-001696,CRC-GLB-301,SITE-0027,INV-0054,CAN,2025-01-26,LK,44,Female,Eligible,,Yes,2026-07-30T20:12:28.577992
SCR-001697,CRC-GLB-301,SITE-0016,INV-0031,SGP,2025-03-31,NP,84,Male,Eligible,,Yes,2026-07-30T20:12:28.577992
SCR-001698,CRC-GLB-301,SITE-0021,INV-0041,USA,2025-03-03,YT,63,Female,Eligible,,Yes,2026-07-30T20:12:28.577992
SCR-001699,CRC-GLB-301,SITE-0054,INV-0107,ZAF,2025-02-16,UJ,50,Male,Screen Failure,Exclusion Criteria Met,Yes,2026-07-30T20:12:28.577992
SCR-001700,CRC-GLB-301,SITE-0059,INV-0117,KEN,2025-01-04,JK,30,Female,Eligible,,Yes,2026-07-30T20:12:28.577992
SCR-001701,CRC-GLB-301,SITE-0047,INV-0094,DEU,2025-08-11,YQ,47,Male,Screen Failure,Inclusion Criteria Not Met,Yes,2026-07-30T20:12:28.577992
SCR-001702,CRC-GLB-301,SITE-0050,INV-0100,ZAF,2025-01-09,YH,59,Male,Eligible,,Yes,2026-07-30T20:12:28.577992
SCR-001703,CRC-GLB-301,SITE-0019,INV-0037,USA,2025-04-01,OD,37,Male,Eligible,,Yes,2026-07-30T20:12:28.577992
SCR-001704,CRC-GLB-301,SITE-0061,INV-0121,KEN,2025-02-01,PF,55,Female,Eligible,,Yes,2026-07-30T20:12:28.577992
SCR-001705,CRC-GLB-301,SITE-0054,INV-0107,ZAF,2025-08-03,EY,37,Male,Eligible,,Yes,2026-07-30T20:12:28.577992
SCR-001706,CRC-GLB-301,SITE-0047,INV-0093,DEU,2025-03-25,AF,69,Female,Eligible,,Yes,2026-07-30T20:12:28.577992
SCR-001707,CRC-GLB-301,SITE-0034,INV-0068,GBR,2025-01-15,UI,78,Male,Eligible,,Yes,2026-07-30T20:12:28.577992
SCR-001708,CRC-GLB-301,SITE-0019,INV-0038,USA,2025-01-24,OT,85,Male,Eligible,,Yes,2026-07-30T20:12:28.577992
SCR-001709,CRC-GLB-301,SITE-0021,INV-0041,USA,2025-01-08,JF,71,Male,Eligible,,Yes,2026-07-30T20:12:28.577992
SCR-001710,CRC-GLB-301,SITE-0015,INV-0030,SGP,2025-08-26,ZW,74,Male,Eligible,,Yes,2026-07-30T20:12:28.577992
SCR-001711,CRC-GLB-301,SITE-0001,INV-0002,IND,2025-09-01,MX,34,Female,Eligible,,Yes,2026-07-30T20:12:28.577992
SCR-001712,CRC-GLB-301,SITE-0047,INV-0093,DEU,2025-09-02,MV,43,Male,Eligible,,Yes,2026-07-30T20:12:28.577992
SCR-001713,CRC-GLB-301,SITE-0029,INV-0057,CAN,2025-04-26,RT,69,Female,Screen Failure,Exclusion Criteria Met,Yes,2026-07-30T20:12:28.577992
SCR-001714,CRC-GLB-301,SITE-0014,INV-0027,SGP,2025-04-26,GS,56,Female,Eligible,,Yes,2026-07-30T20:12:28.577992
SCR-001715,CRC-GLB-301,SITE-0060,INV-0120,KEN,2025-03-09,IJ,36,Male,Eligible,,Yes,2026-07-30T20:12:28.577992
SCR-001716,CRC-GLB-301,SITE-0050,INV-0099,ZAF,2025-04-04,AQ,48,Male,Screen Failure,Exclusion Criteria Met,Yes,2026-07-30T20:12:28.577992
SCR-001717,CRC-GLB-301,SITE-0051,INV-0102,ZAF,2025-01-06,OM,62,Male,Eligible,,Yes,2026-07-30T20:12:28.577992
SCR-001718,CRC-GLB-301,SITE-0052,INV-0104,ZAF,2025-04-20,LG,74,Male,Eligible,,Yes,2026-07-30T20:12:28.577992
SCR-001719,CRC-GLB-301,SITE-0036,INV-0072,GBR,2025-04-06,GU,80,Female,Screen Failure,Abnormal Laboratory Values,Yes,2026-07-30T20:12:28.577992
SCR-001720,CRC-GLB-301,SITE-0013,INV-0026,SGP,2025-09-23,GU,72,Male,Eligible,,Yes,2026-07-30T20:12:28.577992
SCR-001721,CRC-GLB-301,SITE-0017,INV-0033,USA,2025-04-27,ZV,33,Female,Eligible,,Yes,2026-07-30T20:12:28.577992
SCR-001722,CRC-GLB-301,SITE-0017,INV-0034,USA,2025-06-07,LO,28,Male,Eligible,,Yes,2026-07-30T20:12:28.577992
SCR-001723,CRC-GLB-301,SITE-0051,INV-0101,ZAF,2025-03-14,VF,20,Male,Eligible,,Yes,2026-07-30T20:12:28.577992
SCR-001724,CRC-GLB-301,SITE-0046,INV-0091,DEU,2025-10-16,WN,64,Male,Eligible,,Yes,2026-07-30T20:12:28.577992
SCR-001725,CRC-GLB-301,SITE-0022,INV-0044,USA,2025-03-23,CE,46,Male,Eligible,,Yes,2026-07-30T20:12:28.577992
SCR-001726,CRC-GLB-301,SITE-0055,INV-0109,ZAF,2025-05-23,BZ,69,Female,Eligible,,Yes,2026-07-30T20:12:28.577992
SCR-001727,CRC-GLB-301,SITE-0050,INV-0100,ZAF,2025-09-01,MD,56,Male,Eligible,,Yes,2026-07-30T20:12:28.577992
SCR-001728,CRC-GLB-301,SITE-0010,INV-0020,SGP,2025-04-17,XP,26,Male,Screen Failure,Abnormal Laboratory Values,Yes,2026-07-30T20:12:28.577992
SCR-001729,CRC-GLB-301,SITE-0053,INV-0105,ZAF,2025-09-04,VT,49,Female,Screen Failure,Exclusion Criteria Met,Yes,2026-07-30T20:12:28.577992
SCR-001730,CRC-GLB-301,SITE-0021,INV-0042,USA,2025-07-20,PG,62,Male,Eligible,,Yes,2026-07-30T20:12:28.577992
SCR-001731,CRC-GLB-301,SITE-0029,INV-0058,CAN,2025-03-13,XD,37,Male,Eligible,,Yes,2026-07-30T20:12:28.577992
SCR-001732,CRC-GLB-301,SITE-0057,INV-0113,KEN,2025-12-11,HI,33,Female,Eligible,,Yes,2026-07-30T20:12:28.577992
SCR-001733,CRC-GLB-301,SITE-0014,INV-0028,SGP,2025-04-29,RH,33,Female,Eligible,,Yes,2026-07-30T20:12:28.577992
SCR-001734,CRC-GLB-301,SITE-0020,INV-0039,USA,2025-06-24,WY,23,Female,Eligible,,Yes,2026-07-30T20:12:28.577992
SCR-001735,CRC-GLB-301,SITE-0033,INV-0065,GBR,2025-11-17,MP,80,Female,Eligible,,Yes,2026-07-30T20:12:28.577992
SCR-001736,CRC-GLB-301,SITE-0029,INV-0057,CAN,2025-11-05,YW,48,Female,Screen Failure,Inclusion Criteria Not Met,Yes,2026-07-30T20:12:28.577992
SCR-001737,CRC-GLB-301,SITE-0056,INV-0112,ZAF,2025-01-30,QW,53,Female,Eligible,,Yes,2026-07-30T20:12:28.577992
SCR-001738,CRC-GLB-301,SITE-0033,INV-0066,GBR,2025-08-03,RG,63,Male,Eligible,,Yes,2026-07-30T20:12:28.577992
SCR-001739,CRC-GLB-301,SITE-0002,INV-0003,IND,2025-09-06,GM,73,Female,Eligible,,Yes,2026-07-30T20:12:28.577992
SCR-001740,CRC-GLB-301,SITE-0014,INV-0028,SGP,2025-10-15,PO,84,Female,Eligible,,Yes,2026-07-30T20:12:28.577992
SCR-001741,CRC-GLB-301,SITE-0006,INV-0011,IND,2025-10-22,CZ,48,Female,Screen Failure,Inclusion Criteria Not Met,Yes,2026-07-30T20:12:28.577992
SCR-001742,CRC-GLB-301,SITE-0054,INV-0108,ZAF,2025-01-21,JU,76,Male,Eligible,,Yes,2026-07-30T20:12:28.577992
SCR-001743,CRC-GLB-301,SITE-0052,INV-0104,ZAF,2025-12-09,XF,41,Male,Eligible,,Yes,2026-07-30T20:12:28.577992
SCR-001744,CRC-GLB-301,SITE-0043,INV-0085,DEU,2025-05-30,XU,76,Female,Eligible,,Yes,2026-07-30T20:12:28.577992
SCR-001745,CRC-GLB-301,SITE-0046,INV-0092,DEU,2025-06-30,ZG,75,Male,Eligible,,Yes,2026-07-30T20:12:28.577992
SCR-001746,CRC-GLB-301,SITE-0042,INV-0084,DEU,2025-12-24,ZG,38,Male,Eligible,,Yes,2026-07-30T20:12:28.577992
SCR-001747,CRC-GLB-301,SITE-0042,INV-0084,DEU,2025-06-28,UE,81,Male,Eligible,,Yes,2026-07-30T20:12:28.577992
SCR-001748,CRC-GLB-301,SITE-0043,INV-0086,DEU,2025-11-12,NU,47,Female,Eligible,,Yes,2026-07-30T20:12:28.577992
SCR-001749,CRC-GLB-301,SITE-0040,INV-0079,GBR,2025-02-16,QI,81,Male,Eligible,,Yes,2026-07-30T20:12:28.577992
SCR-001750,CRC-GLB-301,SITE-0049,INV-0097,ZAF,2025-05-16,WM,61,Female,Eligible,,Yes,2026-07-30T20:12:28.577992
SCR-001751,CRC-GLB-301,SITE-0047,INV-0093,DEU,2025-03-28,IC,57,Female,Eligible,,Yes,2026-07-30T20:12:28.577992
SCR-001752,CRC-GLB-301,SITE-0023,INV-0046,USA,2025-11-13,SF,29,Female,Eligible,,Yes,2026-07-30T20:12:28.577992
SCR-001753,CRC-GLB-301,SITE-0034,INV-0067,GBR,2025-06-24,NK,67,Male,Eligible,,Yes,2026-07-30T20:12:28.577992
SCR-001754,CRC-GLB-301,SITE-0038,INV-0075,GBR,2025-06-15,ZL,23,Male,Eligible,,Yes,2026-07-30T20:12:28.577992
SCR-001755,CRC-GLB-301,SITE-0020,INV-0040,USA,2025-09-11,FS,46,Male,Screen Failure,Inclusion Criteria Not Met,Yes,2026-07-30T20:12:28.577992
SCR-001756,CRC-GLB-301,SITE-0029,INV-0058,CAN,2025-03-16,AG,20,Female,Screen Failure,Exclusion Criteria Met,Yes,2026-07-30T20:12:28.577992
SCR-001757,CRC-GLB-301,SITE-0057,INV-0114,KEN,2025-07-31,EN,69,Female,Screen Failure,Exclusion Criteria Met,Yes,2026-07-30T20:12:28.577992
SCR-001758,CRC-GLB-301,SITE-0034,INV-0068,GBR,2025-05-15,LJ,48,Female,Eligible,,Yes,2026-07-30T20:12:28.577992
SCR-001759,CRC-GLB-301,SITE-0046,INV-0091,DEU,2025-12-21,DW,49,Male,Eligible,,Yes,2026-07-30T20:12:28.577992
SCR-001760,CRC-GLB-301,SITE-0013,INV-0026,SGP,2025-10-02,IU,47,Female,Eligible,,Yes,2026-07-30T20:12:28.577992
SCR-001761,CRC-GLB-301,SITE-0029,INV-0058,CAN,2025-05-18,OB,74,Female,Eligible,,Yes,2026-07-30T20:12:28.577992
SCR-001762,CRC-GLB-301,SITE-0056,INV-0111,ZAF,2025-01-12,OO,25,Female,Screen Failure,Exclusion Criteria Met,Yes,2026-07-30T20:12:28.577992
SCR-001763,CRC-GLB-301,SITE-0062,INV-0123,KEN,2025-02-02,RB,53,Female,Eligible,,Yes,2026-07-30T20:12:28.577992
SCR-001764,CRC-GLB-301,SITE-0004,INV-0008,IND,2025-08-09,SY,68,Male,Eligible,,Yes,2026-07-30T20:12:28.577992
SCR-001765,CRC-GLB-301,SITE-0058,INV-0116,KEN,2025-10-03,SH,47,Female,Eligible,,Yes,2026-07-30T20:12:28.577992
SCR-001766,CRC-GLB-301,SITE-0019,INV-0038,USA,2025-01-04,ZB,63,Male,Eligible,,Yes,2026-07-30T20:12:28.577992
SCR-001767,CRC-GLB-301,SITE-0010,INV-0019,SGP,2025-09-29,KE,42,Male,Eligible,,Yes,2026-07-30T20:12:28.577992
SCR-001768,CRC-GLB-301,SITE-0023,INV-0045,USA,2025-01-16,QM,33,Female,Eligible,,Yes,2026-07-30T20:12:28.577992
SCR-001769,CRC-GLB-301,SITE-0012,INV-0023,SGP,2025-07-26,OY,67,Female,Eligible,,Yes,2026-07-30T20:12:28.577992
SCR-001770,CRC-GLB-301,SITE-0049,INV-0098,ZAF,2025-03-12,WE,57,Female,Eligible,,Yes,2026-07-30T20:12:28.577992
SCR-001771,CRC-GLB-301,SITE-0023,INV-0046,USA,2025-05-10,ME,69,Male,Eligible,,Yes,2026-07-30T20:12:28.577992
SCR-001772,CRC-GLB-301,SITE-0030,INV-0060,CAN,2025-06-23,LC,50,Male,Screen Failure,Inclusion Criteria Not Met,Yes,2026-07-30T20:12:28.577992
SCR-001773,CRC-GLB-301,SITE-0008,INV-0015,IND,2025-02-18,EZ,85,Male,Screen Failure,Abnormal Laboratory Values,Yes,2026-07-30T20:12:28.577992
SCR-001774,CRC-GLB-301,SITE-0001,INV-0002,IND,2025-06-06,AX,65,Male,Screen Failure,Withdrew Consent,Yes,2026-07-30T20:12:28.577992
SCR-001775,CRC-GLB-301,SITE-0023,INV-0045,USA,2025-04-04,NZ,30,Male,Screen Failure,Withdrew Consent,Yes,2026-07-30T20:12:28.577992
SCR-001776,CRC-GLB-301,SITE-0048,INV-0095,DEU,2025-08-14,SW,40,Male,Eligible,,Yes,2026-07-30T20:12:28.577992
SCR-001777,CRC-GLB-301,SITE-0057,INV-0113,KEN,2025-11-15,BN,33,Female,Eligible,,Yes,2026-07-30T20:12:28.577992
SCR-001778,CRC-GLB-301,SITE-0038,INV-0075,GBR,2025-06-28,RP,39,Male,Eligible,,Yes,2026-07-30T20:12:28.577992
SCR-001779,CRC-GLB-301,SITE-0064,INV-0127,KEN,2025-11-05,EP,61,Female,Eligible,,Yes,2026-07-30T20:12:28.577992
SCR-001780,CRC-GLB-301,SITE-0050,INV-0100,ZAF,2025-12-09,OI,64,Male,Screen Failure,Inclusion Criteria Not Met,Yes,2026-07-30T20:12:28.577992
SCR-001781,CRC-GLB-301,SITE-0031,INV-0062,CAN,2025-04-07,UB,25,Female,Eligible,,Yes,2026-07-30T20:12:28.577992
SCR-001782,CRC-GLB-301,SITE-0013,INV-0025,SGP,2025-09-27,OS,84,Female,Screen Failure,Abnormal Laboratory Values,Yes,2026-07-30T20:12:28.577992
SCR-001783,CRC-GLB-301,SITE-0026,INV-0052,CAN,2025-06-14,DT,55,Female,Eligible,,Yes,2026-07-30T20:12:28.577992
SCR-001784,CRC-GLB-301,SITE-0052,INV-0104,ZAF,2025-07-13,CA,31,Female,Eligible,,Yes,2026-07-30T20:12:28.577992
SCR-001785,CRC-GLB-301,SITE-0062,INV-0124,KEN,2025-06-06,MU,54,Male,Eligible,,Yes,2026-07-30T20:12:28.577992
SCR-001786,CRC-GLB-301,SITE-0006,INV-0011,IND,2025-06-07,XT,40,Female,Screen Failure,Inclusion Criteria Not Met,Yes,2026-07-30T20:12:28.577992
SCR-001787,CRC-GLB-301,SITE-0007,INV-0013,IND,2025-01-25,ZK,63,Male,Eligible,,Yes,2026-07-30T20:12:28.577992
SCR-001788,CRC-GLB-301,SITE-0056,INV-0111,ZAF,2025-09-18,JS,45,Male,Eligible,,Yes,2026-07-30T20:12:28.577992
SCR-001789,CRC-GLB-301,SITE-0059,INV-0117,KEN,2025-04-24,SB,44,Female,Eligible,,Yes,2026-07-30T20:12:28.577992
SCR-001790,CRC-GLB-301,SITE-0027,INV-0053,CAN,2025-01-24,XF,32,Female,Eligible,,Yes,2026-07-30T20:12:28.577992
SCR-001791,CRC-GLB-301,SITE-0001,INV-0001,IND,2025-12-04,VV,40,Female,Eligible,,Yes,2026-07-30T20:12:28.577992
SCR-001792,CRC-GLB-301,SITE-0030,INV-0060,CAN,2025-07-25,BD,49,Female,Eligible,,Yes,2026-07-30T20:12:28.577992
SCR-001793,CRC-GLB-301,SITE-0055,INV-0110,ZAF,2025-04-15,YQ,52,Female,Eligible,,Yes,2026-07-30T20:12:28.577992
SCR-001794,CRC-GLB-301,SITE-0002,INV-0004,IND,2025-07-31,JV,42,Female,Eligible,,Yes,2026-07-30T20:12:28.577992
SCR-001795,CRC-GLB-301,SITE-0033,INV-0065,GBR,2025-11-17,SB,75,Male,Eligible,,Yes,2026-07-30T20:12:28.577992
SCR-001796,CRC-GLB-301,SITE-0029,INV-0057,CAN,2025-11-23,CE,80,Male,Eligible,,Yes,2026-07-30T20:12:28.577992
SCR-001797,CRC-GLB-301,SITE-0024,INV-0048,USA,2025-03-27,YG,68,Female,Eligible,,Yes,2026-07-30T20:12:28.577992
SCR-001798,CRC-GLB-301,SITE-0037,INV-0074,GBR,2025-10-19,GT,68,Male,Eligible,,Yes,2026-07-30T20:12:28.577992
SCR-001799,CRC-GLB-301,SITE-0012,INV-0024,SGP,2025-04-13,DZ,78,Female,Eligible,,Yes,2026-07-30T20:12:28.577992
SCR-001800,CRC-GLB-301,SITE-0014,INV-0027,SGP,2025-04-28,AK,28,Male,Eligible,,Yes,2026-07-30T20:12:28.577992
SCR-001801,CRC-GLB-301,SITE-0031,INV-0062,CAN,2025-08-13,TL,23,Male,Screen Failure,Abnormal Laboratory Values,Yes,2026-07-30T20:12:28.577992
SCR-001802,CRC-GLB-301,SITE-0027,INV-0054,CAN,2025-01-23,OY,61,Female,Eligible,,Yes,2026-07-30T20:12:28.577992
SCR-001803,CRC-GLB-301,SITE-0023,INV-0046,USA,2025-08-25,FQ,68,Female,Eligible,,Yes,2026-07-30T20:12:28.577992
SCR-001804,CRC-GLB-301,SITE-0020,INV-0040,USA,2025-09-16,BE,42,Female,Eligible,,Yes,2026-07-30T20:12:28.577992
SCR-001805,CRC-GLB-301,SITE-0057,INV-0113,KEN,2025-08-14,BG,85,Female,Eligible,,Yes,2026-07-30T20:12:28.577992
SCR-001806,CRC-GLB-301,SITE-0021,INV-0041,USA,2025-10-08,ZB,26,Female,Eligible,,Yes,2026-07-30T20:12:28.577992
SCR-001807,CRC-GLB-301,SITE-0003,INV-0005,IND,2025-06-14,JD,31,Male,Eligible,,Yes,2026-07-30T20:12:28.577992
SCR-001808,CRC-GLB-301,SITE-0001,INV-0002,IND,2025-01-02,OV,33,Male,Eligible,,Yes,2026-07-30T20:12:28.577992
SCR-001809,CRC-GLB-301,SITE-0005,INV-0009,IND,2025-01-11,QX,67,Female,Eligible,,Yes,2026-07-30T20:12:28.577992
SCR-001810,CRC-GLB-301,SITE-0050,INV-0100,ZAF,2025-05-02,RP,62,Female,Eligible,,Yes,2026-07-30T20:12:28.577992
SCR-001811,CRC-GLB-301,SITE-0062,INV-0123,KEN,2025-08-21,NJ,36,Female,Eligible,,Yes,2026-07-30T20:12:28.577992
SCR-001812,CRC-GLB-301,SITE-0023,INV-0046,USA,2025-05-12,WJ,20,Female,Eligible,,Yes,2026-07-30T20:12:28.577992
SCR-001813,CRC-GLB-301,SITE-0039,INV-0077,GBR,2025-01-22,LS,47,Female,Eligible,,Yes,2026-07-30T20:12:28.577992
SCR-001814,CRC-GLB-301,SITE-0017,INV-0034,USA,2025-04-17,YK,71,Female,Eligible,,Yes,2026-07-30T20:12:28.577992
SCR-001815,CRC-GLB-301,SITE-0058,INV-0116,KEN,2025-07-18,MI,69,Male,Eligible,,Yes,2026-07-30T20:12:28.577992
SCR-001816,CRC-GLB-301,SITE-0027,INV-0053,CAN,2025-12-31,EF,64,Female,Screen Failure,Exclusion Criteria Met,Yes,2026-07-30T20:12:28.577992
SCR-001817,CRC-GLB-301,SITE-0053,INV-0106,ZAF,2025-11-26,HK,78,Male,Eligible,,Yes,2026-07-30T20:12:28.577992
SCR-001818,CRC-GLB-301,SITE-0058,INV-0116,KEN,2025-11-16,KF,61,Male,Eligible,,Yes,2026-07-30T20:12:28.577992
SCR-001819,CRC-GLB-301,SITE-0050,INV-0100,ZAF,2025-04-03,YA,44,Female,Eligible,,Yes,2026-07-30T20:12:28.577992
SCR-001820,CRC-GLB-301,SITE-0023,INV-0046,USA,2025-12-15,OE,69,Male,Eligible,,Yes,2026-07-30T20:12:28.577992
SCR-001821,CRC-GLB-301,SITE-0020,INV-0040,USA,2025-06-12,MW,34,Female,Eligible,,Yes,2026-07-30T20:12:28.577992
SCR-001822,CRC-GLB-301,SITE-0041,INV-0081,DEU,2025-12-13,CB,20,Male,Eligible,,Yes,2026-07-30T20:12:28.577992
SCR-001823,CRC-GLB-301,SITE-0007,INV-0014,IND,2025-02-16,IX,43,Male,Eligible,,Yes,2026-07-30T20:12:28.577992
SCR-001824,CRC-GLB-301,SITE-0028,INV-0056,CAN,2025-02-03,JX,75,Female,Eligible,,Yes,2026-07-30T20:12:28.577992
SCR-001825,CRC-GLB-301,SITE-0044,INV-0087,DEU,2025-05-29,HU,38,Male,Eligible,,Yes,2026-07-30T20:12:28.577992
SCR-001826,CRC-GLB-301,SITE-0021,INV-0042,USA,2025-03-02,NQ,38,Female,Eligible,,Yes,2026-07-30T20:12:28.577992
SCR-001827,CRC-GLB-301,SITE-0036,INV-0071,GBR,2025-02-28,RD,74,Male,Eligible,,Yes,2026-07-30T20:12:28.577992
SCR-001828,CRC-GLB-301,SITE-0006,INV-0011,IND,2025-08-31,JE,20,Female,Screen Failure,Withdrew Consent,Yes,2026-07-30T20:12:28.577992
SCR-001829,CRC-GLB-301,SITE-0057,INV-0113,KEN,2025-01-11,ZY,62,Female,Screen Failure,Withdrew Consent,Yes,2026-07-30T20:12:28.577992
SCR-001830,CRC-GLB-301,SITE-0011,INV-0022,SGP,2025-02-05,EQ,68,Male,Eligible,,Yes,2026-07-30T20:12:28.577992
SCR-001831,CRC-GLB-301,SITE-0015,INV-0029,SGP,2025-05-30,SY,28,Female,Screen Failure,Abnormal Laboratory Values,Yes,2026-07-30T20:12:28.577992
SCR-001832,CRC-GLB-301,SITE-0064,INV-0127,KEN,2025-11-15,XK,39,Female,Eligible,,Yes,2026-07-30T20:12:28.577992
SCR-001833,CRC-GLB-301,SITE-0033,INV-0065,GBR,2025-09-20,HN,21,Female,Eligible,,Yes,2026-07-30T20:12:28.577992
SCR-001834,CRC-GLB-301,SITE-0041,INV-0081,DEU,2025-01-27,QS,51,Female,Eligible,,Yes,2026-07-30T20:12:28.577992
SCR-001835,CRC-GLB-301,SITE-0056,INV-0112,ZAF,2025-05-20,TT,76,Male,Screen Failure,Inclusion Criteria Not Met,Yes,2026-07-30T20:12:28.577992
SCR-001836,CRC-GLB-301,SITE-0043,INV-0085,DEU,2025-03-08,WY,19,Male,Eligible,,Yes,2026-07-30T20:12:28.577992
SCR-001837,CRC-GLB-301,SITE-0039,INV-0078,GBR,2025-04-13,XJ,22,Female,Eligible,,Yes,2026-07-30T20:12:28.577992
SCR-001838,CRC-GLB-301,SITE-0049,INV-0098,ZAF,2025-07-07,UW,72,Female,Eligible,,Yes,2026-07-30T20:12:28.577992
SCR-001839,CRC-GLB-301,SITE-0044,INV-0087,DEU,2025-05-14,OM,52,Male,Screen Failure,Abnormal Laboratory Values,Yes,2026-07-30T20:12:28.577992
SCR-001840,CRC-GLB-301,SITE-0058,INV-0115,KEN,2025-12-08,XW,32,Male,Eligible,,Yes,2026-07-30T20:12:28.577992
SCR-001841,CRC-GLB-301,SITE-0017,INV-0033,USA,2025-05-05,BJ,37,Male,Eligible,,Yes,2026-07-30T20:12:28.577992
SCR-001842,CRC-GLB-301,SITE-0012,INV-0023,SGP,2025-01-05,ST,61,Male,Eligible,,Yes,2026-07-30T20:12:28.577992
SCR-001843,CRC-GLB-301,SITE-0020,INV-0040,USA,2025-11-20,WU,31,Male,Eligible,,Yes,2026-07-30T20:12:28.577992
SCR-001844,CRC-GLB-301,SITE-0008,INV-0015,IND,2025-04-13,XY,41,Male,Eligible,,Yes,2026-07-30T20:12:28.577992
SCR-001845,CRC-GLB-301,SITE-0012,INV-0023,SGP,2025-12-18,GB,28,Female,Screen Failure,Withdrew Consent,Yes,2026-07-30T20:12:28.577992
SCR-001846,CRC-GLB-301,SITE-0042,INV-0083,DEU,2025-09-01,VS,81,Male,Eligible,,Yes,2026-07-30T20:12:28.577992
SCR-001847,CRC-GLB-301,SITE-0061,INV-0122,KEN,2025-12-13,PW,74,Male,Eligible,,Yes,2026-07-30T20:12:28.577992
SCR-001848,CRC-GLB-301,SITE-0001,INV-0001,IND,2025-04-01,ZG,42,Male,Eligible,,Yes,2026-07-30T20:12:28.577992
SCR-001849,CRC-GLB-301,SITE-0010,INV-0019,SGP,2025-06-14,TF,68,Female,Screen Failure,Exclusion Criteria Met,Yes,2026-07-30T20:12:28.577992
SCR-001850,CRC-GLB-301,SITE-0053,INV-0106,ZAF,2025-04-22,LV,48,Male,Eligible,,Yes,2026-07-30T20:12:28.577992
SCR-001851,CRC-GLB-301,SITE-0033,INV-0066,GBR,2025-03-24,BB,62,Male,Eligible,,Yes,2026-07-30T20:12:28.577992
SCR-001852,CRC-GLB-301,SITE-0056,INV-0111,ZAF,2025-01-07,ZR,58,Female,Screen Failure,Withdrew Consent,Yes,2026-07-30T20:12:28.577992
SCR-001853,CRC-GLB-301,SITE-0009,INV-0018,SGP,2025-08-19,JV,65,Female,Screen Failure,Abnormal Laboratory Values,Yes,2026-07-30T20:12:28.577992
SCR-001854,CRC-GLB-301,SITE-0039,INV-0078,GBR,2025-10-07,ZE,39,Male,Screen Failure,Abnormal Laboratory Values,Yes,2026-07-30T20:12:28.577992
SCR-001855,CRC-GLB-301,SITE-0046,INV-0092,DEU,2025-08-25,IU,69,Female,Screen Failure,Withdrew Consent,Yes,2026-07-30T20:12:28.577992
SCR-001856,CRC-GLB-301,SITE-0060,INV-0120,KEN,2025-03-20,DT,71,Male,Eligible,,Yes,2026-07-30T20:12:28.577992
SCR-001857,CRC-GLB-301,SITE-0018,INV-0036,USA,2025-07-15,ZQ,69,Female,Eligible,,Yes,2026-07-30T20:12:28.577992
SCR-001858,CRC-GLB-301,SITE-0002,INV-0004,IND,2025-12-05,XD,41,Male,Eligible,,Yes,2026-07-30T20:12:28.577992
SCR-001859,CRC-GLB-301,SITE-0013,INV-0025,SGP,2025-08-30,DI,20,Female,Screen Failure,Withdrew Consent,Yes,2026-07-30T20:12:28.577992
SCR-001860,CRC-GLB-301,SITE-0051,INV-0101,ZAF,2025-06-05,VW,53,Male,Eligible,,Yes,2026-07-30T20:12:28.577992
SCR-001861,CRC-GLB-301,SITE-0025,INV-0050,CAN,2025-11-07,SL,38,Female,Eligible,,Yes,2026-07-30T20:12:28.577992
SCR-001862,CRC-GLB-301,SITE-0008,INV-0016,IND,2025-02-24,BI,79,Female,Eligible,,Yes,2026-07-30T20:12:28.577992
SCR-001863,CRC-GLB-301,SITE-0019,INV-0037,USA,2025-09-23,YU,71,Female,Eligible,,Yes,2026-07-30T20:12:28.577992
SCR-001864,CRC-GLB-301,SITE-0002,INV-0004,IND,2025-11-20,EQ,72,Male,Eligible,,Yes,2026-07-30T20:12:28.577992
SCR-001865,CRC-GLB-301,SITE-0017,INV-0034,USA,2025-07-11,UW,65,Female,Screen Failure,Abnormal Laboratory Values,Yes,2026-07-30T20:12:28.577992
SCR-001866,CRC-GLB-301,SITE-0009,INV-0017,SGP,2025-07-09,KF,59,Male,Screen Failure,Withdrew Consent,Yes,2026-07-30T20:12:28.577992
SCR-001867,CRC-GLB-301,SITE-0041,INV-0082,DEU,2025-05-24,OP,60,Male,Eligible,,Yes,2026-07-30T20:12:28.577992
SCR-001868,CRC-GLB-301,SITE-0017,INV-0034,USA,2025-11-20,OX,48,Male,Eligible,,Yes,2026-07-30T20:12:28.577992
SCR-001869,CRC-GLB-301,SITE-0063,INV-0126,KEN,2025-01-10,IW,67,Male,Eligible,,Yes,2026-07-30T20:12:28.577992
SCR-001870,CRC-GLB-301,SITE-0042,INV-0083,DEU,2025-09-28,MP,52,Male,Eligible,,Yes,2026-07-30T20:12:28.577992
SCR-001871,CRC-GLB-301,SITE-0058,INV-0116,KEN,2025-05-22,SJ,25,Female,Screen Failure,Exclusion Criteria Met,Yes,2026-07-30T20:12:28.577992
SCR-001872,CRC-GLB-301,SITE-0032,INV-0063,CAN,2025-11-21,AJ,79,Male,Eligible,,Yes,2026-07-30T20:12:28.577992
SCR-001873,CRC-GLB-301,SITE-0035,INV-0070,GBR,2025-09-06,ZP,43,Male,Eligible,,Yes,2026-07-30T20:12:28.577992
SCR-001874,CRC-GLB-301,SITE-0016,INV-0032,SGP,2025-04-10,NN,49,Female,Screen Failure,Inclusion Criteria Not Met,Yes,2026-07-30T20:12:28.577992
SCR-001875,CRC-GLB-301,SITE-0055,INV-0109,ZAF,2025-06-02,GD,21,Male,Eligible,,Yes,2026-07-30T20:12:28.577992
SCR-001876,CRC-GLB-301,SITE-0054,INV-0107,ZAF,2025-07-08,MX,36,Female,Eligible,,Yes,2026-07-30T20:12:28.577992
SCR-001877,CRC-GLB-301,SITE-0049,INV-0097,ZAF,2025-11-01,LI,53,Female,Eligible,,Yes,2026-07-30T20:12:28.577992
SCR-001878,CRC-GLB-301,SITE-0036,INV-0071,GBR,2025-12-28,PH,34,Female,Eligible,,Yes,2026-07-30T20:12:28.577992
SCR-001879,CRC-GLB-301,SITE-0003,INV-0005,IND,2025-01-27,WO,65,Male,Eligible,,Yes,2026-07-30T20:12:28.577992
SCR-001880,CRC-GLB-301,SITE-0041,INV-0082,DEU,2025-10-09,AL,59,Female,Eligible,,Yes,2026-07-30T20:12:28.577992
SCR-001881,CRC-GLB-301,SITE-0023,INV-0046,USA,2025-11-10,VA,54,Female,Eligible,,Yes,2026-07-30T20:12:28.577992
SCR-001882,CRC-GLB-301,SITE-0006,INV-0011,IND,2025-09-12,BB,37,Male,Screen Failure,Exclusion Criteria Met,Yes,2026-07-30T20:12:28.577992
SCR-001883,CRC-GLB-301,SITE-0021,INV-0041,USA,2025-02-17,TZ,61,Male,Eligible,,Yes,2026-07-30T20:12:28.577992
SCR-001884,CRC-GLB-301,SITE-0053,INV-0106,ZAF,2025-02-05,MO,85,Female,Eligible,,Yes,2026-07-30T20:12:28.577992
SCR-001885,CRC-GLB-301,SITE-0051,INV-0101,ZAF,2025-10-08,VV,75,Male,Eligible,,Yes,2026-07-30T20:12:28.577992
SCR-001886,CRC-GLB-301,SITE-0015,INV-0030,SGP,2025-04-27,GQ,21,Male,Eligible,,Yes,2026-07-30T20:12:28.577992
SCR-001887,CRC-GLB-301,SITE-0029,INV-0058,CAN,2025-01-22,BT,37,Male,Eligible,,Yes,2026-07-30T20:12:28.577992
SCR-001888,CRC-GLB-301,SITE-0041,INV-0082,DEU,2025-07-18,TR,20,Female,Eligible,,Yes,2026-07-30T20:12:28.577992
SCR-001889,CRC-GLB-301,SITE-0064,INV-0127,KEN,2025-12-09,SK,26,Male,Eligible,,Yes,2026-07-30T20:12:28.577992
SCR-001890,CRC-GLB-301,SITE-0026,INV-0051,CAN,2025-04-28,PA,28,Female,Screen Failure,Exclusion Criteria Met,Yes,2026-07-30T20:12:28.577992
SCR-001891,CRC-GLB-301,SITE-0022,INV-0044,USA,2025-04-19,DA,54,Female,Eligible,,Yes,2026-07-30T20:12:28.577992
SCR-001892,CRC-GLB-301,SITE-0048,INV-0096,DEU,2025-03-23,VT,50,Female,Eligible,,Yes,2026-07-30T20:12:28.577992
SCR-001893,CRC-GLB-301,SITE-0026,INV-0052,CAN,2025-07-21,DH,21,Female,Screen Failure,Abnormal Laboratory Values,Yes,2026-07-30T20:12:28.577992
SCR-001894,CRC-GLB-301,SITE-0052,INV-0103,ZAF,2025-04-05,CK,31,Male,Eligible,,Yes,2026-07-30T20:12:28.577992
SCR-001895,CRC-GLB-301,SITE-0026,INV-0052,CAN,2025-12-20,RX,56,Female,Eligible,,Yes,2026-07-30T20:12:28.577992
SCR-001896,CRC-GLB-301,SITE-0060,INV-0119,KEN,2025-11-28,QO,50,Male,Eligible,,Yes,2026-07-30T20:12:28.577992
SCR-001897,CRC-GLB-301,SITE-0004,INV-0008,IND,2025-01-07,FE,60,Male,Eligible,,Yes,2026-07-30T20:12:28.577992
SCR-001898,CRC-GLB-301,SITE-0064,INV-0128,KEN,2025-06-17,LK,39,Female,Eligible,,Yes,2026-07-30T20:12:28.577992
SCR-001899,CRC-GLB-301,SITE-0062,INV-0124,KEN,2025-12-08,WG,31,Male,Eligible,,Yes,2026-07-30T20:12:28.577992
SCR-001900,CRC-GLB-301,SITE-0004,INV-0007,IND,2025-05-21,YH,66,Male,Screen Failure,Inclusion Criteria Not Met,Yes,2026-07-30T20:12:28.577992
SCR-001901,CRC-GLB-301,SITE-0013,INV-0025,SGP,2025-07-08,FE,72,Female,Eligible,,Yes,2026-07-30T20:12:28.577992
SCR-001902,CRC-GLB-301,SITE-0010,INV-0020,SGP,2025-08-02,QH,22,Male,Eligible,,Yes,2026-07-30T20:12:28.577992
SCR-001903,CRC-GLB-301,SITE-0039,INV-0077,GBR,2025-05-15,LY,44,Male,Eligible,,Yes,2026-07-30T20:12:28.577992
SCR-001904,CRC-GLB-301,SITE-0004,INV-0008,IND,2025-03-31,AC,48,Female,Eligible,,Yes,2026-07-30T20:12:28.577992
SCR-001905,CRC-GLB-301,SITE-0035,INV-0070,GBR,2025-01-12,SM,37,Male,Eligible,,Yes,2026-07-30T20:12:28.577992
SCR-001906,CRC-GLB-301,SITE-0009,INV-0018,SGP,2025-12-14,JA,73,Female,Eligible,,Yes,2026-07-30T20:12:28.577992
SCR-001907,CRC-GLB-301,SITE-0053,INV-0105,ZAF,2025-10-23,XR,53,Female,Screen Failure,Inclusion Criteria Not Met,Yes,2026-07-30T20:12:28.577992
SCR-001908,CRC-GLB-301,SITE-0062,INV-0123,KEN,2025-05-17,AH,42,Male,Eligible,,Yes,2026-07-30T20:12:28.577992
SCR-001909,CRC-GLB-301,SITE-0058,INV-0115,KEN,2025-11-29,BO,73,Female,Eligible,,Yes,2026-07-30T20:12:28.577992
SCR-001910,CRC-GLB-301,SITE-0030,INV-0059,CAN,2025-05-27,JP,76,Female,Eligible,,Yes,2026-07-30T20:12:28.577992
SCR-001911,CRC-GLB-301,SITE-0021,INV-0042,USA,2025-12-04,XS,36,Female,Eligible,,Yes,2026-07-30T20:12:28.577992
SCR-001912,CRC-GLB-301,SITE-0045,INV-0090,DEU,2025-10-25,KM,62,Female,Screen Failure,Exclusion Criteria Met,Yes,2026-07-30T20:12:28.577992
SCR-001913,CRC-GLB-301,SITE-0019,INV-0038,USA,2025-07-04,YC,50,Male,Screen Failure,Withdrew Consent,Yes,2026-07-30T20:12:28.577992
SCR-001914,CRC-GLB-301,SITE-0043,INV-0086,DEU,2025-11-27,MT,39,Male,Eligible,,Yes,2026-07-30T20:12:28.577992
SCR-001915,CRC-GLB-301,SITE-0044,INV-0087,DEU,2025-11-03,IQ,38,Male,Eligible,,Yes,2026-07-30T20:12:28.577992
SCR-001916,CRC-GLB-301,SITE-0027,INV-0054,CAN,2025-02-11,VW,82,Male,Eligible,,Yes,2026-07-30T20:12:28.577992
SCR-001917,CRC-GLB-301,SITE-0014,INV-0027,SGP,2025-10-09,RE,47,Female,Screen Failure,Abnormal Laboratory Values,Yes,2026-07-30T20:12:28.577992
SCR-001918,CRC-GLB-301,SITE-0063,INV-0125,KEN,2025-06-16,TU,68,Female,Eligible,,Yes,2026-07-30T20:12:28.577992
SCR-001919,CRC-GLB-301,SITE-0029,INV-0058,CAN,2025-07-28,RZ,46,Female,Eligible,,Yes,2026-07-30T20:12:28.577992
SCR-001920,CRC-GLB-301,SITE-0020,INV-0039,USA,2025-01-01,XZ,31,Female,Eligible,,Yes,2026-07-30T20:12:28.577992
SCR-001921,CRC-GLB-301,SITE-0019,INV-0037,USA,2025-12-22,YG,69,Female,Eligible,,Yes,2026-07-30T20:12:28.577992
SCR-001922,CRC-GLB-301,SITE-0027,INV-0053,CAN,2025-04-08,AA,33,Male,Eligible,,Yes,2026-07-30T20:12:28.577992
SCR-001923,CRC-GLB-301,SITE-0024,INV-0047,USA,2025-02-04,GY,72,Female,Eligible,,Yes,2026-07-30T20:12:28.577992
SCR-001924,CRC-GLB-301,SITE-0052,INV-0103,ZAF,2025-12-24,PI,65,Male,Eligible,,Yes,2026-07-30T20:12:28.577992
SCR-001925,CRC-GLB-301,SITE-0039,INV-0078,GBR,2025-11-22,PB,80,Male,Screen Failure,Withdrew Consent,Yes,2026-07-30T20:12:28.577992
SCR-001926,CRC-GLB-301,SITE-0064,INV-0128,KEN,2025-06-29,AS,67,Male,Eligible,,Yes,2026-07-30T20:12:28.577992
SCR-001927,CRC-GLB-301,SITE-0055,INV-0110,ZAF,2025-12-17,MA,22,Female,Eligible,,Yes,2026-07-30T20:12:28.577992
SCR-001928,CRC-GLB-301,SITE-0012,INV-0024,SGP,2025-05-10,OC,30,Female,Eligible,,Yes,2026-07-30T20:12:28.577992
SCR-001929,CRC-GLB-301,SITE-0049,INV-0098,ZAF,2025-05-04,PM,59,Female,Eligible,,Yes,2026-07-30T20:12:28.577992
SCR-001930,CRC-GLB-301,SITE-0058,INV-0115,KEN,2025-11-11,KA,34,Male,Eligible,,Yes,2026-07-30T20:12:28.577992
SCR-001931,CRC-GLB-301,SITE-0057,INV-0113,KEN,2025-09-15,EH,67,Male,Eligible,,Yes,2026-07-30T20:12:28.577992
SCR-001932,CRC-GLB-301,SITE-0033,INV-0065,GBR,2025-12-24,NE,75,Female,Eligible,,Yes,2026-07-30T20:12:28.577992
SCR-001933,CRC-GLB-301,SITE-0021,INV-0041,USA,2025-05-29,PL,37,Male,Eligible,,Yes,2026-07-30T20:12:28.577992
SCR-001934,CRC-GLB-301,SITE-0026,INV-0052,CAN,2025-09-06,GK,40,Female,Eligible,,Yes,2026-07-30T20:12:28.577992
SCR-001935,CRC-GLB-301,SITE-0006,INV-0012,IND,2025-04-04,FW,81,Male,Eligible,,Yes,2026-07-30T20:12:28.577992
SCR-001936,CRC-GLB-301,SITE-0057,INV-0113,KEN,2025-03-26,DT,21,Female,Screen Failure,Inclusion Criteria Not Met,Yes,2026-07-30T20:12:28.577992
SCR-001937,CRC-GLB-301,SITE-0064,INV-0128,KEN,2025-12-24,LS,65,Male,Eligible,,Yes,2026-07-30T20:12:28.577992
SCR-001938,CRC-GLB-301,SITE-0054,INV-0108,ZAF,2025-05-23,LS,26,Male,Screen Failure,Inclusion Criteria Not Met,Yes,2026-07-30T20:12:28.577992
SCR-001939,CRC-GLB-301,SITE-0012,INV-0024,SGP,2025-12-07,JK,49,Male,Eligible,,Yes,2026-07-30T20:12:28.577992
SCR-001940,CRC-GLB-301,SITE-0016,INV-0031,SGP,2025-03-24,CE,43,Female,Eligible,,Yes,2026-07-30T20:12:28.577992
SCR-001941,CRC-GLB-301,SITE-0048,INV-0096,DEU,2025-09-02,BU,41,Female,Eligible,,Yes,2026-07-30T20:12:28.577992
SCR-001942,CRC-GLB-301,SITE-0015,INV-0029,SGP,2025-04-29,FH,68,Male,Eligible,,Yes,2026-07-30T20:12:28.577992
SCR-001943,CRC-GLB-301,SITE-0048,INV-0095,DEU,2025-02-27,NG,85,Male,Screen Failure,Inclusion Criteria Not Met,Yes,2026-07-30T20:12:28.577992
SCR-001944,CRC-GLB-301,SITE-0039,INV-0077,GBR,2025-06-13,XW,45,Male,Eligible,,Yes,2026-07-30T20:12:28.577992
SCR-001945,CRC-GLB-301,SITE-0061,INV-0122,KEN,2025-04-20,CK,27,Male,Screen Failure,Withdrew Consent,Yes,2026-07-30T20:12:28.577992
SCR-001946,CRC-GLB-301,SITE-0017,INV-0033,USA,2025-02-04,MZ,27,Male,Eligible,,Yes,2026-07-30T20:12:28.577992
SCR-001947,CRC-GLB-301,SITE-0032,INV-0064,CAN,2025-11-17,JF,51,Female,Eligible,,Yes,2026-07-30T20:12:28.577992
SCR-001948,CRC-GLB-301,SITE-0008,INV-0016,IND,2025-01-22,WU,21,Male,Eligible,,Yes,2026-07-30T20:12:28.577992
SCR-001949,CRC-GLB-301,SITE-0048,INV-0096,DEU,2025-08-19,PW,34,Female,Eligible,,Yes,2026-07-30T20:12:28.577992
SCR-001950,CRC-GLB-301,SITE-0053,INV-0105,ZAF,2025-05-04,PH,27,Female,Eligible,,Yes,2026-07-30T20:12:28.577992
SCR-001951,CRC-GLB-301,SITE-0004,INV-0008,IND,2025-02-03,OS,36,Male,Eligible,,Yes,2026-07-30T20:12:28.577992
SCR-001952,CRC-GLB-301,SITE-0048,INV-0096,DEU,2025-07-21,HQ,61,Female,Eligible,,Yes,2026-07-30T20:12:28.577992
SCR-001953,CRC-GLB-301,SITE-0042,INV-0084,DEU,2025-08-29,NK,35,Female,Eligible,,Yes,2026-07-30T20:12:28.577992
SCR-001954,CRC-GLB-301,SITE-0044,INV-0087,DEU,2025-12-21,MI,84,Male,Eligible,,Yes,2026-07-30T20:12:28.577992
SCR-001955,CRC-GLB-301,SITE-0033,INV-0066,GBR,2025-05-28,PF,59,Male,Screen Failure,Abnormal Laboratory Values,Yes,2026-07-30T20:12:28.577992
SCR-001956,CRC-GLB-301,SITE-0025,INV-0050,CAN,2025-04-09,VN,70,Female,Screen Failure,Abnormal Laboratory Values,Yes,2026-07-30T20:12:28.577992
SCR-001957,CRC-GLB-301,SITE-0034,INV-0068,GBR,2025-12-09,RT,35,Female,Eligible,,Yes,2026-07-30T20:12:28.577992
SCR-001958,CRC-GLB-301,SITE-0025,INV-0050,CAN,2025-12-31,OI,77,Male,Eligible,,Yes,2026-07-30T20:12:28.577992
SCR-001959,CRC-GLB-301,SITE-0016,INV-0032,SGP,2025-11-23,GP,61,Male,Eligible,,Yes,2026-07-30T20:12:28.577992
SCR-001960,CRC-GLB-301,SITE-0064,INV-0128,KEN,2025-07-20,MH,76,Female,Screen Failure,Exclusion Criteria Met,Yes,2026-07-30T20:12:28.577992
SCR-001961,CRC-GLB-301,SITE-0019,INV-0038,USA,2025-11-07,BD,66,Female,Eligible,,Yes,2026-07-30T20:12:28.577992
SCR-001962,CRC-GLB-301,SITE-0001,INV-0001,IND,2025-04-07,VG,81,Female,Eligible,,Yes,2026-07-30T20:12:28.577992
SCR-001963,CRC-GLB-301,SITE-0036,INV-0072,GBR,2025-05-17,BL,80,Male,Screen Failure,Exclusion Criteria Met,Yes,2026-07-30T20:12:28.577992
SCR-001964,CRC-GLB-301,SITE-0061,INV-0122,KEN,2025-07-18,ID,33,Female,Eligible,,Yes,2026-07-30T20:12:28.577992
SCR-001965,CRC-GLB-301,SITE-0007,INV-0013,IND,2025-02-05,HO,52,Male,Eligible,,Yes,2026-07-30T20:12:28.577992
SCR-001966,CRC-GLB-301,SITE-0013,INV-0026,SGP,2025-04-15,BR,25,Male,Eligible,,Yes,2026-07-30T20:12:28.577992
SCR-001967,CRC-GLB-301,SITE-0015,INV-0030,SGP,2025-11-16,SH,48,Male,Eligible,,Yes,2026-07-30T20:12:28.577992
SCR-001968,CRC-GLB-301,SITE-0029,INV-0058,CAN,2025-10-10,JG,20,Female,Eligible,,Yes,2026-07-30T20:12:28.577992
SCR-001969,CRC-GLB-301,SITE-0029,INV-0057,CAN,2025-07-16,FQ,38,Male,Eligible,,Yes,2026-07-30T20:12:28.577992
SCR-001970,CRC-GLB-301,SITE-0035,INV-0070,GBR,2025-03-05,CV,46,Male,Eligible,,Yes,2026-07-30T20:12:28.577992
SCR-001971,CRC-GLB-301,SITE-0059,INV-0117,KEN,2025-03-30,XH,18,Male,Eligible,,Yes,2026-07-30T20:12:28.577992
SCR-001972,CRC-GLB-301,SITE-0040,INV-0080,GBR,2025-08-17,FC,28,Female,Screen Failure,Withdrew Consent,Yes,2026-07-30T20:12:28.577992
SCR-001973,CRC-GLB-301,SITE-0057,INV-0114,KEN,2025-03-18,TJ,66,Male,Eligible,,Yes,2026-07-30T20:12:28.577992
SCR-001974,CRC-GLB-301,SITE-0035,INV-0069,GBR,2025-12-11,MU,85,Female,Eligible,,Yes,2026-07-30T20:12:28.577992
SCR-001975,CRC-GLB-301,SITE-0042,INV-0083,DEU,2025-09-13,NK,74,Male,Eligible,,Yes,2026-07-30T20:12:28.577992
SCR-001976,CRC-GLB-301,SITE-0048,INV-0095,DEU,2025-11-04,VR,39,Female,Screen Failure,Inclusion Criteria Not Met,Yes,2026-07-30T20:12:28.577992
SCR-001977,CRC-GLB-301,SITE-0027,INV-0053,CAN,2025-06-10,JH,55,Male,Eligible,,Yes,2026-07-30T20:12:28.577992
SCR-001978,CRC-GLB-301,SITE-0049,INV-0098,ZAF,2025-01-13,RO,26,Female,Eligible,,Yes,2026-07-30T20:12:28.577992
SCR-001979,CRC-GLB-301,SITE-0003,INV-0006,IND,2025-07-04,JM,75,Female,Screen Failure,Abnormal Laboratory Values,Yes,2026-07-30T20:12:28.577992
SCR-001980,CRC-GLB-301,SITE-0012,INV-0024,SGP,2025-06-28,FJ,51,Female,Screen Failure,Abnormal Laboratory Values,Yes,2026-07-30T20:12:28.577992
SCR-001981,CRC-GLB-301,SITE-0021,INV-0041,USA,2025-04-23,WQ,85,Male,Eligible,,Yes,2026-07-30T20:12:28.577992
SCR-001982,CRC-GLB-301,SITE-0005,INV-0010,IND,2025-01-25,TC,38,Male,Screen Failure,Abnormal Laboratory Values,Yes,2026-07-30T20:12:28.577992
SCR-001983,CRC-GLB-301,SITE-0007,INV-0014,IND,2025-02-10,NG,37,Female,Eligible,,Yes,2026-07-30T20:12:28.577992
SCR-001984,CRC-GLB-301,SITE-0019,INV-0038,USA,2025-05-23,WE,70,Female,Eligible,,Yes,2026-07-30T20:12:28.577992
SCR-001985,CRC-GLB-301,SITE-0022,INV-0043,USA,2025-04-29,WQ,40,Female,Eligible,,Yes,2026-07-30T20:12:28.577992
SCR-001986,CRC-GLB-301,SITE-0061,INV-0122,KEN,2025-03-27,GV,43,Male,Eligible,,Yes,2026-07-30T20:12:28.577992
SCR-001987,CRC-GLB-301,SITE-0009,INV-0017,SGP,2025-05-18,VE,33,Female,Eligible,,Yes,2026-07-30T20:12:28.577992
SCR-001988,CRC-GLB-301,SITE-0048,INV-0095,DEU,2025-03-20,NE,19,Female,Eligible,,Yes,2026-07-30T20:12:28.577992
SCR-001989,CRC-GLB-301,SITE-0022,INV-0044,USA,2025-09-20,VN,25,Female,Eligible,,Yes,2026-07-30T20:12:28.577992
SCR-001990,CRC-GLB-301,SITE-0018,INV-0035,USA,2025-01-25,MW,48,Female,Eligible,,Yes,2026-07-30T20:12:28.577992
SCR-001991,CRC-GLB-301,SITE-0036,INV-0072,GBR,2025-05-06,LS,49,Male,Eligible,,Yes,2026-07-30T20:12:28.577992
SCR-001992,CRC-GLB-301,SITE-0006,INV-0011,IND,2025-07-13,DH,85,Female,Eligible,,Yes,2026-07-30T20:12:28.577992
SCR-001993,CRC-GLB-301,SITE-0051,INV-0102,ZAF,2025-09-26,MQ,84,Female,Eligible,,Yes,2026-07-30T20:12:28.577992
SCR-001994,CRC-GLB-301,SITE-0052,INV-0104,ZAF,2025-09-26,YE,81,Male,Eligible,,Yes,2026-07-30T20:12:28.577992
SCR-001995,CRC-GLB-301,SITE-0005,INV-0009,IND,2025-02-07,PJ,56,Male,Eligible,,Yes,2026-07-30T20:12:28.577992
SCR-001996,CRC-GLB-301,SITE-0053,INV-0106,ZAF,2025-07-12,HA,80,Male,Eligible,,Yes,2026-07-30T20:12:28.577992
SCR-001997,CRC-GLB-301,SITE-0003,INV-0005,IND,2025-11-23,TL,35,Female,Screen Failure,Withdrew Consent,Yes,2026-07-30T20:12:28.577992
SCR-001998,CRC-GLB-301,SITE-0051,INV-0101,ZAF,2025-03-14,AF,74,Female,Eligible,,Yes,2026-07-30T20:12:28.577992
SCR-001999,CRC-GLB-301,SITE-0063,INV-0126,KEN,2025-08-27,SJ,44,Female,Eligible,,Yes,2026-07-30T20:12:28.577992
SCR-002000,CRC-GLB-301,SITE-0017,INV-0034,USA,2025-01-27,GD,30,Female,Eligible,,Yes,2026-07-30T20:12:28.577992
SCR-002001,CRC-GLB-301,SITE-0048,INV-0095,DEU,2025-06-29,MK,73,Male,Eligible,,Yes,2026-07-30T20:12:28.577992
SCR-002002,CRC-GLB-301,SITE-0038,INV-0076,GBR,2025-09-20,OB,79,Male,Eligible,,Yes,2026-07-30T20:12:28.577992
SCR-002003,CRC-GLB-301,SITE-0046,INV-0092,DEU,2025-06-08,XE,30,Male,Screen Failure,Exclusion Criteria Met,Yes,2026-07-30T20:12:28.577992
SCR-002004,CRC-GLB-301,SITE-0035,INV-0069,GBR,2025-01-13,NQ,65,Male,Eligible,,Yes,2026-07-30T20:12:28.577992
SCR-002005,CRC-GLB-301,SITE-0058,INV-0116,KEN,2025-06-21,UL,59,Female,Eligible,,Yes,2026-07-30T20:12:28.577992
SCR-002006,CRC-GLB-301,SITE-0048,INV-0095,DEU,2025-09-22,PW,80,Female,Eligible,,Yes,2026-07-30T20:12:28.577992
SCR-002007,CRC-GLB-301,SITE-0005,INV-0009,IND,2025-03-20,YJ,74,Female,Eligible,,Yes,2026-07-30T20:12:28.577992
SCR-002008,CRC-GLB-301,SITE-0019,INV-0037,USA,2025-04-11,CJ,68,Male,Eligible,,Yes,2026-07-30T20:12:28.577992
SCR-002009,CRC-GLB-301,SITE-0006,INV-0011,IND,2025-06-05,AD,71,Male,Eligible,,Yes,2026-07-30T20:12:28.577992
SCR-002010,CRC-GLB-301,SITE-0054,INV-0107,ZAF,2025-08-07,OG,44,Male,Eligible,,Yes,2026-07-30T20:12:28.577992
SCR-002011,CRC-GLB-301,SITE-0009,INV-0017,SGP,2025-01-20,GM,26,Male,Eligible,,Yes,2026-07-30T20:12:28.577992
SCR-002012,CRC-GLB-301,SITE-0060,INV-0119,KEN,2025-12-11,MC,76,Female,Eligible,,Yes,2026-07-30T20:12:28.577992
SCR-002013,CRC-GLB-301,SITE-0048,INV-0096,DEU,2025-10-23,OX,60,Female,Screen Failure,Abnormal Laboratory Values,Yes,2026-07-30T20:12:28.577992
SCR-002014,CRC-GLB-301,SITE-0020,INV-0040,USA,2025-11-01,UG,20,Female,Eligible,,Yes,2026-07-30T20:12:28.577992
SCR-002015,CRC-GLB-301,SITE-0062,INV-0124,KEN,2025-06-18,YH,69,Male,Eligible,,Yes,2026-07-30T20:12:28.577992
SCR-002016,CRC-GLB-301,SITE-0039,INV-0078,GBR,2025-02-24,VO,46,Male,Eligible,,Yes,2026-07-30T20:12:28.577992
SCR-002017,CRC-GLB-301,SITE-0060,INV-0119,KEN,2025-02-20,SN,70,Female,Eligible,,Yes,2026-07-30T20:12:28.577992
SCR-002018,CRC-GLB-301,SITE-0054,INV-0108,ZAF,2025-02-11,GQ,26,Female,Screen Failure,Abnormal Laboratory Values,Yes,2026-07-30T20:12:28.577992
SCR-002019,CRC-GLB-301,SITE-0008,INV-0016,IND,2025-07-27,VE,78,Male,Eligible,,Yes,2026-07-30T20:12:28.577992
SCR-002020,CRC-GLB-301,SITE-0043,INV-0086,DEU,2025-03-02,IM,80,Female,Eligible,,Yes,2026-07-30T20:12:28.577992
SCR-002021,CRC-GLB-301,SITE-0028,INV-0056,CAN,2025-05-01,HP,39,Female,Screen Failure,Withdrew Consent,Yes,2026-07-30T20:12:28.577992
SCR-002022,CRC-GLB-301,SITE-0021,INV-0042,USA,2025-10-31,JC,28,Male,Eligible,,Yes,2026-07-30T20:12:28.577992
SCR-002023,CRC-GLB-301,SITE-0002,INV-0003,IND,2025-09-10,XY,37,Male,Screen Failure,Withdrew Consent,Yes,2026-07-30T20:12:28.577992
SCR-002024,CRC-GLB-301,SITE-0001,INV-0002,IND,2025-04-01,AH,64,Female,Eligible,,Yes,2026-07-30T20:12:28.577992
SCR-002025,CRC-GLB-301,SITE-0012,INV-0023,SGP,2025-03-26,XI,22,Male,Eligible,,Yes,2026-07-30T20:12:28.577992
SCR-002026,CRC-GLB-301,SITE-0006,INV-0011,IND,2025-04-09,UX,80,Male,Eligible,,Yes,2026-07-30T20:12:28.577992
SCR-002027,CRC-GLB-301,SITE-0035,INV-0070,GBR,2025-11-12,VB,54,Male,Eligible,,Yes,2026-07-30T20:12:28.577992
SCR-002028,CRC-GLB-301,SITE-0009,INV-0018,SGP,2025-03-22,QS,30,Female,Screen Failure,Abnormal Laboratory Values,Yes,2026-07-30T20:12:28.577992
SCR-002029,CRC-GLB-301,SITE-0029,INV-0058,CAN,2025-01-17,KI,38,Female,Eligible,,Yes,2026-07-30T20:12:28.577992
SCR-002030,CRC-GLB-301,SITE-0058,INV-0116,KEN,2025-09-18,HQ,69,Female,Eligible,,Yes,2026-07-30T20:12:28.577992
SCR-002031,CRC-GLB-301,SITE-0031,INV-0062,CAN,2025-12-08,IG,37,Male,Eligible,,Yes,2026-07-30T20:12:28.577992
SCR-002032,CRC-GLB-301,SITE-0005,INV-0009,IND,2025-01-31,PD,31,Female,Eligible,,Yes,2026-07-30T20:12:28.577992
SCR-002033,CRC-GLB-301,SITE-0017,INV-0033,USA,2025-02-07,HI,58,Male,Eligible,,Yes,2026-07-30T20:12:28.577992
SCR-002034,CRC-GLB-301,SITE-0062,INV-0124,KEN,2025-03-04,YR,56,Male,Screen Failure,Withdrew Consent,Yes,2026-07-30T20:12:28.577992
SCR-002035,CRC-GLB-301,SITE-0061,INV-0121,KEN,2025-07-06,EE,26,Male,Eligible,,Yes,2026-07-30T20:12:28.577992
SCR-002036,CRC-GLB-301,SITE-0005,INV-0010,IND,2025-07-19,EM,68,Female,Eligible,,Yes,2026-07-30T20:12:28.577992
SCR-002037,CRC-GLB-301,SITE-0058,INV-0115,KEN,2025-06-17,TS,58,Male,Eligible,,Yes,2026-07-30T20:12:28.577992
SCR-002038,CRC-GLB-301,SITE-0001,INV-0001,IND,2025-05-09,KM,60,Male,Eligible,,Yes,2026-07-30T20:12:28.577992
SCR-002039,CRC-GLB-301,SITE-0006,INV-0011,IND,2025-05-03,NM,53,Male,Eligible,,Yes,2026-07-30T20:12:28.577992
SCR-002040,CRC-GLB-301,SITE-0024,INV-0048,USA,2025-01-20,UQ,61,Female,Eligible,,Yes,2026-07-30T20:12:28.577992
SCR-002041,CRC-GLB-301,SITE-0044,INV-0087,DEU,2025-09-05,UZ,43,Male,Screen Failure,Inclusion Criteria Not Met,Yes,2026-07-30T20:12:28.577992
SCR-002042,CRC-GLB-301,SITE-0019,INV-0038,USA,2025-12-15,RT,82,Female,Eligible,,Yes,2026-07-30T20:12:28.577992
SCR-002043,CRC-GLB-301,SITE-0051,INV-0101,ZAF,2025-08-11,UT,23,Female,Eligible,,Yes,2026-07-30T20:12:28.577992
SCR-002044,CRC-GLB-301,SITE-0038,INV-0076,GBR,2025-01-23,HA,26,Female,Eligible,,Yes,2026-07-30T20:12:28.577992
SCR-002045,CRC-GLB-301,SITE-0054,INV-0108,ZAF,2025-06-11,VF,51,Female,Screen Failure,Exclusion Criteria Met,Yes,2026-07-30T20:12:28.577992
SCR-002046,CRC-GLB-301,SITE-0005,INV-0009,IND,2025-12-09,XG,51,Male,Eligible,,Yes,2026-07-30T20:12:28.577992
SCR-002047,CRC-GLB-301,SITE-0030,INV-0059,CAN,2025-04-24,YL,68,Male,Eligible,,Yes,2026-07-30T20:12:28.577992
SCR-002048,CRC-GLB-301,SITE-0056,INV-0111,ZAF,2025-02-08,UH,71,Male,Eligible,,Yes,2026-07-30T20:12:28.577992
SCR-002049,CRC-GLB-301,SITE-0040,INV-0079,GBR,2025-09-12,ZF,54,Male,Eligible,,Yes,2026-07-30T20:12:28.577992
SCR-002050,CRC-GLB-301,SITE-0031,INV-0062,CAN,2025-10-15,SE,43,Male,Eligible,,Yes,2026-07-30T20:12:28.577992
SCR-002051,CRC-GLB-301,SITE-0055,INV-0109,ZAF,2025-06-18,QY,20,Male,Eligible,,Yes,2026-07-30T20:12:28.577992
SCR-002052,CRC-GLB-301,SITE-0017,INV-0034,USA,2025-03-28,RR,71,Male,Eligible,,Yes,2026-07-30T20:12:28.577992
SCR-002053,CRC-GLB-301,SITE-0055,INV-0109,ZAF,2025-03-25,JT,54,Female,Eligible,,Yes,2026-07-30T20:12:28.577992
SCR-002054,CRC-GLB-301,SITE-0009,INV-0017,SGP,2025-03-04,WA,48,Male,Screen Failure,Exclusion Criteria Met,Yes,2026-07-30T20:12:28.577992
SCR-002055,CRC-GLB-301,SITE-0035,INV-0069,GBR,2025-08-20,IN,77,Male,Screen Failure,Inclusion Criteria Not Met,Yes,2026-07-30T20:12:28.577992
SCR-002056,CRC-GLB-301,SITE-0062,INV-0124,KEN,2025-02-12,JC,40,Female,Eligible,,Yes,2026-07-30T20:12:28.577992
SCR-002057,CRC-GLB-301,SITE-0025,INV-0050,CAN,2025-01-10,XQ,29,Male,Eligible,,Yes,2026-07-30T20:12:28.577992
SCR-002058,CRC-GLB-301,SITE-0021,INV-0041,USA,2025-06-25,EV,42,Female,Eligible,,Yes,2026-07-30T20:12:28.577992
SCR-002059,CRC-GLB-301,SITE-0045,INV-0089,DEU,2025-06-24,WU,73,Male,Eligible,,Yes,2026-07-30T20:12:28.577992
SCR-002060,CRC-GLB-301,SITE-0052,INV-0103,ZAF,2025-03-27,EQ,26,Male,Eligible,,Yes,2026-07-30T20:12:28.577992
SCR-002061,CRC-GLB-301,SITE-0064,INV-0128,KEN,2025-07-18,IJ,23,Male,Eligible,,Yes,2026-07-30T20:12:28.577992
SCR-002062,CRC-GLB-301,SITE-0058,INV-0115,KEN,2025-01-02,OA,65,Female,Eligible,,Yes,2026-07-30T20:12:28.577992
SCR-002063,CRC-GLB-301,SITE-0054,INV-0107,ZAF,2025-08-26,CV,84,Male,Screen Failure,Abnormal Laboratory Values,Yes,2026-07-30T20:12:28.577992
SCR-002064,CRC-GLB-301,SITE-0018,INV-0036,USA,2025-09-11,OO,61,Male,Eligible,,Yes,2026-07-30T20:12:28.577992
SCR-002065,CRC-GLB-301,SITE-0005,INV-0010,IND,2025-05-06,IV,55,Male,Eligible,,Yes,2026-07-30T20:12:28.577992
SCR-002066,CRC-GLB-301,SITE-0014,INV-0027,SGP,2025-12-07,ZD,51,Female,Screen Failure,Abnormal Laboratory Values,Yes,2026-07-30T20:12:28.577992
SCR-002067,CRC-GLB-301,SITE-0020,INV-0040,USA,2025-06-24,WZ,85,Female,Eligible,,Yes,2026-07-30T20:12:28.577992
SCR-002068,CRC-GLB-301,SITE-0010,INV-0020,SGP,2025-06-07,TK,21,Female,Eligible,,Yes,2026-07-30T20:12:28.577992
SCR-002069,CRC-GLB-301,SITE-0042,INV-0083,DEU,2025-12-31,CD,85,Male,Eligible,,Yes,2026-07-30T20:12:28.577992
SCR-002070,CRC-GLB-301,SITE-0047,INV-0093,DEU,2025-02-18,ZT,58,Male,Eligible,,Yes,2026-07-30T20:12:28.577992
SCR-002071,CRC-GLB-301,SITE-0024,INV-0047,USA,2025-10-26,UG,53,Female,Eligible,,Yes,2026-07-30T20:12:28.577992
SCR-002072,CRC-GLB-301,SITE-0011,INV-0022,SGP,2025-10-10,RC,69,Male,Eligible,,Yes,2026-07-30T20:12:28.577992
SCR-002073,CRC-GLB-301,SITE-0040,INV-0080,GBR,2025-02-17,RG,24,Male,Eligible,,Yes,2026-07-30T20:12:28.577992
SCR-002074,CRC-GLB-301,SITE-0009,INV-0017,SGP,2025-02-24,XB,64,Female,Screen Failure,Inclusion Criteria Not Met,Yes,2026-07-30T20:12:28.577992
SCR-002075,CRC-GLB-301,SITE-0014,INV-0028,SGP,2025-10-30,YX,49,Male,Screen Failure,Exclusion Criteria Met,Yes,2026-07-30T20:12:28.577992
SCR-002076,CRC-GLB-301,SITE-0043,INV-0085,DEU,2025-11-29,XS,31,Male,Screen Failure,Exclusion Criteria Met,Yes,2026-07-30T20:12:28.577992
SCR-002077,CRC-GLB-301,SITE-0061,INV-0121,KEN,2025-12-29,DT,83,Male,Eligible,,Yes,2026-07-30T20:12:28.577992
SCR-002078,CRC-GLB-301,SITE-0053,INV-0105,ZAF,2025-12-15,NH,42,Female,Eligible,,Yes,2026-07-30T20:12:28.577992
SCR-002079,CRC-GLB-301,SITE-0031,INV-0061,CAN,2025-04-19,PK,85,Female,Screen Failure,Withdrew Consent,Yes,2026-07-30T20:12:28.577992
SCR-002080,CRC-GLB-301,SITE-0045,INV-0089,DEU,2025-07-27,ZK,54,Female,Eligible,,Yes,2026-07-30T20:12:28.577992
SCR-002081,CRC-GLB-301,SITE-0032,INV-0063,CAN,2025-12-28,KQ,81,Male,Eligible,,Yes,2026-07-30T20:12:28.577992
SCR-002082,CRC-GLB-301,SITE-0015,INV-0030,SGP,2025-10-30,EG,34,Male,Eligible,,Yes,2026-07-30T20:12:28.577992
SCR-002083,CRC-GLB-301,SITE-0016,INV-0031,SGP,2025-03-09,SG,49,Male,Eligible,,Yes,2026-07-30T20:12:28.577992
SCR-002084,CRC-GLB-301,SITE-0010,INV-0020,SGP,2025-04-22,HC,18,Male,Screen Failure,Exclusion Criteria Met,Yes,2026-07-30T20:12:28.577992
SCR-002085,CRC-GLB-301,SITE-0015,INV-0029,SGP,2025-07-31,CF,36,Male,Eligible,,Yes,2026-07-30T20:12:28.577992
SCR-002086,CRC-GLB-301,SITE-0016,INV-0032,SGP,2025-06-16,ZJ,84,Female,Eligible,,Yes,2026-07-30T20:12:28.577992
SCR-002087,CRC-GLB-301,SITE-0057,INV-0113,KEN,2025-11-22,DK,42,Male,Eligible,,Yes,2026-07-30T20:12:28.577992
SCR-002088,CRC-GLB-301,SITE-0063,INV-0126,KEN,2025-05-21,LG,73,Female,Eligible,,Yes,2026-07-30T20:12:28.577992
SCR-002089,CRC-GLB-301,SITE-0021,INV-0041,USA,2025-08-23,NF,32,Female,Screen Failure,Inclusion Criteria Not Met,Yes,2026-07-30T20:12:28.577992
SCR-002090,CRC-GLB-301,SITE-0019,INV-0038,USA,2025-05-24,ET,78,Male,Eligible,,Yes,2026-07-30T20:12:28.577992
SCR-002091,CRC-GLB-301,SITE-0059,INV-0118,KEN,2025-06-05,QL,53,Female,Eligible,,Yes,2026-07-30T20:12:28.577992
SCR-002092,CRC-GLB-301,SITE-0050,INV-0100,ZAF,2025-09-03,FX,20,Male,Screen Failure,Exclusion Criteria Met,Yes,2026-07-30T20:12:28.577992
SCR-002093,CRC-GLB-301,SITE-0063,INV-0126,KEN,2025-04-23,ZO,36,Male,Eligible,,Yes,2026-07-30T20:12:28.577992
SCR-002094,CRC-GLB-301,SITE-0035,INV-0070,GBR,2025-09-25,GC,84,Female,Eligible,,Yes,2026-07-30T20:12:28.577992
SCR-002095,CRC-GLB-301,SITE-0052,INV-0103,ZAF,2025-02-02,OX,48,Female,Eligible,,Yes,2026-07-30T20:12:28.577992
SCR-002096,CRC-GLB-301,SITE-0033,INV-0065,GBR,2025-11-18,MN,37,Male,Screen Failure,Exclusion Criteria Met,Yes,2026-07-30T20:12:28.577992
SCR-002097,CRC-GLB-301,SITE-0042,INV-0084,DEU,2025-10-18,IM,41,Male,Eligible,,Yes,2026-07-30T20:12:28.577992
SCR-002098,CRC-GLB-301,SITE-0040,INV-0080,GBR,2025-05-09,SH,43,Female,Eligible,,Yes,2026-07-30T20:12:28.577992
SCR-002099,CRC-GLB-301,SITE-0046,INV-0091,DEU,2025-08-30,QX,59,Male,Screen Failure,Withdrew Consent,Yes,2026-07-30T20:12:28.577992
SCR-002100,CRC-GLB-301,SITE-0044,INV-0088,DEU,2025-08-30,TN,81,Male,Eligible,,Yes,2026-07-30T20:12:28.577992
SCR-002101,CRC-GLB-301,SITE-0056,INV-0111,ZAF,2025-02-22,OD,70,Male,Screen Failure,Inclusion Criteria Not Met,Yes,2026-07-30T20:12:28.577992
SCR-002102,CRC-GLB-301,SITE-0027,INV-0054,CAN,2025-07-31,NT,31,Female,Eligible,,Yes,2026-07-30T20:12:28.577992
SCR-002103,CRC-GLB-301,SITE-0018,INV-0035,USA,2025-04-20,FC,50,Male,Eligible,,Yes,2026-07-30T20:12:28.577992
SCR-002104,CRC-GLB-301,SITE-0053,INV-0105,ZAF,2025-05-24,QX,44,Male,Eligible,,Yes,2026-07-30T20:12:28.577992
SCR-002105,CRC-GLB-301,SITE-0044,INV-0087,DEU,2025-02-17,UU,48,Male,Screen Failure,Inclusion Criteria Not Met,Yes,2026-07-30T20:12:28.577992
SCR-002106,CRC-GLB-301,SITE-0061,INV-0122,KEN,2025-10-05,ET,18,Female,Eligible,,Yes,2026-07-30T20:12:28.577992
SCR-002107,CRC-GLB-301,SITE-0028,INV-0056,CAN,2025-02-21,CP,53,Male,Screen Failure,Abnormal Laboratory Values,Yes,2026-07-30T20:12:28.577992
SCR-002108,CRC-GLB-301,SITE-0055,INV-0110,ZAF,2025-08-20,OE,30,Male,Screen Failure,Abnormal Laboratory Values,Yes,2026-07-30T20:12:28.577992
SCR-002109,CRC-GLB-301,SITE-0036,INV-0071,GBR,2025-03-30,VG,23,Male,Eligible,,Yes,2026-07-30T20:12:28.577992
SCR-002110,CRC-GLB-301,SITE-0026,INV-0051,CAN,2025-03-09,HB,75,Male,Screen Failure,Exclusion Criteria Met,Yes,2026-07-30T20:12:28.577992
SCR-002111,CRC-GLB-301,SITE-0018,INV-0035,USA,2025-03-02,SS,64,Female,Eligible,,Yes,2026-07-30T20:12:28.577992
SCR-002112,CRC-GLB-301,SITE-0056,INV-0111,ZAF,2025-12-19,BX,78,Female,Eligible,,Yes,2026-07-30T20:12:28.577992
SCR-002113,CRC-GLB-301,SITE-0001,INV-0001,IND,2025-07-11,AE,71,Male,Eligible,,Yes,2026-07-30T20:12:28.577992
SCR-002114,CRC-GLB-301,SITE-0011,INV-0021,SGP,2025-02-07,DC,47,Male,Screen Failure,Exclusion Criteria Met,Yes,2026-07-30T20:12:28.577992
SCR-002115,CRC-GLB-301,SITE-0035,INV-0070,GBR,2025-08-20,EZ,45,Female,Eligible,,Yes,2026-07-30T20:12:28.577992
SCR-002116,CRC-GLB-301,SITE-0055,INV-0109,ZAF,2025-11-09,VL,58,Female,Eligible,,Yes,2026-07-30T20:12:28.577992
SCR-002117,CRC-GLB-301,SITE-0028,INV-0055,CAN,2025-04-11,KJ,77,Male,Eligible,,Yes,2026-07-30T20:12:28.577992
SCR-002118,CRC-GLB-301,SITE-0015,INV-0029,SGP,2025-01-28,FS,32,Female,Eligible,,Yes,2026-07-30T20:12:28.577992
SCR-002119,CRC-GLB-301,SITE-0051,INV-0101,ZAF,2025-01-28,NO,47,Male,Eligible,,Yes,2026-07-30T20:12:28.577992
SCR-002120,CRC-GLB-301,SITE-0031,INV-0061,CAN,2025-05-04,OC,85,Male,Screen Failure,Inclusion Criteria Not Met,Yes,2026-07-30T20:12:28.577992
SCR-002121,CRC-GLB-301,SITE-0034,INV-0068,GBR,2025-10-09,DE,72,Female,Screen Failure,Abnormal Laboratory Values,Yes,2026-07-30T20:12:28.577992
SCR-002122,CRC-GLB-301,SITE-0027,INV-0053,CAN,2025-04-23,SC,36,Female,Eligible,,Yes,2026-07-30T20:12:28.577992
SCR-002123,CRC-GLB-301,SITE-0010,INV-0020,SGP,2025-06-14,LR,61,Male,Screen Failure,Inclusion Criteria Not Met,Yes,2026-07-30T20:12:28.577992
SCR-002124,CRC-GLB-301,SITE-0005,INV-0009,IND,2025-01-14,UR,21,Male,Eligible,,Yes,2026-07-30T20:12:28.577992
SCR-002125,CRC-GLB-301,SITE-0042,INV-0083,DEU,2025-02-12,RM,30,Female,Screen Failure,Inclusion Criteria Not Met,Yes,2026-07-30T20:12:28.577992
SCR-002126,CRC-GLB-301,SITE-0048,INV-0095,DEU,2025-11-19,TP,37,Female,Eligible,,Yes,2026-07-30T20:12:28.577992
SCR-002127,CRC-GLB-301,SITE-0041,INV-0082,DEU,2025-12-11,CX,55,Female,Eligible,,Yes,2026-07-30T20:12:28.577992
SCR-002128,CRC-GLB-301,SITE-0034,INV-0067,GBR,2025-02-13,OD,79,Female,Eligible,,Yes,2026-07-30T20:12:28.577992
SCR-002129,CRC-GLB-301,SITE-0063,INV-0125,KEN,2025-03-31,VH,23,Female,Screen Failure,Exclusion Criteria Met,Yes,2026-07-30T20:12:28.577992
SCR-002130,CRC-GLB-301,SITE-0049,INV-0098,ZAF,2025-01-21,NM,23,Male,Eligible,,Yes,2026-07-30T20:12:28.577992
SCR-002131,CRC-GLB-301,SITE-0001,INV-0002,IND,2025-05-06,JQ,29,Female,Eligible,,Yes,2026-07-30T20:12:28.577992
SCR-002132,CRC-GLB-301,SITE-0036,INV-0071,GBR,2025-07-27,JD,70,Male,Eligible,,Yes,2026-07-30T20:12:28.577992
SCR-002133,CRC-GLB-301,SITE-0035,INV-0069,GBR,2025-06-14,JB,57,Male,Eligible,,Yes,2026-07-30T20:12:28.577992
SCR-002134,CRC-GLB-301,SITE-0049,INV-0097,ZAF,2025-10-10,SQ,24,Female,Eligible,,Yes,2026-07-30T20:12:28.577992
SCR-002135,CRC-GLB-301,SITE-0027,INV-0053,CAN,2025-07-30,PP,76,Female,Eligible,,Yes,2026-07-30T20:12:28.577992
SCR-002136,CRC-GLB-301,SITE-0003,INV-0005,IND,2025-02-03,BU,33,Female,Screen Failure,Exclusion Criteria Met,Yes,2026-07-30T20:12:28.577992
SCR-002137,CRC-GLB-301,SITE-0033,INV-0065,GBR,2025-10-12,XT,51,Female,Eligible,,Yes,2026-07-30T20:12:28.577992
SCR-002138,CRC-GLB-301,SITE-0023,INV-0046,USA,2025-09-13,WG,42,Female,Eligible,,Yes,2026-07-30T20:12:28.577992
SCR-002139,CRC-GLB-301,SITE-0025,INV-0049,CAN,2025-07-24,GE,26,Male,Eligible,,Yes,2026-07-30T20:12:28.577992
SCR-002140,CRC-GLB-301,SITE-0052,INV-0104,ZAF,2025-09-25,OR,57,Female,Screen Failure,Exclusion Criteria Met,Yes,2026-07-30T20:12:28.577992
SCR-002141,CRC-GLB-301,SITE-0039,INV-0077,GBR,2025-05-05,WT,34,Female,Screen Failure,Inclusion Criteria Not Met,Yes,2026-07-30T20:12:28.577992
SCR-002142,CRC-GLB-301,SITE-0056,INV-0111,ZAF,2025-02-23,IU,28,Female,Eligible,,Yes,2026-07-30T20:12:28.577992
SCR-002143,CRC-GLB-301,SITE-0006,INV-0012,IND,2025-05-30,YQ,38,Female,Eligible,,Yes,2026-07-30T20:12:28.577992
SCR-002144,CRC-GLB-301,SITE-0048,INV-0096,DEU,2025-01-22,EU,65,Female,Eligible,,Yes,2026-07-30T20:12:28.577992
SCR-002145,CRC-GLB-301,SITE-0024,INV-0048,USA,2025-04-09,YX,20,Male,Eligible,,Yes,2026-07-30T20:12:28.577992
SCR-002146,CRC-GLB-301,SITE-0061,INV-0122,KEN,2025-07-30,UW,83,Male,Screen Failure,Abnormal Laboratory Values,Yes,2026-07-30T20:12:28.577992
SCR-002147,CRC-GLB-301,SITE-0029,INV-0057,CAN,2025-07-08,GS,84,Male,Eligible,,Yes,2026-07-30T20:12:28.577992
SCR-002148,CRC-GLB-301,SITE-0036,INV-0072,GBR,2025-03-10,MV,25,Female,Eligible,,Yes,2026-07-30T20:12:28.577992
SCR-002149,CRC-GLB-301,SITE-0005,INV-0010,IND,2025-12-18,QZ,55,Male,Eligible,,Yes,2026-07-30T20:12:28.577992
SCR-002150,CRC-GLB-301,SITE-0027,INV-0053,CAN,2025-07-01,FN,58,Male,Screen Failure,Exclusion Criteria Met,Yes,2026-07-30T20:12:28.577992
SCR-002151,CRC-GLB-301,SITE-0051,INV-0101,ZAF,2025-03-14,UC,76,Female,Eligible,,Yes,2026-07-30T20:12:28.577992
SCR-002152,CRC-GLB-301,SITE-0016,INV-0031,SGP,2025-11-07,ZG,29,Male,Eligible,,Yes,2026-07-30T20:12:28.577992
SCR-002153,CRC-GLB-301,SITE-0064,INV-0127,KEN,2025-03-10,KI,46,Male,Eligible,,Yes,2026-07-30T20:12:28.577992
SCR-002154,CRC-GLB-301,SITE-0053,INV-0105,ZAF,2025-02-12,XP,82,Female,Screen Failure,Inclusion Criteria Not Met,Yes,2026-07-30T20:12:28.577992
SCR-002155,CRC-GLB-301,SITE-0042,INV-0084,DEU,2025-02-18,MN,70,Male,Eligible,,Yes,2026-07-30T20:12:28.577992
SCR-002156,CRC-GLB-301,SITE-0002,INV-0003,IND,2025-04-17,VZ,21,Male,Eligible,,Yes,2026-07-30T20:12:28.577992
SCR-002157,CRC-GLB-301,SITE-0043,INV-0086,DEU,2025-02-27,OV,85,Male,Eligible,,Yes,2026-07-30T20:12:28.577992
SCR-002158,CRC-GLB-301,SITE-0032,INV-0064,CAN,2025-06-20,MS,51,Female,Eligible,,Yes,2026-07-30T20:12:28.577992
SCR-002159,CRC-GLB-301,SITE-0016,INV-0032,SGP,2025-01-02,WR,68,Female,Eligible,,Yes,2026-07-30T20:12:28.577992
SCR-002160,CRC-GLB-301,SITE-0045,INV-0089,DEU,2025-01-30,BP,33,Female,Eligible,,Yes,2026-07-30T20:12:28.577992
SCR-002161,CRC-GLB-301,SITE-0014,INV-0028,SGP,2025-04-26,GN,61,Male,Eligible,,Yes,2026-07-30T20:12:28.577992
SCR-002162,CRC-GLB-301,SITE-0018,INV-0036,USA,2025-04-10,ES,45,Male,Eligible,,Yes,2026-07-30T20:12:28.577992
SCR-002163,CRC-GLB-301,SITE-0010,INV-0019,SGP,2025-08-20,HI,27,Male,Eligible,,Yes,2026-07-30T20:12:28.577992
SCR-002164,CRC-GLB-301,SITE-0033,INV-0065,GBR,2025-03-08,NK,23,Female,Screen Failure,Abnormal Laboratory Values,Yes,2026-07-30T20:12:28.577992
SCR-002165,CRC-GLB-301,SITE-0003,INV-0006,IND,2025-05-02,MK,73,Male,Eligible,,Yes,2026-07-30T20:12:28.577992
SCR-002166,CRC-GLB-301,SITE-0013,INV-0025,SGP,2025-08-07,UA,23,Male,Screen Failure,Exclusion Criteria Met,Yes,2026-07-30T20:12:28.577992
SCR-002167,CRC-GLB-301,SITE-0008,INV-0015,IND,2025-07-04,KW,29,Male,Eligible,,Yes,2026-07-30T20:12:28.577992
SCR-002168,CRC-GLB-301,SITE-0050,INV-0099,ZAF,2025-12-17,LI,45,Male,Eligible,,Yes,2026-07-30T20:12:28.577992
SCR-002169,CRC-GLB-301,SITE-0023,INV-0045,USA,2025-05-11,XJ,73,Male,Eligible,,Yes,2026-07-30T20:12:28.577992
SCR-002170,CRC-GLB-301,SITE-0056,INV-0111,ZAF,2025-09-06,QM,36,Male,Eligible,,Yes,2026-07-30T20:12:28.577992
SCR-002171,CRC-GLB-301,SITE-0034,INV-0068,GBR,2025-01-21,DH,18,Female,Eligible,,Yes,2026-07-30T20:12:28.577992
SCR-002172,CRC-GLB-301,SITE-0025,INV-0050,CAN,2025-06-02,GW,85,Male,Eligible,,Yes,2026-07-30T20:12:28.577992
SCR-002173,CRC-GLB-301,SITE-0053,INV-0105,ZAF,2025-04-19,GJ,33,Male,Eligible,,Yes,2026-07-30T20:12:28.577992
SCR-002174,CRC-GLB-301,SITE-0014,INV-0028,SGP,2025-12-20,SP,24,Female,Screen Failure,Withdrew Consent,Yes,2026-07-30T20:12:28.577992
SCR-002175,CRC-GLB-301,SITE-0009,INV-0018,SGP,2025-05-27,OY,75,Female,Eligible,,Yes,2026-07-30T20:12:28.577992
SCR-002176,CRC-GLB-301,SITE-0022,INV-0044,USA,2025-11-16,OJ,55,Female,Screen Failure,Withdrew Consent,Yes,2026-07-30T20:12:28.577992
SCR-002177,CRC-GLB-301,SITE-0012,INV-0024,SGP,2025-03-16,NJ,67,Male,Eligible,,Yes,2026-07-30T20:12:28.577992
SCR-002178,CRC-GLB-301,SITE-0019,INV-0038,USA,2025-10-17,CA,82,Female,Eligible,,Yes,2026-07-30T20:12:28.577992
SCR-002179,CRC-GLB-301,SITE-0025,INV-0049,CAN,2025-04-08,CV,46,Female,Eligible,,Yes,2026-07-30T20:12:28.577992
SCR-002180,CRC-GLB-301,SITE-0019,INV-0038,USA,2025-07-26,OY,25,Female,Eligible,,Yes,2026-07-30T20:12:28.577992
SCR-002181,CRC-GLB-301,SITE-0003,INV-0006,IND,2025-03-21,KD,71,Male,Eligible,,Yes,2026-07-30T20:12:28.577992
SCR-002182,CRC-GLB-301,SITE-0057,INV-0113,KEN,2025-04-21,IY,47,Male,Eligible,,Yes,2026-07-30T20:12:28.577992
SCR-002183,CRC-GLB-301,SITE-0042,INV-0084,DEU,2025-11-29,GY,35,Male,Eligible,,Yes,2026-07-30T20:12:28.577992
SCR-002184,CRC-GLB-301,SITE-0037,INV-0073,GBR,2025-06-26,YX,33,Male,Eligible,,Yes,2026-07-30T20:12:28.577992
SCR-002185,CRC-GLB-301,SITE-0056,INV-0112,ZAF,2025-01-16,OW,36,Female,Eligible,,Yes,2026-07-30T20:12:28.577992
SCR-002186,CRC-GLB-301,SITE-0046,INV-0091,DEU,2025-12-05,GU,66,Female,Screen Failure,Withdrew Consent,Yes,2026-07-30T20:12:28.577992
SCR-002187,CRC-GLB-301,SITE-0045,INV-0090,DEU,2025-04-21,AM,72,Male,Screen Failure,Inclusion Criteria Not Met,Yes,2026-07-30T20:12:28.577992
SCR-002188,CRC-GLB-301,SITE-0019,INV-0037,USA,2025-09-28,II,33,Female,Eligible,,Yes,2026-07-30T20:12:28.577992
SCR-002189,CRC-GLB-301,SITE-0025,INV-0050,CAN,2025-10-05,DP,57,Female,Screen Failure,Withdrew Consent,Yes,2026-07-30T20:12:28.577992
SCR-002190,CRC-GLB-301,SITE-0006,INV-0011,IND,2025-03-26,MF,18,Female,Eligible,,Yes,2026-07-30T20:12:28.577992
SCR-002191,CRC-GLB-301,SITE-0051,INV-0102,ZAF,2025-02-02,ZD,67,Male,Eligible,,Yes,2026-07-30T20:12:28.577992
SCR-002192,CRC-GLB-301,SITE-0010,INV-0019,SGP,2025-11-10,IZ,21,Male,Screen Failure,Exclusion Criteria Met,Yes,2026-07-30T20:12:28.577992
SCR-002193,CRC-GLB-301,SITE-0009,INV-0018,SGP,2025-09-28,BQ,28,Female,Eligible,,Yes,2026-07-30T20:12:28.577992
SCR-002194,CRC-GLB-301,SITE-0010,INV-0020,SGP,2025-01-28,LU,84,Male,Eligible,,Yes,2026-07-30T20:12:28.577992
SCR-002195,CRC-GLB-301,SITE-0057,INV-0114,KEN,2025-11-18,DS,46,Female,Eligible,,Yes,2026-07-30T20:12:28.577992
SCR-002196,CRC-GLB-301,SITE-0035,INV-0069,GBR,2025-09-11,LP,68,Male,Eligible,,Yes,2026-07-30T20:12:28.577992
SCR-002197,CRC-GLB-301,SITE-0008,INV-0016,IND,2025-03-13,ST,70,Male,Eligible,,Yes,2026-07-30T20:12:28.577992
SCR-002198,CRC-GLB-301,SITE-0018,INV-0036,USA,2025-10-12,UT,80,Female,Screen Failure,Inclusion Criteria Not Met,Yes,2026-07-30T20:12:28.577992
SCR-002199,CRC-GLB-301,SITE-0050,INV-0099,ZAF,2025-03-24,OY,26,Female,Eligible,,Yes,2026-07-30T20:12:28.577992
SCR-002200,CRC-GLB-301,SITE-0003,INV-0006,IND,2025-09-26,RG,42,Male,Eligible,,Yes,2026-07-30T20:12:28.577992
SCR-002201,CRC-GLB-301,SITE-0026,INV-0052,CAN,2025-02-15,YY,58,Female,Screen Failure,Exclusion Criteria Met,Yes,2026-07-30T20:12:28.577992
SCR-002202,CRC-GLB-301,SITE-0022,INV-0043,USA,2025-06-26,XK,77,Male,Eligible,,Yes,2026-07-30T20:12:28.577992
SCR-002203,CRC-GLB-301,SITE-0060,INV-0119,KEN,2025-04-15,WX,39,Male,Eligible,,Yes,2026-07-30T20:12:28.577992
SCR-002204,CRC-GLB-301,SITE-0011,INV-0021,SGP,2025-01-01,JF,72,Male,Eligible,,Yes,2026-07-30T20:12:28.577992
SCR-002205,CRC-GLB-301,SITE-0041,INV-0081,DEU,2025-08-28,MO,62,Female,Eligible,,Yes,2026-07-30T20:12:28.577992
SCR-002206,CRC-GLB-301,SITE-0016,INV-0031,SGP,2025-08-18,BR,55,Female,Screen Failure,Exclusion Criteria Met,Yes,2026-07-30T20:12:28.577992
SCR-002207,CRC-GLB-301,SITE-0034,INV-0067,GBR,2025-03-28,WI,36,Female,Eligible,,Yes,2026-07-30T20:12:28.577992
SCR-002208,CRC-GLB-301,SITE-0038,INV-0075,GBR,2025-08-09,HZ,48,Female,Screen Failure,Inclusion Criteria Not Met,Yes,2026-07-30T20:12:28.577992
SCR-002209,CRC-GLB-301,SITE-0027,INV-0054,CAN,2025-02-22,KN,36,Female,Eligible,,Yes,2026-07-30T20:12:28.577992
SCR-002210,CRC-GLB-301,SITE-0064,INV-0127,KEN,2025-02-08,AE,29,Female,Screen Failure,Exclusion Criteria Met,Yes,2026-07-30T20:12:28.577992
SCR-002211,CRC-GLB-301,SITE-0024,INV-0047,USA,2025-11-18,FN,71,Male,Eligible,,Yes,2026-07-30T20:12:28.577992
SCR-002212,CRC-GLB-301,SITE-0044,INV-0088,DEU,2025-04-30,TW,47,Male,Screen Failure,Withdrew Consent,Yes,2026-07-30T20:12:28.577992
SCR-002213,CRC-GLB-301,SITE-0015,INV-0029,SGP,2025-10-06,RI,21,Female,Eligible,,Yes,2026-07-30T20:12:28.577992
SCR-002214,CRC-GLB-301,SITE-0030,INV-0060,CAN,2025-09-10,UP,72,Female,Screen Failure,Inclusion Criteria Not Met,Yes,2026-07-30T20:12:28.577992
SCR-002215,CRC-GLB-301,SITE-0016,INV-0032,SGP,2025-09-02,SK,81,Male,Eligible,,Yes,2026-07-30T20:12:28.577992
SCR-002216,CRC-GLB-301,SITE-0052,INV-0103,ZAF,2025-01-08,JA,36,Male,Eligible,,Yes,2026-07-30T20:12:28.577992
SCR-002217,CRC-GLB-301,SITE-0022,INV-0043,USA,2025-11-19,JR,29,Female,Screen Failure,Exclusion Criteria Met,Yes,2026-07-30T20:12:28.577992
SCR-002218,CRC-GLB-301,SITE-0047,INV-0093,DEU,2025-06-21,OL,31,Female,Eligible,,Yes,2026-07-30T20:12:28.577992
SCR-002219,CRC-GLB-301,SITE-0052,INV-0103,ZAF,2025-09-25,QY,27,Male,Screen Failure,Inclusion Criteria Not Met,Yes,2026-07-30T20:12:28.577992
SCR-002220,CRC-GLB-301,SITE-0042,INV-0084,DEU,2025-08-22,TY,52,Male,Eligible,,Yes,2026-07-30T20:12:28.577992
SCR-002221,CRC-GLB-301,SITE-0056,INV-0112,ZAF,2025-10-07,WY,34,Male,Eligible,,Yes,2026-07-30T20:12:28.577992
SCR-002222,CRC-GLB-301,SITE-0043,INV-0085,DEU,2025-11-06,RF,73,Female,Eligible,,Yes,2026-07-30T20:12:28.577992
SCR-002223,CRC-GLB-301,SITE-0038,INV-0075,GBR,2025-06-02,WI,83,Male,Eligible,,Yes,2026-07-30T20:12:28.577992
SCR-002224,CRC-GLB-301,SITE-0011,INV-0022,SGP,2025-06-27,LO,76,Male,Eligible,,Yes,2026-07-30T20:12:28.577992
SCR-002225,CRC-GLB-301,SITE-0057,INV-0113,KEN,2025-07-02,YG,69,Female,Eligible,,Yes,2026-07-30T20:12:28.577992
SCR-002226,CRC-GLB-301,SITE-0050,INV-0100,ZAF,2025-04-11,OZ,41,Male,Eligible,,Yes,2026-07-30T20:12:28.577992
SCR-002227,CRC-GLB-301,SITE-0058,INV-0116,KEN,2025-07-14,UZ,26,Female,Eligible,,Yes,2026-07-30T20:12:28.577992
SCR-002228,CRC-GLB-301,SITE-0064,INV-0128,KEN,2025-07-16,OW,73,Female,Eligible,,Yes,2026-07-30T20:12:28.577992
SCR-002229,CRC-GLB-301,SITE-0020,INV-0039,USA,2025-06-13,NF,22,Female,Eligible,,Yes,2026-07-30T20:12:28.577992
SCR-002230,CRC-GLB-301,SITE-0001,INV-0002,IND,2025-11-26,EQ,48,Female,Eligible,,Yes,2026-07-30T20:12:28.577992
SCR-002231,CRC-GLB-301,SITE-0007,INV-0014,IND,2025-01-16,RW,67,Female,Eligible,,Yes,2026-07-30T20:12:28.577992
SCR-002232,CRC-GLB-301,SITE-0043,INV-0086,DEU,2025-10-19,AR,39,Female,Eligible,,Yes,2026-07-30T20:12:28.577992
SCR-002233,CRC-GLB-301,SITE-0023,INV-0046,USA,2025-05-18,GY,68,Female,Screen Failure,Abnormal Laboratory Values,Yes,2026-07-30T20:12:28.577992
SCR-002234,CRC-GLB-301,SITE-0051,INV-0101,ZAF,2025-06-30,VP,41,Male,Screen Failure,Exclusion Criteria Met,Yes,2026-07-30T20:12:28.577992
SCR-002235,CRC-GLB-301,SITE-0018,INV-0036,USA,2025-07-20,VF,42,Male,Eligible,,Yes,2026-07-30T20:12:28.577992
SCR-002236,CRC-GLB-301,SITE-0044,INV-0088,DEU,2025-03-26,GR,59,Male,Eligible,,Yes,2026-07-30T20:12:28.577992
SCR-002237,CRC-GLB-301,SITE-0044,INV-0088,DEU,2025-06-25,KZ,39,Female,Screen Failure,Exclusion Criteria Met,Yes,2026-07-30T20:12:28.577992
SCR-002238,CRC-GLB-301,SITE-0029,INV-0057,CAN,2025-06-25,NU,65,Male,Eligible,,Yes,2026-07-30T20:12:28.577992
SCR-002239,CRC-GLB-301,SITE-0029,INV-0057,CAN,2025-10-14,SJ,21,Female,Eligible,,Yes,2026-07-30T20:12:28.577992
SCR-002240,CRC-GLB-301,SITE-0034,INV-0068,GBR,2025-10-14,IP,80,Female,Eligible,,Yes,2026-07-30T20:12:28.577992
SCR-002241,CRC-GLB-301,SITE-0034,INV-0067,GBR,2025-04-10,HQ,83,Male,Screen Failure,Inclusion Criteria Not Met,Yes,2026-07-30T20:12:28.577992
SCR-002242,CRC-GLB-301,SITE-0015,INV-0030,SGP,2025-11-03,MB,84,Female,Eligible,,Yes,2026-07-30T20:12:28.577992
SCR-002243,CRC-GLB-301,SITE-0031,INV-0062,CAN,2025-01-20,CJ,68,Female,Eligible,,Yes,2026-07-30T20:12:28.577992
SCR-002244,CRC-GLB-301,SITE-0012,INV-0024,SGP,2025-08-21,CV,43,Male,Screen Failure,Abnormal Laboratory Values,Yes,2026-07-30T20:12:28.577992
SCR-002245,CRC-GLB-301,SITE-0028,INV-0055,CAN,2025-11-14,XV,78,Male,Screen Failure,Abnormal Laboratory Values,Yes,2026-07-30T20:12:28.577992
SCR-002246,CRC-GLB-301,SITE-0031,INV-0062,CAN,2025-08-18,WB,52,Male,Eligible,,Yes,2026-07-30T20:12:28.577992
SCR-002247,CRC-GLB-301,SITE-0014,INV-0028,SGP,2025-02-14,AJ,76,Female,Eligible,,Yes,2026-07-30T20:12:28.577992
SCR-002248,CRC-GLB-301,SITE-0016,INV-0032,SGP,2025-11-06,TD,79,Male,Screen Failure,Inclusion Criteria Not Met,Yes,2026-07-30T20:12:28.577992
SCR-002249,CRC-GLB-301,SITE-0035,INV-0070,GBR,2025-03-08,GN,62,Female,Eligible,,Yes,2026-07-30T20:12:28.577992
SCR-002250,CRC-GLB-301,SITE-0021,INV-0041,USA,2025-06-19,OX,72,Female,Eligible,,Yes,2026-07-30T20:12:28.577992
SCR-002251,CRC-GLB-301,SITE-0008,INV-0016,IND,2025-10-26,NU,75,Female,Eligible,,Yes,2026-07-30T20:12:28.577992
SCR-002252,CRC-GLB-301,SITE-0036,INV-0072,GBR,2025-03-12,MI,61,Female,Screen Failure,Exclusion Criteria Met,Yes,2026-07-30T20:12:28.577992
SCR-002253,CRC-GLB-301,SITE-0044,INV-0088,DEU,2025-07-06,UI,54,Male,Eligible,,Yes,2026-07-30T20:12:28.577992
SCR-002254,CRC-GLB-301,SITE-0017,INV-0034,USA,2025-02-12,VL,60,Male,Screen Failure,Inclusion Criteria Not Met,Yes,2026-07-30T20:12:28.577992
SCR-002255,CRC-GLB-301,SITE-0018,INV-0035,USA,2025-01-22,EH,47,Male,Screen Failure,Inclusion Criteria Not Met,Yes,2026-07-30T20:12:28.577992
SCR-002256,CRC-GLB-301,SITE-0010,INV-0019,SGP,2025-03-09,QV,32,Female,Eligible,,Yes,2026-07-30T20:12:28.577992
SCR-002257,CRC-GLB-301,SITE-0041,INV-0081,DEU,2025-04-17,AI,22,Male,Eligible,,Yes,2026-07-30T20:12:28.577992
SCR-002258,CRC-GLB-301,SITE-0055,INV-0109,ZAF,2025-12-16,CH,84,Female,Eligible,,Yes,2026-07-30T20:12:28.577992
SCR-002259,CRC-GLB-301,SITE-0050,INV-0100,ZAF,2025-03-15,MW,46,Female,Eligible,,Yes,2026-07-30T20:12:28.577992
SCR-002260,CRC-GLB-301,SITE-0058,INV-0116,KEN,2025-05-30,QD,18,Male,Eligible,,Yes,2026-07-30T20:12:28.577992
SCR-002261,CRC-GLB-301,SITE-0047,INV-0093,DEU,2025-07-08,HY,26,Male,Eligible,,Yes,2026-07-30T20:12:28.577992
SCR-002262,CRC-GLB-301,SITE-0023,INV-0045,USA,2025-03-10,EB,43,Male,Eligible,,Yes,2026-07-30T20:12:28.577992
SCR-002263,CRC-GLB-301,SITE-0001,INV-0002,IND,2025-01-31,JA,29,Male,Screen Failure,Inclusion Criteria Not Met,Yes,2026-07-30T20:12:28.577992
SCR-002264,CRC-GLB-301,SITE-0054,INV-0108,ZAF,2025-09-08,ES,77,Female,Eligible,,Yes,2026-07-30T20:12:28.577992
SCR-002265,CRC-GLB-301,SITE-0004,INV-0007,IND,2025-08-30,KS,76,Male,Eligible,,Yes,2026-07-30T20:12:28.577992
SCR-002266,CRC-GLB-301,SITE-0024,INV-0048,USA,2025-09-03,MG,64,Female,Eligible,,Yes,2026-07-30T20:12:28.577992
SCR-002267,CRC-GLB-301,SITE-0062,INV-0123,KEN,2025-07-14,EO,22,Female,Eligible,,Yes,2026-07-30T20:12:28.577992
SCR-002268,CRC-GLB-301,SITE-0019,INV-0037,USA,2025-09-19,VW,76,Female,Eligible,,Yes,2026-07-30T20:12:28.577992
SCR-002269,CRC-GLB-301,SITE-0031,INV-0061,CAN,2025-07-20,BW,74,Male,Eligible,,Yes,2026-07-30T20:12:28.577992
SCR-002270,CRC-GLB-301,SITE-0061,INV-0121,KEN,2025-02-02,LF,74,Male,Eligible,,Yes,2026-07-30T20:12:28.577992
SCR-002271,CRC-GLB-301,SITE-0024,INV-0047,USA,2025-06-16,EE,45,Female,Eligible,,Yes,2026-07-30T20:12:28.577992
SCR-002272,CRC-GLB-301,SITE-0022,INV-0043,USA,2025-08-07,UR,27,Female,Eligible,,Yes,2026-07-30T20:12:28.577992
SCR-002273,CRC-GLB-301,SITE-0031,INV-0061,CAN,2025-05-02,XI,64,Male,Eligible,,Yes,2026-07-30T20:12:28.577992
SCR-002274,CRC-GLB-301,SITE-0027,INV-0054,CAN,2025-10-12,YG,33,Female,Eligible,,Yes,2026-07-30T20:12:28.577992
SCR-002275,CRC-GLB-301,SITE-0060,INV-0120,KEN,2025-03-24,VH,20,Female,Screen Failure,Exclusion Criteria Met,Yes,2026-07-30T20:12:28.577992
SCR-002276,CRC-GLB-301,SITE-0034,INV-0068,GBR,2025-10-23,VU,32,Male,Eligible,,Yes,2026-07-30T20:12:28.577992
SCR-002277,CRC-GLB-301,SITE-0058,INV-0116,KEN,2025-01-02,EE,26,Male,Eligible,,Yes,2026-07-30T20:12:28.577992
SCR-002278,CRC-GLB-301,SITE-0008,INV-0016,IND,2025-05-07,RP,85,Female,Eligible,,Yes,2026-07-30T20:12:28.577992
SCR-002279,CRC-GLB-301,SITE-0015,INV-0029,SGP,2025-09-09,SV,35,Male,Eligible,,Yes,2026-07-30T20:12:28.577992
SCR-002280,CRC-GLB-301,SITE-0017,INV-0033,USA,2025-01-15,VT,30,Male,Eligible,,Yes,2026-07-30T20:12:28.577992
SCR-002281,CRC-GLB-301,SITE-0047,INV-0094,DEU,2025-01-28,OE,23,Female,Eligible,,Yes,2026-07-30T20:12:28.577992
SCR-002282,CRC-GLB-301,SITE-0063,INV-0126,KEN,2025-09-23,NW,74,Female,Eligible,,Yes,2026-07-30T20:12:28.577992
SCR-002283,CRC-GLB-301,SITE-0027,INV-0054,CAN,2025-12-08,NE,68,Male,Eligible,,Yes,2026-07-30T20:12:28.577992
SCR-002284,CRC-GLB-301,SITE-0006,INV-0011,IND,2025-01-09,HH,67,Male,Eligible,,Yes,2026-07-30T20:12:28.577992
SCR-002285,CRC-GLB-301,SITE-0042,INV-0083,DEU,2025-08-24,BV,38,Male,Eligible,,Yes,2026-07-30T20:12:28.577992
SCR-002286,CRC-GLB-301,SITE-0012,INV-0023,SGP,2025-03-18,QE,62,Male,Eligible,,Yes,2026-07-30T20:12:28.577992
SCR-002287,CRC-GLB-301,SITE-0012,INV-0024,SGP,2025-09-02,HW,83,Male,Screen Failure,Exclusion Criteria Met,Yes,2026-07-30T20:12:28.577992
SCR-002288,CRC-GLB-301,SITE-0008,INV-0015,IND,2025-01-03,OZ,28,Male,Eligible,,Yes,2026-07-30T20:12:28.577992
SCR-002289,CRC-GLB-301,SITE-0064,INV-0127,KEN,2025-11-08,ZD,24,Male,Eligible,,Yes,2026-07-30T20:12:28.577992
SCR-002290,CRC-GLB-301,SITE-0020,INV-0039,USA,2025-04-17,EW,76,Female,Eligible,,Yes,2026-07-30T20:12:28.577992
SCR-002291,CRC-GLB-301,SITE-0060,INV-0119,KEN,2025-01-28,CU,29,Male,Eligible,,Yes,2026-07-30T20:12:28.577992
SCR-002292,CRC-GLB-301,SITE-0015,INV-0030,SGP,2025-07-26,CX,23,Male,Eligible,,Yes,2026-07-30T20:12:28.577992
SCR-002293,CRC-GLB-301,SITE-0005,INV-0010,IND,2025-03-11,SR,85,Female,Eligible,,Yes,2026-07-30T20:12:28.577992
SCR-002294,CRC-GLB-301,SITE-0032,INV-0063,CAN,2025-11-15,TF,55,Male,Eligible,,Yes,2026-07-30T20:12:28.577992
SCR-002295,CRC-GLB-301,SITE-0056,INV-0112,ZAF,2025-06-22,FA,40,Female,Eligible,,Yes,2026-07-30T20:12:28.577992
SCR-002296,CRC-GLB-301,SITE-0039,INV-0077,GBR,2025-03-18,TH,30,Male,Eligible,,Yes,2026-07-30T20:12:28.577992
SCR-002297,CRC-GLB-301,SITE-0037,INV-0073,GBR,2025-10-13,RQ,35,Female,Eligible,,Yes,2026-07-30T20:12:28.577992
SCR-002298,CRC-GLB-301,SITE-0002,INV-0004,IND,2025-03-10,DH,34,Male,Eligible,,Yes,2026-07-30T20:12:28.577992
SCR-002299,CRC-GLB-301,SITE-0025,INV-0050,CAN,2025-06-29,SV,26,Male,Eligible,,Yes,2026-07-30T20:12:28.577992
SCR-002300,CRC-GLB-301,SITE-0028,INV-0056,CAN,2025-03-07,UP,20,Male,Eligible,,Yes,2026-07-30T20:12:28.577992
SCR-002301,CRC-GLB-301,SITE-0030,INV-0060,CAN,2025-03-14,HL,63,Female,Screen Failure,Inclusion Criteria Not Met,Yes,2026-07-30T20:12:28.577992
SCR-002302,CRC-GLB-301,SITE-0047,INV-0094,DEU,2025-06-07,TD,21,Female,Eligible,,Yes,2026-07-30T20:12:28.577992
SCR-002303,CRC-GLB-301,SITE-0010,INV-0019,SGP,2025-01-14,DM,24,Female,Eligible,,Yes,2026-07-30T20:12:28.577992
SCR-002304,CRC-GLB-301,SITE-0016,INV-0032,SGP,2025-11-11,EG,81,Female,Eligible,,Yes,2026-07-30T20:12:28.577992
SCR-002305,CRC-GLB-301,SITE-0008,INV-0015,IND,2025-08-15,SZ,73,Female,Screen Failure,Inclusion Criteria Not Met,Yes,2026-07-30T20:12:28.577992
SCR-002306,CRC-GLB-301,SITE-0003,INV-0006,IND,2025-04-27,DW,85,Male,Eligible,,Yes,2026-07-30T20:12:28.577992
SCR-002307,CRC-GLB-301,SITE-0044,INV-0088,DEU,2025-05-14,YE,18,Male,Eligible,,Yes,2026-07-30T20:12:28.577992
SCR-002308,CRC-GLB-301,SITE-0037,INV-0073,GBR,2025-05-08,BA,64,Female,Eligible,,Yes,2026-07-30T20:12:28.577992
SCR-002309,CRC-GLB-301,SITE-0064,INV-0128,KEN,2025-07-08,LU,26,Female,Eligible,,Yes,2026-07-30T20:12:28.577992
SCR-002310,CRC-GLB-301,SITE-0057,INV-0114,KEN,2025-07-10,HV,49,Female,Eligible,,Yes,2026-07-30T20:12:28.577992
SCR-002311,CRC-GLB-301,SITE-0062,INV-0123,KEN,2025-03-12,VG,73,Male,Eligible,,Yes,2026-07-30T20:12:28.577992
SCR-002312,CRC-GLB-301,SITE-0015,INV-0029,SGP,2025-03-02,UN,22,Male,Screen Failure,Inclusion Criteria Not Met,Yes,2026-07-30T20:12:28.577992
SCR-002313,CRC-GLB-301,SITE-0004,INV-0008,IND,2025-10-11,FL,53,Male,Eligible,,Yes,2026-07-30T20:12:28.577992
SCR-002314,CRC-GLB-301,SITE-0063,INV-0125,KEN,2025-08-05,NO,84,Male,Eligible,,Yes,2026-07-30T20:12:28.577992
SCR-002315,CRC-GLB-301,SITE-0047,INV-0094,DEU,2025-03-17,PW,31,Female,Screen Failure,Inclusion Criteria Not Met,Yes,2026-07-30T20:12:28.577992
SCR-002316,CRC-GLB-301,SITE-0008,INV-0016,IND,2025-02-13,FB,75,Male,Eligible,,Yes,2026-07-30T20:12:28.577992
SCR-002317,CRC-GLB-301,SITE-0032,INV-0063,CAN,2025-08-25,SI,24,Female,Eligible,,Yes,2026-07-30T20:12:28.577992
SCR-002318,CRC-GLB-301,SITE-0047,INV-0094,DEU,2025-09-09,HU,40,Male,Eligible,,Yes,2026-07-30T20:12:28.577992
SCR-002319,CRC-GLB-301,SITE-0026,INV-0051,CAN,2025-01-09,OE,85,Female,Eligible,,Yes,2026-07-30T20:12:28.577992
SCR-002320,CRC-GLB-301,SITE-0058,INV-0116,KEN,2025-12-27,LG,21,Male,Eligible,,Yes,2026-07-30T20:12:28.577992
SCR-002321,CRC-GLB-301,SITE-0016,INV-0031,SGP,2025-04-12,ZU,43,Female,Screen Failure,Abnormal Laboratory Values,Yes,2026-07-30T20:12:28.577992
SCR-002322,CRC-GLB-301,SITE-0021,INV-0042,USA,2025-05-11,VX,73,Male,Eligible,,Yes,2026-07-30T20:12:28.577992
SCR-002323,CRC-GLB-301,SITE-0011,INV-0022,SGP,2025-10-27,BG,35,Female,Eligible,,Yes,2026-07-30T20:12:28.577992
SCR-002324,CRC-GLB-301,SITE-0003,INV-0005,IND,2025-01-30,ZK,72,Male,Eligible,,Yes,2026-07-30T20:12:28.577992
SCR-002325,CRC-GLB-301,SITE-0040,INV-0080,GBR,2025-02-04,UB,80,Female,Screen Failure,Inclusion Criteria Not Met,Yes,2026-07-30T20:12:28.577992
SCR-002326,CRC-GLB-301,SITE-0016,INV-0032,SGP,2025-01-11,TG,48,Male,Screen Failure,Inclusion Criteria Not Met,Yes,2026-07-30T20:12:28.577992
SCR-002327,CRC-GLB-301,SITE-0035,INV-0069,GBR,2025-05-08,RS,58,Male,Screen Failure,Abnormal Laboratory Values,Yes,2026-07-30T20:12:28.577992
SCR-002328,CRC-GLB-301,SITE-0006,INV-0012,IND,2025-11-09,PA,56,Female,Eligible,,Yes,2026-07-30T20:12:28.577992
SCR-002329,CRC-GLB-301,SITE-0051,INV-0102,ZAF,2025-11-24,FB,77,Female,Eligible,,Yes,2026-07-30T20:12:28.577992
SCR-002330,CRC-GLB-301,SITE-0016,INV-0032,SGP,2025-07-15,PT,31,Female,Eligible,,Yes,2026-07-30T20:12:28.577992
SCR-002331,CRC-GLB-301,SITE-0049,INV-0097,ZAF,2025-03-18,FH,24,Female,Eligible,,Yes,2026-07-30T20:12:28.577992
SCR-002332,CRC-GLB-301,SITE-0062,INV-0124,KEN,2025-05-08,GE,59,Female,Eligible,,Yes,2026-07-30T20:12:28.577992
SCR-002333,CRC-GLB-301,SITE-0024,INV-0047,USA,2025-12-19,ZR,55,Male,Eligible,,Yes,2026-07-30T20:12:28.577992
SCR-002334,CRC-GLB-301,SITE-0058,INV-0115,KEN,2025-02-04,SX,39,Female,Eligible,,Yes,2026-07-30T20:12:28.577992
SCR-002335,CRC-GLB-301,SITE-0018,INV-0035,USA,2025-04-20,MN,39,Male,Eligible,,Yes,2026-07-30T20:12:28.577992
SCR-002336,CRC-GLB-301,SITE-0012,INV-0024,SGP,2025-01-29,VR,21,Female,Eligible,,Yes,2026-07-30T20:12:28.577992
SCR-002337,CRC-GLB-301,SITE-0013,INV-0025,SGP,2025-05-01,JS,83,Female,Eligible,,Yes,2026-07-30T20:12:28.577992
SCR-002338,CRC-GLB-301,SITE-0019,INV-0037,USA,2025-02-12,ZZ,82,Female,Eligible,,Yes,2026-07-30T20:12:28.577992
SCR-002339,CRC-GLB-301,SITE-0004,INV-0007,IND,2025-10-07,YX,56,Male,Eligible,,Yes,2026-07-30T20:12:28.577992
SCR-002340,CRC-GLB-301,SITE-0021,INV-0041,USA,2025-08-20,YW,84,Male,Eligible,,Yes,2026-07-30T20:12:28.577992
SCR-002341,CRC-GLB-301,SITE-0057,INV-0114,KEN,2025-08-13,YO,25,Male,Eligible,,Yes,2026-07-30T20:12:28.577992
SCR-002342,CRC-GLB-301,SITE-0034,INV-0067,GBR,2025-08-03,MM,29,Male,Eligible,,Yes,2026-07-30T20:12:28.577992
SCR-002343,CRC-GLB-301,SITE-0025,INV-0050,CAN,2025-10-16,CP,29,Male,Eligible,,Yes,2026-07-30T20:12:28.577992
SCR-002344,CRC-GLB-301,SITE-0021,INV-0042,USA,2025-12-12,VH,39,Female,Eligible,,Yes,2026-07-30T20:12:28.577992
SCR-002345,CRC-GLB-301,SITE-0020,INV-0040,USA,2025-10-24,YR,79,Male,Screen Failure,Withdrew Consent,Yes,2026-07-30T20:12:28.577992
SCR-002346,CRC-GLB-301,SITE-0035,INV-0069,GBR,2025-10-29,JS,51,Male,Eligible,,Yes,2026-07-30T20:12:28.577992
SCR-002347,CRC-GLB-301,SITE-0055,INV-0109,ZAF,2025-07-01,LM,49,Male,Eligible,,Yes,2026-07-30T20:12:28.577992
SCR-002348,CRC-GLB-301,SITE-0063,INV-0126,KEN,2025-12-12,XR,46,Female,Eligible,,Yes,2026-07-30T20:12:28.577992
SCR-002349,CRC-GLB-301,SITE-0049,INV-0098,ZAF,2025-02-24,UL,68,Male,Eligible,,Yes,2026-07-30T20:12:28.577992
SCR-002350,CRC-GLB-301,SITE-0038,INV-0075,GBR,2025-11-06,YS,54,Female,Eligible,,Yes,2026-07-30T20:12:28.577992
SCR-002351,CRC-GLB-301,SITE-0050,INV-0099,ZAF,2025-05-16,YL,52,Female,Eligible,,Yes,2026-07-30T20:12:28.577992
SCR-002352,CRC-GLB-301,SITE-0040,INV-0079,GBR,2025-08-16,AO,31,Female,Screen Failure,Inclusion Criteria Not Met,Yes,2026-07-30T20:12:28.577992
SCR-002353,CRC-GLB-301,SITE-0019,INV-0037,USA,2025-07-02,PG,70,Female,Eligible,,Yes,2026-07-30T20:12:28.577992
SCR-002354,CRC-GLB-301,SITE-0017,INV-0033,USA,2025-05-17,NN,82,Male,Screen Failure,Exclusion Criteria Met,Yes,2026-07-30T20:12:28.577992
SCR-002355,CRC-GLB-301,SITE-0006,INV-0012,IND,2025-03-12,ZK,37,Female,Eligible,,Yes,2026-07-30T20:12:28.577992
SCR-002356,CRC-GLB-301,SITE-0009,INV-0018,SGP,2025-01-12,QB,56,Male,Eligible,,Yes,2026-07-30T20:12:28.577992
SCR-002357,CRC-GLB-301,SITE-0028,INV-0055,CAN,2025-07-03,RZ,38,Male,Screen Failure,Exclusion Criteria Met,Yes,2026-07-30T20:12:28.577992
SCR-002358,CRC-GLB-301,SITE-0053,INV-0105,ZAF,2025-04-30,FS,18,Female,Eligible,,Yes,2026-07-30T20:12:28.577992
SCR-002359,CRC-GLB-301,SITE-0024,INV-0047,USA,2025-01-23,XI,83,Male,Eligible,,Yes,2026-07-30T20:12:28.577992
SCR-002360,CRC-GLB-301,SITE-0052,INV-0104,ZAF,2025-12-25,AE,53,Female,Eligible,,Yes,2026-07-30T20:12:28.577992
SCR-002361,CRC-GLB-301,SITE-0064,INV-0127,KEN,2025-05-15,DC,58,Male,Eligible,,Yes,2026-07-30T20:12:28.577992
SCR-002362,CRC-GLB-301,SITE-0025,INV-0050,CAN,2025-05-21,AO,69,Male,Eligible,,Yes,2026-07-30T20:12:28.577992
SCR-002363,CRC-GLB-301,SITE-0061,INV-0122,KEN,2025-02-03,UD,51,Male,Eligible,,Yes,2026-07-30T20:12:28.577992
SCR-002364,CRC-GLB-301,SITE-0001,INV-0002,IND,2025-08-25,VD,52,Male,Eligible,,Yes,2026-07-30T20:12:28.577992
SCR-002365,CRC-GLB-301,SITE-0057,INV-0114,KEN,2025-07-31,NZ,46,Female,Eligible,,Yes,2026-07-30T20:12:28.577992
SCR-002366,CRC-GLB-301,SITE-0024,INV-0048,USA,2025-11-17,JG,72,Male,Eligible,,Yes,2026-07-30T20:12:28.577992
SCR-002367,CRC-GLB-301,SITE-0051,INV-0102,ZAF,2025-06-09,YJ,57,Male,Eligible,,Yes,2026-07-30T20:12:28.577992
SCR-002368,CRC-GLB-301,SITE-0042,INV-0084,DEU,2025-10-29,GI,24,Male,Eligible,,Yes,2026-07-30T20:12:28.577992
SCR-002369,CRC-GLB-301,SITE-0016,INV-0031,SGP,2025-11-03,RB,79,Female,Eligible,,Yes,2026-07-30T20:12:28.577992
SCR-002370,CRC-GLB-301,SITE-0032,INV-0064,CAN,2025-12-22,BC,78,Male,Eligible,,Yes,2026-07-30T20:12:28.577992
SCR-002371,CRC-GLB-301,SITE-0055,INV-0109,ZAF,2025-04-27,VN,68,Male,Eligible,,Yes,2026-07-30T20:12:28.577992
SCR-002372,CRC-GLB-301,SITE-0054,INV-0108,ZAF,2025-07-30,ZQ,30,Female,Screen Failure,Exclusion Criteria Met,Yes,2026-07-30T20:12:28.577992
SCR-002373,CRC-GLB-301,SITE-0042,INV-0084,DEU,2025-11-03,BM,24,Male,Eligible,,Yes,2026-07-30T20:12:28.577992
SCR-002374,CRC-GLB-301,SITE-0039,INV-0077,GBR,2025-06-02,NP,40,Male,Eligible,,Yes,2026-07-30T20:12:28.577992
SCR-002375,CRC-GLB-301,SITE-0038,INV-0076,GBR,2025-07-12,RH,73,Female,Eligible,,Yes,2026-07-30T20:12:28.577992
SCR-002376,CRC-GLB-301,SITE-0064,INV-0128,KEN,2025-01-26,IL,38,Male,Eligible,,Yes,2026-07-30T20:12:28.577992
SCR-002377,CRC-GLB-301,SITE-0040,INV-0080,GBR,2025-08-05,WM,74,Female,Eligible,,Yes,2026-07-30T20:12:28.577992
SCR-002378,CRC-GLB-301,SITE-0004,INV-0008,IND,2025-06-13,ZE,82,Male,Screen Failure,Abnormal Laboratory Values,Yes,2026-07-30T20:12:28.577992
SCR-002379,CRC-GLB-301,SITE-0055,INV-0109,ZAF,2025-05-05,WJ,69,Female,Eligible,,Yes,2026-07-30T20:12:28.577992
SCR-002380,CRC-GLB-301,SITE-0017,INV-0033,USA,2025-06-22,SB,68,Female,Screen Failure,Withdrew Consent,Yes,2026-07-30T20:12:28.577992
SCR-002381,CRC-GLB-301,SITE-0045,INV-0089,DEU,2025-01-05,SR,38,Male,Screen Failure,Inclusion Criteria Not Met,Yes,2026-07-30T20:12:28.577992
SCR-002382,CRC-GLB-301,SITE-0016,INV-0031,SGP,2025-05-31,ET,75,Female,Screen Failure,Exclusion Criteria Met,Yes,2026-07-30T20:12:28.577992
SCR-002383,CRC-GLB-301,SITE-0062,INV-0124,KEN,2025-07-25,DI,26,Female,Screen Failure,Abnormal Laboratory Values,Yes,2026-07-30T20:12:28.577992
SCR-002384,CRC-GLB-301,SITE-0004,INV-0007,IND,2025-02-10,ES,30,Male,Eligible,,Yes,2026-07-30T20:12:28.577992
SCR-002385,CRC-GLB-301,SITE-0048,INV-0096,DEU,2025-10-01,UQ,25,Male,Eligible,,Yes,2026-07-30T20:12:28.577992
SCR-002386,CRC-GLB-301,SITE-0002,INV-0003,IND,2025-08-31,PZ,79,Female,Eligible,,Yes,2026-07-30T20:12:28.577992
SCR-002387,CRC-GLB-301,SITE-0017,INV-0033,USA,2025-02-10,EP,63,Female,Eligible,,Yes,2026-07-30T20:12:28.577992
SCR-002388,CRC-GLB-301,SITE-0002,INV-0004,IND,2025-08-17,DS,51,Male,Eligible,,Yes,2026-07-30T20:12:28.577992
SCR-002389,CRC-GLB-301,SITE-0055,INV-0109,ZAF,2025-03-17,SX,24,Male,Eligible,,Yes,2026-07-30T20:12:28.577992
SCR-002390,CRC-GLB-301,SITE-0033,INV-0065,GBR,2025-09-03,IL,67,Male,Eligible,,Yes,2026-07-30T20:12:28.577992
SCR-002391,CRC-GLB-301,SITE-0060,INV-0120,KEN,2025-11-22,EZ,83,Male,Eligible,,Yes,2026-07-30T20:12:28.577992
SCR-002392,CRC-GLB-301,SITE-0040,INV-0079,GBR,2025-03-05,RS,47,Female,Eligible,,Yes,2026-07-30T20:12:28.577992
SCR-002393,CRC-GLB-301,SITE-0033,INV-0066,GBR,2025-05-18,BR,72,Female,Eligible,,Yes,2026-07-30T20:12:28.577992
SCR-002394,CRC-GLB-301,SITE-0040,INV-0080,GBR,2025-05-27,QI,36,Male,Eligible,,Yes,2026-07-30T20:12:28.577992
SCR-002395,CRC-GLB-301,SITE-0010,INV-0019,SGP,2025-04-10,ES,75,Female,Screen Failure,Exclusion Criteria Met,Yes,2026-07-30T20:12:28.577992
SCR-002396,CRC-GLB-301,SITE-0063,INV-0125,KEN,2025-08-19,LU,44,Male,Eligible,,Yes,2026-07-30T20:12:28.577992
SCR-002397,CRC-GLB-301,SITE-0038,INV-0075,GBR,2025-09-08,EE,66,Male,Eligible,,Yes,2026-07-30T20:12:28.577992
SCR-002398,CRC-GLB-301,SITE-0010,INV-0020,SGP,2025-07-01,SR,25,Male,Eligible,,Yes,2026-07-30T20:12:28.577992
SCR-002399,CRC-GLB-301,SITE-0050,INV-0099,ZAF,2025-01-22,GS,42,Male,Eligible,,Yes,2026-07-30T20:12:28.577992
SCR-002400,CRC-GLB-301,SITE-0050,INV-0099,ZAF,2025-06-16,SN,36,Female,Eligible,,Yes,2026-07-30T20:12:28.577992
SCR-002401,CRC-GLB-301,SITE-0030,INV-0060,CAN,2025-04-28,WA,31,Male,Eligible,,Yes,2026-07-30T20:12:28.577992
SCR-002402,CRC-GLB-301,SITE-0051,INV-0102,ZAF,2025-08-31,NN,26,Female,Eligible,,Yes,2026-07-30T20:12:28.577992
SCR-002403,CRC-GLB-301,SITE-0045,INV-0089,DEU,2025-05-23,GX,64,Female,Eligible,,Yes,2026-07-30T20:12:28.577992
SCR-002404,CRC-GLB-301,SITE-0034,INV-0068,GBR,2025-01-28,VF,64,Male,Eligible,,Yes,2026-07-30T20:12:28.577992
SCR-002405,CRC-GLB-301,SITE-0061,INV-0121,KEN,2025-08-19,SO,19,Female,Eligible,,Yes,2026-07-30T20:12:28.577992
SCR-002406,CRC-GLB-301,SITE-0031,INV-0061,CAN,2025-03-17,NY,83,Female,Eligible,,Yes,2026-07-30T20:12:28.577992
SCR-002407,CRC-GLB-301,SITE-0050,INV-0100,ZAF,2025-10-28,NU,25,Female,Eligible,,Yes,2026-07-30T20:12:28.577992
SCR-002408,CRC-GLB-301,SITE-0041,INV-0082,DEU,2025-10-24,SV,31,Female,Eligible,,Yes,2026-07-30T20:12:28.577992
SCR-002409,CRC-GLB-301,SITE-0058,INV-0115,KEN,2025-07-12,GV,66,Female,Screen Failure,Abnormal Laboratory Values,Yes,2026-07-30T20:12:28.577992
SCR-002410,CRC-GLB-301,SITE-0023,INV-0046,USA,2025-03-09,XV,46,Female,Eligible,,Yes,2026-07-30T20:12:28.577992
SCR-002411,CRC-GLB-301,SITE-0021,INV-0041,USA,2025-05-02,OC,32,Female,Eligible,,Yes,2026-07-30T20:12:28.577992
SCR-002412,CRC-GLB-301,SITE-0004,INV-0008,IND,2025-03-22,YO,40,Male,Eligible,,Yes,2026-07-30T20:12:28.577992
SCR-002413,CRC-GLB-301,SITE-0028,INV-0055,CAN,2025-03-16,DV,19,Male,Eligible,,Yes,2026-07-30T20:12:28.577992
SCR-002414,CRC-GLB-301,SITE-0030,INV-0059,CAN,2025-01-02,AR,67,Female,Eligible,,Yes,2026-07-30T20:12:28.577992
SCR-002415,CRC-GLB-301,SITE-0056,INV-0112,ZAF,2025-02-28,BA,79,Female,Eligible,,Yes,2026-07-30T20:12:28.577992
SCR-002416,CRC-GLB-301,SITE-0016,INV-0031,SGP,2025-06-01,EJ,29,Female,Screen Failure,Inclusion Criteria Not Met,Yes,2026-07-30T20:12:28.577992
SCR-002417,CRC-GLB-301,SITE-0008,INV-0015,IND,2025-10-11,HI,49,Male,Eligible,,Yes,2026-07-30T20:12:28.577992
SCR-002418,CRC-GLB-301,SITE-0007,INV-0014,IND,2025-05-22,KT,35,Male,Eligible,,Yes,2026-07-30T20:12:28.577992
SCR-002419,CRC-GLB-301,SITE-0041,INV-0082,DEU,2025-07-29,WP,30,Male,Eligible,,Yes,2026-07-30T20:12:28.577992
SCR-002420,CRC-GLB-301,SITE-0001,INV-0001,IND,2025-01-09,LT,41,Male,Eligible,,Yes,2026-07-30T20:12:28.577992
SCR-002421,CRC-GLB-301,SITE-0048,INV-0096,DEU,2025-06-18,YP,74,Male,Eligible,,Yes,2026-07-30T20:12:28.577992
SCR-002422,CRC-GLB-301,SITE-0043,INV-0085,DEU,2025-12-19,BL,67,Female,Eligible,,Yes,2026-07-30T20:12:28.577992
SCR-002423,CRC-GLB-301,SITE-0035,INV-0069,GBR,2025-02-07,AQ,65,Female,Eligible,,Yes,2026-07-30T20:12:28.577992
SCR-002424,CRC-GLB-301,SITE-0012,INV-0023,SGP,2025-12-27,VZ,46,Female,Eligible,,Yes,2026-07-30T20:12:28.577992
SCR-002425,CRC-GLB-301,SITE-0001,INV-0002,IND,2025-10-05,IK,52,Female,Eligible,,Yes,2026-07-30T20:12:28.577992
SCR-002426,CRC-GLB-301,SITE-0006,INV-0011,IND,2025-10-15,TL,43,Female,Screen Failure,Abnormal Laboratory Values,Yes,2026-07-30T20:12:28.577992
SCR-002427,CRC-GLB-301,SITE-0019,INV-0038,USA,2025-10-01,SO,69,Male,Eligible,,Yes,2026-07-30T20:12:28.577992
SCR-002428,CRC-GLB-301,SITE-0050,INV-0100,ZAF,2025-09-28,GL,84,Male,Screen Failure,Inclusion Criteria Not Met,Yes,2026-07-30T20:12:28.577992
SCR-002429,CRC-GLB-301,SITE-0061,INV-0122,KEN,2025-11-11,BA,72,Male,Eligible,,Yes,2026-07-30T20:12:28.577992
SCR-002430,CRC-GLB-301,SITE-0047,INV-0094,DEU,2025-10-19,LJ,48,Male,Screen Failure,Inclusion Criteria Not Met,Yes,2026-07-30T20:12:28.577992
SCR-002431,CRC-GLB-301,SITE-0003,INV-0005,IND,2025-03-09,LS,63,Female,Eligible,,Yes,2026-07-30T20:12:28.577992
SCR-002432,CRC-GLB-301,SITE-0024,INV-0048,USA,2025-06-04,ZO,18,Female,Screen Failure,Inclusion Criteria Not Met,Yes,2026-07-30T20:12:28.577992
SCR-002433,CRC-GLB-301,SITE-0018,INV-0035,USA,2025-07-04,II,33,Female,Screen Failure,Withdrew Consent,Yes,2026-07-30T20:12:28.577992
SCR-002434,CRC-GLB-301,SITE-0063,INV-0126,KEN,2025-05-29,SR,35,Female,Eligible,,Yes,2026-07-30T20:12:28.577992
SCR-002435,CRC-GLB-301,SITE-0038,INV-0076,GBR,2025-02-08,CR,36,Female,Screen Failure,Exclusion Criteria Met,Yes,2026-07-30T20:12:28.577992
SCR-002436,CRC-GLB-301,SITE-0012,INV-0024,SGP,2025-03-12,LE,36,Female,Eligible,,Yes,2026-07-30T20:12:28.577992
SCR-002437,CRC-GLB-301,SITE-0043,INV-0085,DEU,2025-08-19,BS,51,Female,Eligible,,Yes,2026-07-30T20:12:28.577992
SCR-002438,CRC-GLB-301,SITE-0035,INV-0069,GBR,2025-02-23,VJ,55,Female,Eligible,,Yes,2026-07-30T20:12:28.577992
SCR-002439,CRC-GLB-301,SITE-0063,INV-0125,KEN,2025-06-13,LN,18,Male,Eligible,,Yes,2026-07-30T20:12:28.577992
SCR-002440,CRC-GLB-301,SITE-0017,INV-0034,USA,2025-09-12,VS,20,Male,Eligible,,Yes,2026-07-30T20:12:28.577992
SCR-002441,CRC-GLB-301,SITE-0009,INV-0018,SGP,2025-04-23,YX,70,Female,Eligible,,Yes,2026-07-30T20:12:28.577992
SCR-002442,CRC-GLB-301,SITE-0007,INV-0014,IND,2025-03-29,FD,78,Male,Eligible,,Yes,2026-07-30T20:12:28.577992
SCR-002443,CRC-GLB-301,SITE-0021,INV-0042,USA,2025-05-24,AC,84,Male,Eligible,,Yes,2026-07-30T20:12:28.577992
SCR-002444,CRC-GLB-301,SITE-0021,INV-0042,USA,2025-05-04,CZ,27,Female,Screen Failure,Withdrew Consent,Yes,2026-07-30T20:12:28.577992
SCR-002445,CRC-GLB-301,SITE-0048,INV-0095,DEU,2025-09-04,BU,25,Male,Eligible,,Yes,2026-07-30T20:12:28.577992
SCR-002446,CRC-GLB-301,SITE-0015,INV-0030,SGP,2025-01-01,PV,31,Male,Eligible,,Yes,2026-07-30T20:12:28.577992
SCR-002447,CRC-GLB-301,SITE-0041,INV-0081,DEU,2025-08-07,CW,64,Male,Eligible,,Yes,2026-07-30T20:12:28.577992
SCR-002448,CRC-GLB-301,SITE-0057,INV-0113,KEN,2025-10-19,DB,77,Male,Eligible,,Yes,2026-07-30T20:12:28.577992
SCR-002449,CRC-GLB-301,SITE-0056,INV-0112,ZAF,2025-12-15,AY,50,Male,Eligible,,Yes,2026-07-30T20:12:28.577992
SCR-002450,CRC-GLB-301,SITE-0040,INV-0080,GBR,2025-12-24,HV,36,Female,Eligible,,Yes,2026-07-30T20:12:28.577992
SCR-002451,CRC-GLB-301,SITE-0053,INV-0105,ZAF,2025-07-31,IP,53,Female,Eligible,,Yes,2026-07-30T20:12:28.577992
SCR-002452,CRC-GLB-301,SITE-0015,INV-0030,SGP,2025-11-16,UN,36,Female,Screen Failure,Inclusion Criteria Not Met,Yes,2026-07-30T20:12:28.577992
SCR-002453,CRC-GLB-301,SITE-0026,INV-0052,CAN,2025-10-03,CX,27,Male,Eligible,,Yes,2026-07-30T20:12:28.577992
SCR-002454,CRC-GLB-301,SITE-0034,INV-0068,GBR,2025-01-24,DU,69,Male,Eligible,,Yes,2026-07-30T20:12:28.577992
SCR-002455,CRC-GLB-301,SITE-0024,INV-0047,USA,2025-08-28,XF,64,Female,Eligible,,Yes,2026-07-30T20:12:28.577992
SCR-002456,CRC-GLB-301,SITE-0033,INV-0065,GBR,2025-06-22,WD,85,Male,Eligible,,Yes,2026-07-30T20:12:28.577992
SCR-002457,CRC-GLB-301,SITE-0052,INV-0104,ZAF,2025-10-07,LT,75,Male,Eligible,,Yes,2026-07-30T20:12:28.577992
SCR-002458,CRC-GLB-301,SITE-0029,INV-0058,CAN,2025-06-03,YN,56,Male,Eligible,,Yes,2026-07-30T20:12:28.577992
SCR-002459,CRC-GLB-301,SITE-0041,INV-0081,DEU,2025-07-15,XU,56,Female,Eligible,,Yes,2026-07-30T20:12:28.577992
SCR-002460,CRC-GLB-301,SITE-0018,INV-0035,USA,2025-06-19,IL,74,Female,Eligible,,Yes,2026-07-30T20:12:28.577992
SCR-002461,CRC-GLB-301,SITE-0007,INV-0014,IND,2025-08-18,QJ,64,Female,Screen Failure,Abnormal Laboratory Values,Yes,2026-07-30T20:12:28.577992
SCR-002462,CRC-GLB-301,SITE-0021,INV-0041,USA,2025-01-05,PO,60,Female,Screen Failure,Exclusion Criteria Met,Yes,2026-07-30T20:12:28.577992
SCR-002463,CRC-GLB-301,SITE-0014,INV-0027,SGP,2025-09-10,QI,21,Male,Eligible,,Yes,2026-07-30T20:12:28.577992
SCR-002464,CRC-GLB-301,SITE-0030,INV-0059,CAN,2025-02-12,ZM,82,Female,Eligible,,Yes,2026-07-30T20:12:28.577992
SCR-002465,CRC-GLB-301,SITE-0013,INV-0025,SGP,2025-03-14,IH,74,Female,Eligible,,Yes,2026-07-30T20:12:28.577992
SCR-002466,CRC-GLB-301,SITE-0007,INV-0013,IND,2025-03-28,QK,65,Male,Eligible,,Yes,2026-07-30T20:12:28.577992
SCR-002467,CRC-GLB-301,SITE-0041,INV-0082,DEU,2025-12-24,YR,18,Male,Eligible,,Yes,2026-07-30T20:12:28.577992
SCR-002468,CRC-GLB-301,SITE-0018,INV-0035,USA,2025-08-13,XU,63,Male,Eligible,,Yes,2026-07-30T20:12:28.577992
SCR-002469,CRC-GLB-301,SITE-0002,INV-0003,IND,2025-08-02,TS,24,Male,Eligible,,Yes,2026-07-30T20:12:28.577992
SCR-002470,CRC-GLB-301,SITE-0041,INV-0081,DEU,2025-06-22,FS,41,Female,Eligible,,Yes,2026-07-30T20:12:28.577992
SCR-002471,CRC-GLB-301,SITE-0034,INV-0068,GBR,2025-11-21,XI,74,Female,Eligible,,Yes,2026-07-30T20:12:28.577992
SCR-002472,CRC-GLB-301,SITE-0006,INV-0012,IND,2025-08-15,SV,77,Male,Screen Failure,Inclusion Criteria Not Met,Yes,2026-07-30T20:12:28.577992
SCR-002473,CRC-GLB-301,SITE-0046,INV-0092,DEU,2025-04-29,RV,24,Male,Screen Failure,Inclusion Criteria Not Met,Yes,2026-07-30T20:12:28.577992
SCR-002474,CRC-GLB-301,SITE-0051,INV-0102,ZAF,2025-12-13,QZ,19,Male,Eligible,,Yes,2026-07-30T20:12:28.577992
SCR-002475,CRC-GLB-301,SITE-0016,INV-0031,SGP,2025-05-23,JY,45,Female,Eligible,,Yes,2026-07-30T20:12:28.577992
SCR-002476,CRC-GLB-301,SITE-0006,INV-0012,IND,2025-02-06,OQ,30,Male,Screen Failure,Inclusion Criteria Not Met,Yes,2026-07-30T20:12:28.577992
SCR-002477,CRC-GLB-301,SITE-0044,INV-0087,DEU,2025-10-07,JT,49,Female,Eligible,,Yes,2026-07-30T20:12:28.577992
SCR-002478,CRC-GLB-301,SITE-0044,INV-0087,DEU,2025-07-05,KA,70,Female,Screen Failure,Inclusion Criteria Not Met,Yes,2026-07-30T20:12:28.577992
SCR-002479,CRC-GLB-301,SITE-0002,INV-0003,IND,2025-07-23,OY,25,Male,Eligible,,Yes,2026-07-30T20:12:28.577992
SCR-002480,CRC-GLB-301,SITE-0050,INV-0100,ZAF,2025-05-15,BS,48,Female,Screen Failure,Withdrew Consent,Yes,2026-07-30T20:12:28.577992
SCR-002481,CRC-GLB-301,SITE-0035,INV-0069,GBR,2025-04-22,RO,54,Female,Eligible,,Yes,2026-07-30T20:12:28.577992
SCR-002482,CRC-GLB-301,SITE-0048,INV-0095,DEU,2025-01-02,KL,38,Female,Screen Failure,Inclusion Criteria Not Met,Yes,2026-07-30T20:12:28.577992
SCR-002483,CRC-GLB-301,SITE-0042,INV-0083,DEU,2025-03-24,QV,27,Female,Screen Failure,Exclusion Criteria Met,Yes,2026-07-30T20:12:28.577992
SCR-002484,CRC-GLB-301,SITE-0028,INV-0056,CAN,2025-06-10,GX,41,Female,Eligible,,Yes,2026-07-30T20:12:28.577992
SCR-002485,CRC-GLB-301,SITE-0014,INV-0028,SGP,2025-10-03,GP,41,Male,Eligible,,Yes,2026-07-30T20:12:28.577992
SCR-002486,CRC-GLB-301,SITE-0029,INV-0057,CAN,2025-06-19,WB,22,Male,Screen Failure,Abnormal Laboratory Values,Yes,2026-07-30T20:12:28.577992
SCR-002487,CRC-GLB-301,SITE-0054,INV-0107,ZAF,2025-07-02,GQ,70,Female,Eligible,,Yes,2026-07-30T20:12:28.577992
SCR-002488,CRC-GLB-301,SITE-0032,INV-0063,CAN,2025-03-01,CK,46,Male,Screen Failure,Exclusion Criteria Met,Yes,2026-07-30T20:12:28.577992
SCR-002489,CRC-GLB-301,SITE-0001,INV-0002,IND,2025-12-14,IZ,76,Female,Eligible,,Yes,2026-07-30T20:12:28.577992
SCR-002490,CRC-GLB-301,SITE-0058,INV-0116,KEN,2025-10-17,WC,72,Female,Eligible,,Yes,2026-07-30T20:12:28.577992
SCR-002491,CRC-GLB-301,SITE-0022,INV-0044,USA,2025-01-24,GV,71,Male,Eligible,,Yes,2026-07-30T20:12:28.577992
SCR-002492,CRC-GLB-301,SITE-0002,INV-0003,IND,2025-08-23,JN,27,Female,Eligible,,Yes,2026-07-30T20:12:28.577992
SCR-002493,CRC-GLB-301,SITE-0060,INV-0120,KEN,2025-01-13,SD,74,Male,Eligible,,Yes,2026-07-30T20:12:28.577992
SCR-002494,CRC-GLB-301,SITE-0012,INV-0024,SGP,2025-03-24,FT,18,Male,Eligible,,Yes,2026-07-30T20:12:28.577992
SCR-002495,CRC-GLB-301,SITE-0025,INV-0050,CAN,2025-12-25,YC,39,Male,Eligible,,Yes,2026-07-30T20:12:28.577992
SCR-002496,CRC-GLB-301,SITE-0046,INV-0091,DEU,2025-09-25,OM,18,Female,Eligible,,Yes,2026-07-30T20:12:28.577992
SCR-002497,CRC-GLB-301,SITE-0013,INV-0026,SGP,2025-02-24,UN,45,Female,Eligible,,Yes,2026-07-30T20:12:28.577992
SCR-002498,CRC-GLB-301,SITE-0043,INV-0085,DEU,2025-10-19,TR,78,Male,Screen Failure,Abnormal Laboratory Values,Yes,2026-07-30T20:12:28.577992
SCR-002499,CRC-GLB-301,SITE-0013,INV-0026,SGP,2025-12-29,BZ,61,Male,Screen Failure,Inclusion Criteria Not Met,Yes,2026-07-30T20:12:28.577992
SCR-002500,CRC-GLB-301,SITE-0062,INV-0123,KEN,2025-02-04,OJ,37,Female,Eligible,,Yes,2026-07-30T20:12:28.577992
SCR-002501,CRC-GLB-301,SITE-0023,INV-0046,USA,2025-06-09,WR,83,Male,Screen Failure,Abnormal Laboratory Values,Yes,2026-07-30T20:12:28.577992
SCR-002502,CRC-GLB-301,SITE-0022,INV-0044,USA,2025-03-25,AE,45,Female,Eligible,,Yes,2026-07-30T20:12:28.577992
SCR-002503,CRC-GLB-301,SITE-0017,INV-0033,USA,2025-03-11,RE,50,Male,Eligible,,Yes,2026-07-30T20:12:28.577992
SCR-002504,CRC-GLB-301,SITE-0036,INV-0072,GBR,2025-05-23,RT,85,Male,Screen Failure,Withdrew Consent,Yes,2026-07-30T20:12:28.577992
SCR-002505,CRC-GLB-301,SITE-0009,INV-0018,SGP,2025-07-04,PS,19,Male,Eligible,,Yes,2026-07-30T20:12:28.577992
SCR-002506,CRC-GLB-301,SITE-0002,INV-0003,IND,2025-01-19,QZ,53,Male,Eligible,,Yes,2026-07-30T20:12:28.577992
SCR-002507,CRC-GLB-301,SITE-0029,INV-0057,CAN,2025-08-13,MW,34,Male,Screen Failure,Exclusion Criteria Met,Yes,2026-07-30T20:12:28.577992
SCR-002508,CRC-GLB-301,SITE-0032,INV-0064,CAN,2025-04-10,BU,34,Male,Eligible,,Yes,2026-07-30T20:12:28.577992
SCR-002509,CRC-GLB-301,SITE-0054,INV-0108,ZAF,2025-07-28,GF,25,Female,Screen Failure,Inclusion Criteria Not Met,Yes,2026-07-30T20:12:28.577992
SCR-002510,CRC-GLB-301,SITE-0030,INV-0060,CAN,2025-08-24,JX,30,Male,Screen Failure,Withdrew Consent,Yes,2026-07-30T20:12:28.577992
SCR-002511,CRC-GLB-301,SITE-0017,INV-0033,USA,2025-12-17,AE,29,Female,Eligible,,Yes,2026-07-30T20:12:28.577992
SCR-002512,CRC-GLB-301,SITE-0010,INV-0020,SGP,2025-07-13,WB,38,Male,Screen Failure,Abnormal Laboratory Values,Yes,2026-07-30T20:12:28.577992
SCR-002513,CRC-GLB-301,SITE-0016,INV-0031,SGP,2025-05-15,GZ,53,Male,Eligible,,Yes,2026-07-30T20:12:28.577992
SCR-002514,CRC-GLB-301,SITE-0050,INV-0100,ZAF,2025-03-25,DC,43,Male,Eligible,,Yes,2026-07-30T20:12:28.577992
SCR-002515,CRC-GLB-301,SITE-0054,INV-0108,ZAF,2025-01-08,NJ,65,Female,Eligible,,Yes,2026-07-30T20:12:28.577992
SCR-002516,CRC-GLB-301,SITE-0051,INV-0102,ZAF,2025-07-16,GK,37,Male,Screen Failure,Inclusion Criteria Not Met,Yes,2026-07-30T20:12:28.577992
SCR-002517,CRC-GLB-301,SITE-0051,INV-0102,ZAF,2025-07-05,BP,50,Female,Eligible,,Yes,2026-07-30T20:12:28.577992
SCR-002518,CRC-GLB-301,SITE-0005,INV-0010,IND,2025-08-09,KF,57,Male,Eligible,,Yes,2026-07-30T20:12:28.577992
SCR-002519,CRC-GLB-301,SITE-0029,INV-0058,CAN,2025-06-26,AQ,66,Male,Eligible,,Yes,2026-07-30T20:12:28.577992
SCR-002520,CRC-GLB-301,SITE-0059,INV-0117,KEN,2025-03-08,WK,73,Male,Eligible,,Yes,2026-07-30T20:12:28.577992
SCR-002521,CRC-GLB-301,SITE-0012,INV-0024,SGP,2025-03-17,GU,35,Female,Eligible,,Yes,2026-07-30T20:12:28.577992
SCR-002522,CRC-GLB-301,SITE-0042,INV-0084,DEU,2025-12-11,DR,83,Male,Eligible,,Yes,2026-07-30T20:12:28.577992
SCR-002523,CRC-GLB-301,SITE-0064,INV-0127,KEN,2025-11-15,YD,48,Female,Eligible,,Yes,2026-07-30T20:12:28.577992
SCR-002524,CRC-GLB-301,SITE-0011,INV-0022,SGP,2025-05-15,FO,48,Male,Eligible,,Yes,2026-07-30T20:12:28.577992
SCR-002525,CRC-GLB-301,SITE-0037,INV-0074,GBR,2025-07-07,RJ,48,Male,Screen Failure,Exclusion Criteria Met,Yes,2026-07-30T20:12:28.577992
SCR-002526,CRC-GLB-301,SITE-0032,INV-0064,CAN,2025-04-14,YA,48,Male,Eligible,,Yes,2026-07-30T20:12:28.577992
SCR-002527,CRC-GLB-301,SITE-0011,INV-0022,SGP,2025-12-09,NK,65,Female,Eligible,,Yes,2026-07-30T20:12:28.577992
SCR-002528,CRC-GLB-301,SITE-0048,INV-0096,DEU,2025-12-20,OG,60,Female,Screen Failure,Withdrew Consent,Yes,2026-07-30T20:12:28.577992
SCR-002529,CRC-GLB-301,SITE-0052,INV-0104,ZAF,2025-11-22,IF,48,Female,Eligible,,Yes,2026-07-30T20:12:28.577992
SCR-002530,CRC-GLB-301,SITE-0048,INV-0096,DEU,2025-07-21,KS,82,Female,Screen Failure,Abnormal Laboratory Values,Yes,2026-07-30T20:12:28.577992
SCR-002531,CRC-GLB-301,SITE-0009,INV-0018,SGP,2025-04-17,XD,40,Female,Eligible,,Yes,2026-07-30T20:12:28.577992
SCR-002532,CRC-GLB-301,SITE-0037,INV-0074,GBR,2025-10-02,SA,60,Female,Screen Failure,Inclusion Criteria Not Met,Yes,2026-07-30T20:12:28.577992
SCR-002533,CRC-GLB-301,SITE-0012,INV-0024,SGP,2025-04-05,TP,59,Female,Eligible,,Yes,2026-07-30T20:12:28.577992
SCR-002534,CRC-GLB-301,SITE-0049,INV-0098,ZAF,2025-06-04,VE,48,Male,Eligible,,Yes,2026-07-30T20:12:28.577992
SCR-002535,CRC-GLB-301,SITE-0059,INV-0118,KEN,2025-03-11,GU,33,Female,Eligible,,Yes,2026-07-30T20:12:28.577992
SCR-002536,CRC-GLB-301,SITE-0024,INV-0048,USA,2025-05-27,BR,51,Male,Screen Failure,Inclusion Criteria Not Met,Yes,2026-07-30T20:12:28.577992
SCR-002537,CRC-GLB-301,SITE-0032,INV-0063,CAN,2025-08-01,VH,58,Female,Eligible,,Yes,2026-07-30T20:12:28.577992
SCR-002538,CRC-GLB-301,SITE-0028,INV-0055,CAN,2025-08-20,OF,76,Male,Eligible,,Yes,2026-07-30T20:12:28.577992
SCR-002539,CRC-GLB-301,SITE-0014,INV-0027,SGP,2025-01-16,NR,33,Female,Eligible,,Yes,2026-07-30T20:12:28.577992
SCR-002540,CRC-GLB-301,SITE-0046,INV-0091,DEU,2025-03-14,YC,75,Male,Eligible,,Yes,2026-07-30T20:12:28.577992
SCR-002541,CRC-GLB-301,SITE-0036,INV-0072,GBR,2025-03-22,FV,53,Male,Eligible,,Yes,2026-07-30T20:12:28.577992
SCR-002542,CRC-GLB-301,SITE-0056,INV-0112,ZAF,2025-05-13,GR,81,Male,Eligible,,Yes,2026-07-30T20:12:28.577992
SCR-002543,CRC-GLB-301,SITE-0015,INV-0030,SGP,2025-11-26,ZW,21,Female,Screen Failure,Exclusion Criteria Met,Yes,2026-07-30T20:12:28.577992
SCR-002544,CRC-GLB-301,SITE-0044,INV-0087,DEU,2025-04-24,XM,34,Female,Eligible,,Yes,2026-07-30T20:12:28.577992
SCR-002545,CRC-GLB-301,SITE-0052,INV-0104,ZAF,2025-07-28,EM,32,Female,Eligible,,Yes,2026-07-30T20:12:28.577992
SCR-002546,CRC-GLB-301,SITE-0008,INV-0015,IND,2025-11-19,SV,74,Male,Eligible,,Yes,2026-07-30T20:12:28.577992
SCR-002547,CRC-GLB-301,SITE-0004,INV-0008,IND,2025-06-16,QR,23,Male,Eligible,,Yes,2026-07-30T20:12:28.577992
SCR-002548,CRC-GLB-301,SITE-0004,INV-0007,IND,2025-09-05,WE,34,Male,Eligible,,Yes,2026-07-30T20:12:28.577992
SCR-002549,CRC-GLB-301,SITE-0040,INV-0079,GBR,2025-06-13,MW,42,Male,Eligible,,Yes,2026-07-30T20:12:28.577992
SCR-002550,CRC-GLB-301,SITE-0055,INV-0109,ZAF,2025-11-06,HZ,33,Male,Eligible,,Yes,2026-07-30T20:12:28.577992
SCR-002551,CRC-GLB-301,SITE-0051,INV-0101,ZAF,2025-09-11,ZX,43,Male,Eligible,,Yes,2026-07-30T20:12:28.577992
SCR-002552,CRC-GLB-301,SITE-0026,INV-0052,CAN,2025-11-15,IS,84,Female,Eligible,,Yes,2026-07-30T20:12:28.577992
SCR-002553,CRC-GLB-301,SITE-0023,INV-0045,USA,2025-10-22,SW,49,Female,Screen Failure,Exclusion Criteria Met,Yes,2026-07-30T20:12:28.577992
SCR-002554,CRC-GLB-301,SITE-0017,INV-0034,USA,2025-12-04,RX,36,Male,Screen Failure,Abnormal Laboratory Values,Yes,2026-07-30T20:12:28.577992
SCR-002555,CRC-GLB-301,SITE-0020,INV-0040,USA,2025-04-27,SE,84,Male,Eligible,,Yes,2026-07-30T20:12:28.577992
SCR-002556,CRC-GLB-301,SITE-0001,INV-0002,IND,2025-08-31,RV,46,Female,Screen Failure,Abnormal Laboratory Values,Yes,2026-07-30T20:12:28.577992
SCR-002557,CRC-GLB-301,SITE-0029,INV-0057,CAN,2025-04-27,LC,62,Male,Eligible,,Yes,2026-07-30T20:12:28.577992
SCR-002558,CRC-GLB-301,SITE-0061,INV-0122,KEN,2025-02-16,XO,76,Male,Eligible,,Yes,2026-07-30T20:12:28.577992
SCR-002559,CRC-GLB-301,SITE-0024,INV-0048,USA,2025-11-07,MY,82,Male,Eligible,,Yes,2026-07-30T20:12:28.577992
SCR-002560,CRC-GLB-301,SITE-0026,INV-0052,CAN,2025-01-20,CM,37,Female,Eligible,,Yes,2026-07-30T20:12:28.577992
SCR-002561,CRC-GLB-301,SITE-0013,INV-0026,SGP,2025-10-13,RQ,41,Male,Screen Failure,Exclusion Criteria Met,Yes,2026-07-30T20:12:28.577992
SCR-002562,CRC-GLB-301,SITE-0064,INV-0128,KEN,2025-12-29,TN,51,Female,Eligible,,Yes,2026-07-30T20:12:28.577992
SCR-002563,CRC-GLB-301,SITE-0062,INV-0123,KEN,2025-06-16,LG,36,Male,Eligible,,Yes,2026-07-30T20:12:28.577992
SCR-002564,CRC-GLB-301,SITE-0028,INV-0055,CAN,2025-03-14,YX,83,Male,Eligible,,Yes,2026-07-30T20:12:28.577992
SCR-002565,CRC-GLB-301,SITE-0014,INV-0028,SGP,2025-05-10,ZI,37,Male,Eligible,,Yes,2026-07-30T20:12:28.577992
SCR-002566,CRC-GLB-301,SITE-0023,INV-0046,USA,2025-07-27,BE,61,Male,Eligible,,Yes,2026-07-30T20:12:28.577992
SCR-002567,CRC-GLB-301,SITE-0048,INV-0095,DEU,2025-07-19,GX,79,Male,Eligible,,Yes,2026-07-30T20:12:28.577992
SCR-002568,CRC-GLB-301,SITE-0009,INV-0017,SGP,2025-09-30,BK,80,Female,Eligible,,Yes,2026-07-30T20:12:28.577992
SCR-002569,CRC-GLB-301,SITE-0014,INV-0027,SGP,2025-09-06,RF,57,Male,Screen Failure,Inclusion Criteria Not Met,Yes,2026-07-30T20:12:28.577992
SCR-002570,CRC-GLB-301,SITE-0042,INV-0083,DEU,2025-12-04,BU,40,Female,Screen Failure,Inclusion Criteria Not Met,Yes,2026-07-30T20:12:28.577992
SCR-002571,CRC-GLB-301,SITE-0008,INV-0016,IND,2025-12-06,KO,78,Female,Eligible,,Yes,2026-07-30T20:12:28.577992
SCR-002572,CRC-GLB-301,SITE-0050,INV-0099,ZAF,2025-05-22,UB,58,Female,Screen Failure,Abnormal Laboratory Values,Yes,2026-07-30T20:12:28.577992
SCR-002573,CRC-GLB-301,SITE-0010,INV-0019,SGP,2025-11-17,RJ,72,Female,Eligible,,Yes,2026-07-30T20:12:28.577992
SCR-002574,CRC-GLB-301,SITE-0010,INV-0019,SGP,2025-10-17,TR,60,Female,Eligible,,Yes,2026-07-30T20:12:28.577992
SCR-002575,CRC-GLB-301,SITE-0035,INV-0069,GBR,2025-10-19,YC,66,Male,Eligible,,Yes,2026-07-30T20:12:28.577992
SCR-002576,CRC-GLB-301,SITE-0042,INV-0084,DEU,2025-10-08,MU,25,Female,Eligible,,Yes,2026-07-30T20:12:28.577992
SCR-002577,CRC-GLB-301,SITE-0001,INV-0001,IND,2025-05-10,EZ,19,Male,Screen Failure,Inclusion Criteria Not Met,Yes,2026-07-30T20:12:28.577992
SCR-002578,CRC-GLB-301,SITE-0064,INV-0127,KEN,2025-03-11,SC,57,Male,Eligible,,Yes,2026-07-30T20:12:28.577992
SCR-002579,CRC-GLB-301,SITE-0026,INV-0051,CAN,2025-08-09,XQ,77,Female,Eligible,,Yes,2026-07-30T20:12:28.577992
SCR-002580,CRC-GLB-301,SITE-0052,INV-0103,ZAF,2025-10-17,YM,27,Male,Eligible,,Yes,2026-07-30T20:12:28.577992
SCR-002581,CRC-GLB-301,SITE-0055,INV-0110,ZAF,2025-09-05,GU,41,Male,Eligible,,Yes,2026-07-30T20:12:28.577992
SCR-002582,CRC-GLB-301,SITE-0057,INV-0114,KEN,2025-08-24,YS,85,Female,Screen Failure,Inclusion Criteria Not Met,Yes,2026-07-30T20:12:28.577992
SCR-002583,CRC-GLB-301,SITE-0054,INV-0108,ZAF,2025-05-02,VY,57,Male,Eligible,,Yes,2026-07-30T20:12:28.577992
SCR-002584,CRC-GLB-301,SITE-0015,INV-0029,SGP,2025-11-19,UI,42,Male,Eligible,,Yes,2026-07-30T20:12:28.577992
SCR-002585,CRC-GLB-301,SITE-0043,INV-0085,DEU,2025-04-30,DB,33,Male,Eligible,,Yes,2026-07-30T20:12:28.577992
SCR-002586,CRC-GLB-301,SITE-0046,INV-0091,DEU,2025-06-28,MJ,54,Female,Eligible,,Yes,2026-07-30T20:12:28.577992
SCR-002587,CRC-GLB-301,SITE-0037,INV-0074,GBR,2025-01-04,SA,71,Female,Eligible,,Yes,2026-07-30T20:12:28.577992
SCR-002588,CRC-GLB-301,SITE-0051,INV-0102,ZAF,2025-06-08,OT,81,Female,Eligible,,Yes,2026-07-30T20:12:28.577992
SCR-002589,CRC-GLB-301,SITE-0039,INV-0078,GBR,2025-10-31,LI,29,Female,Eligible,,Yes,2026-07-30T20:12:28.577992
SCR-002590,CRC-GLB-301,SITE-0026,INV-0052,CAN,2025-06-27,LZ,50,Female,Eligible,,Yes,2026-07-30T20:12:28.577992
SCR-002591,CRC-GLB-301,SITE-0005,INV-0009,IND,2025-05-06,JS,78,Male,Screen Failure,Withdrew Consent,Yes,2026-07-30T20:12:28.577992
SCR-002592,CRC-GLB-301,SITE-0005,INV-0010,IND,2025-10-17,LE,77,Female,Screen Failure,Abnormal Laboratory Values,Yes,2026-07-30T20:12:28.577992
SCR-002593,CRC-GLB-301,SITE-0011,INV-0021,SGP,2025-11-22,OJ,66,Male,Eligible,,Yes,2026-07-30T20:12:28.577992
SCR-002594,CRC-GLB-301,SITE-0042,INV-0083,DEU,2025-01-26,SP,19,Male,Eligible,,Yes,2026-07-30T20:12:28.577992
SCR-002595,CRC-GLB-301,SITE-0048,INV-0096,DEU,2025-02-26,EE,70,Male,Eligible,,Yes,2026-07-30T20:12:28.577992
SCR-002596,CRC-GLB-301,SITE-0055,INV-0110,ZAF,2025-05-01,ZW,55,Female,Eligible,,Yes,2026-07-30T20:12:28.577992
SCR-002597,CRC-GLB-301,SITE-0051,INV-0102,ZAF,2025-05-25,KL,56,Female,Eligible,,Yes,2026-07-30T20:12:28.577992
SCR-002598,CRC-GLB-301,SITE-0034,INV-0068,GBR,2025-04-24,HG,27,Female,Eligible,,Yes,2026-07-30T20:12:28.577992
SCR-002599,CRC-GLB-301,SITE-0016,INV-0032,SGP,2025-10-19,YP,49,Female,Eligible,,Yes,2026-07-30T20:12:28.577992
SCR-002600,CRC-GLB-301,SITE-0036,INV-0072,GBR,2025-05-26,FW,70,Female,Eligible,,Yes,2026-07-30T20:12:28.577992
SCR-002601,CRC-GLB-301,SITE-0003,INV-0005,IND,2025-03-16,FP,82,Female,Eligible,,Yes,2026-07-30T20:12:28.577992
SCR-002602,CRC-GLB-301,SITE-0017,INV-0034,USA,2025-04-22,ZR,84,Female,Eligible,,Yes,2026-07-30T20:12:28.577992
SCR-002603,CRC-GLB-301,SITE-0013,INV-0025,SGP,2025-03-22,CA,75,Male,Eligible,,Yes,2026-07-30T20:12:28.577992
SCR-002604,CRC-GLB-301,SITE-0008,INV-0015,IND,2025-02-28,WT,79,Female,Eligible,,Yes,2026-07-30T20:12:28.577992
SCR-002605,CRC-GLB-301,SITE-0039,INV-0078,GBR,2025-04-09,HS,70,Female,Eligible,,Yes,2026-07-30T20:12:28.577992
SCR-002606,CRC-GLB-301,SITE-0044,INV-0088,DEU,2025-10-27,DU,22,Male,Eligible,,Yes,2026-07-30T20:12:28.577992
SCR-002607,CRC-GLB-301,SITE-0002,INV-0003,IND,2025-06-04,HL,56,Female,Eligible,,Yes,2026-07-30T20:12:28.577992
SCR-002608,CRC-GLB-301,SITE-0009,INV-0017,SGP,2025-11-09,FB,21,Male,Eligible,,Yes,2026-07-30T20:12:28.577992
SCR-002609,CRC-GLB-301,SITE-0046,INV-0091,DEU,2025-03-11,UF,77,Female,Eligible,,Yes,2026-07-30T20:12:28.577992
SCR-002610,CRC-GLB-301,SITE-0051,INV-0102,ZAF,2025-09-28,SK,60,Female,Eligible,,Yes,2026-07-30T20:12:28.577992
SCR-002611,CRC-GLB-301,SITE-0061,INV-0121,KEN,2025-02-10,XP,26,Female,Screen Failure,Withdrew Consent,Yes,2026-07-30T20:12:28.577992
SCR-002612,CRC-GLB-301,SITE-0047,INV-0094,DEU,2025-04-07,GI,67,Male,Eligible,,Yes,2026-07-30T20:12:28.577992
SCR-002613,CRC-GLB-301,SITE-0011,INV-0021,SGP,2025-04-25,YO,24,Male,Eligible,,Yes,2026-07-30T20:12:28.577992
SCR-002614,CRC-GLB-301,SITE-0038,INV-0075,GBR,2025-04-08,VE,35,Male,Eligible,,Yes,2026-07-30T20:12:28.577992
SCR-002615,CRC-GLB-301,SITE-0032,INV-0063,CAN,2025-06-08,LE,70,Male,Eligible,,Yes,2026-07-30T20:12:28.577992
SCR-002616,CRC-GLB-301,SITE-0014,INV-0027,SGP,2025-06-04,GL,71,Female,Eligible,,Yes,2026-07-30T20:12:28.577992
SCR-002617,CRC-GLB-301,SITE-0004,INV-0007,IND,2025-10-10,UZ,58,Male,Eligible,,Yes,2026-07-30T20:12:28.577992
SCR-002618,CRC-GLB-301,SITE-0036,INV-0072,GBR,2025-10-26,YD,29,Female,Eligible,,Yes,2026-07-30T20:12:28.577992
SCR-002619,CRC-GLB-301,SITE-0057,INV-0114,KEN,2025-08-27,GZ,56,Male,Screen Failure,Inclusion Criteria Not Met,Yes,2026-07-30T20:12:28.577992
SCR-002620,CRC-GLB-301,SITE-0041,INV-0081,DEU,2025-03-21,FU,64,Male,Eligible,,Yes,2026-07-30T20:12:28.577992
SCR-002621,CRC-GLB-301,SITE-0021,INV-0041,USA,2025-08-05,KE,61,Male,Screen Failure,Abnormal Laboratory Values,Yes,2026-07-30T20:12:28.577992
SCR-002622,CRC-GLB-301,SITE-0026,INV-0051,CAN,2025-09-24,ZQ,47,Male,Screen Failure,Exclusion Criteria Met,Yes,2026-07-30T20:12:28.577992
SCR-002623,CRC-GLB-301,SITE-0018,INV-0035,USA,2025-03-10,IO,31,Male,Eligible,,Yes,2026-07-30T20:12:28.577992
SCR-002624,CRC-GLB-301,SITE-0027,INV-0053,CAN,2025-01-12,FG,77,Female,Screen Failure,Exclusion Criteria Met,Yes,2026-07-30T20:12:28.577992
SCR-002625,CRC-GLB-301,SITE-0009,INV-0017,SGP,2025-12-10,XU,64,Male,Eligible,,Yes,2026-07-30T20:12:28.577992
SCR-002626,CRC-GLB-301,SITE-0057,INV-0114,KEN,2025-09-02,PJ,58,Male,Screen Failure,Exclusion Criteria Met,Yes,2026-07-30T20:12:28.577992
SCR-002627,CRC-GLB-301,SITE-0008,INV-0015,IND,2025-05-23,QF,28,Male,Eligible,,Yes,2026-07-30T20:12:28.577992
SCR-002628,CRC-GLB-301,SITE-0030,INV-0060,CAN,2025-09-07,EA,52,Male,Eligible,,Yes,2026-07-30T20:12:28.577992
SCR-002629,CRC-GLB-301,SITE-0006,INV-0011,IND,2025-10-04,HB,20,Male,Eligible,,Yes,2026-07-30T20:12:28.577992
SCR-002630,CRC-GLB-301,SITE-0059,INV-0117,KEN,2025-03-25,RD,24,Female,Eligible,,Yes,2026-07-30T20:12:28.577992
SCR-002631,CRC-GLB-301,SITE-0008,INV-0016,IND,2025-07-31,XG,77,Male,Eligible,,Yes,2026-07-30T20:12:28.577992
SCR-002632,CRC-GLB-301,SITE-0061,INV-0122,KEN,2025-06-14,VK,41,Female,Eligible,,Yes,2026-07-30T20:12:28.577992
SCR-002633,CRC-GLB-301,SITE-0007,INV-0014,IND,2025-07-04,QF,74,Male,Eligible,,Yes,2026-07-30T20:12:28.577992
SCR-002634,CRC-GLB-301,SITE-0061,INV-0121,KEN,2025-06-23,NY,41,Male,Eligible,,Yes,2026-07-30T20:12:28.577992
SCR-002635,CRC-GLB-301,SITE-0041,INV-0081,DEU,2025-10-27,UI,68,Female,Eligible,,Yes,2026-07-30T20:12:28.577992
SCR-002636,CRC-GLB-301,SITE-0033,INV-0065,GBR,2025-05-07,MQ,75,Male,Eligible,,Yes,2026-07-30T20:12:28.577992
SCR-002637,CRC-GLB-301,SITE-0024,INV-0047,USA,2025-02-13,CB,85,Female,Screen Failure,Exclusion Criteria Met,Yes,2026-07-30T20:12:28.577992
SCR-002638,CRC-GLB-301,SITE-0006,INV-0011,IND,2025-12-23,JR,71,Male,Eligible,,Yes,2026-07-30T20:12:28.577992
SCR-002639,CRC-GLB-301,SITE-0010,INV-0020,SGP,2025-09-06,HA,46,Male,Screen Failure,Inclusion Criteria Not Met,Yes,2026-07-30T20:12:28.577992
SCR-002640,CRC-GLB-301,SITE-0046,INV-0091,DEU,2025-10-28,ZQ,63,Male,Eligible,,Yes,2026-07-30T20:12:28.577992
SCR-002641,CRC-GLB-301,SITE-0041,INV-0081,DEU,2025-09-10,CE,81,Female,Eligible,,Yes,2026-07-30T20:12:28.577992
SCR-002642,CRC-GLB-301,SITE-0033,INV-0065,GBR,2025-04-23,OE,20,Female,Eligible,,Yes,2026-07-30T20:12:28.577992
SCR-002643,CRC-GLB-301,SITE-0038,INV-0075,GBR,2025-02-27,JJ,59,Female,Screen Failure,Exclusion Criteria Met,Yes,2026-07-30T20:12:28.577992
SCR-002644,CRC-GLB-301,SITE-0049,INV-0097,ZAF,2025-04-10,TA,43,Male,Eligible,,Yes,2026-07-30T20:12:28.577992
SCR-002645,CRC-GLB-301,SITE-0038,INV-0076,GBR,2025-06-04,LX,20,Female,Eligible,,Yes,2026-07-30T20:12:28.577992
SCR-002646,CRC-GLB-301,SITE-0064,INV-0128,KEN,2025-01-07,HA,39,Male,Eligible,,Yes,2026-07-30T20:12:28.577992
SCR-002647,CRC-GLB-301,SITE-0048,INV-0096,DEU,2025-02-06,PW,42,Female,Screen Failure,Abnormal Laboratory Values,Yes,2026-07-30T20:12:28.577992
SCR-002648,CRC-GLB-301,SITE-0064,INV-0128,KEN,2025-11-16,SE,72,Male,Eligible,,Yes,2026-07-30T20:12:28.577992
SCR-002649,CRC-GLB-301,SITE-0021,INV-0042,USA,2025-08-01,GE,81,Female,Eligible,,Yes,2026-07-30T20:12:28.577992
SCR-002650,CRC-GLB-301,SITE-0041,INV-0081,DEU,2025-03-23,XO,20,Female,Eligible,,Yes,2026-07-30T20:12:28.577992
SCR-002651,CRC-GLB-301,SITE-0011,INV-0022,SGP,2025-06-28,OD,35,Male,Eligible,,Yes,2026-07-30T20:12:28.577992
SCR-002652,CRC-GLB-301,SITE-0048,INV-0095,DEU,2025-03-19,PD,59,Female,Eligible,,Yes,2026-07-30T20:12:28.577992
SCR-002653,CRC-GLB-301,SITE-0028,INV-0055,CAN,2025-03-19,PI,69,Male,Eligible,,Yes,2026-07-30T20:12:28.577992
SCR-002654,CRC-GLB-301,SITE-0056,INV-0111,ZAF,2025-08-26,RV,70,Male,Eligible,,Yes,2026-07-30T20:12:28.577992
SCR-002655,CRC-GLB-301,SITE-0038,INV-0075,GBR,2025-01-22,LB,51,Male,Eligible,,Yes,2026-07-30T20:12:28.577992
SCR-002656,CRC-GLB-301,SITE-0044,INV-0087,DEU,2025-04-10,FC,23,Male,Eligible,,Yes,2026-07-30T20:12:28.577992
SCR-002657,CRC-GLB-301,SITE-0035,INV-0069,GBR,2025-02-02,VC,37,Male,Screen Failure,Exclusion Criteria Met,Yes,2026-07-30T20:12:28.577992
SCR-002658,CRC-GLB-301,SITE-0023,INV-0045,USA,2025-06-01,NX,32,Female,Screen Failure,Abnormal Laboratory Values,Yes,2026-07-30T20:12:28.577992
SCR-002659,CRC-GLB-301,SITE-0020,INV-0040,USA,2025-10-06,KM,69,Female,Eligible,,Yes,2026-07-30T20:12:28.577992
SCR-002660,CRC-GLB-301,SITE-0002,INV-0003,IND,2025-10-26,CI,25,Female,Eligible,,Yes,2026-07-30T20:12:28.577992
SCR-002661,CRC-GLB-301,SITE-0040,INV-0080,GBR,2025-03-10,VR,23,Female,Eligible,,Yes,2026-07-30T20:12:28.577992
SCR-002662,CRC-GLB-301,SITE-0023,INV-0046,USA,2025-11-23,NG,58,Female,Screen Failure,Withdrew Consent,Yes,2026-07-30T20:12:28.577992
SCR-002663,CRC-GLB-301,SITE-0050,INV-0100,ZAF,2025-05-25,YK,57,Male,Eligible,,Yes,2026-07-30T20:12:28.577992
SCR-002664,CRC-GLB-301,SITE-0056,INV-0111,ZAF,2025-04-22,HE,36,Female,Eligible,,Yes,2026-07-30T20:12:28.577992
SCR-002665,CRC-GLB-301,SITE-0019,INV-0037,USA,2025-02-08,FA,26,Male,Eligible,,Yes,2026-07-30T20:12:28.577992
SCR-002666,CRC-GLB-301,SITE-0037,INV-0073,GBR,2025-11-10,GF,32,Female,Eligible,,Yes,2026-07-30T20:12:28.577992
SCR-002667,CRC-GLB-301,SITE-0063,INV-0125,KEN,2025-02-16,MP,37,Female,Eligible,,Yes,2026-07-30T20:12:28.577992
SCR-002668,CRC-GLB-301,SITE-0036,INV-0071,GBR,2025-11-30,ES,32,Male,Eligible,,Yes,2026-07-30T20:12:28.577992
SCR-002669,CRC-GLB-301,SITE-0008,INV-0015,IND,2025-08-10,KA,39,Male,Eligible,,Yes,2026-07-30T20:12:28.577992
SCR-002670,CRC-GLB-301,SITE-0008,INV-0015,IND,2025-06-28,YT,61,Male,Eligible,,Yes,2026-07-30T20:12:28.577992
SCR-002671,CRC-GLB-301,SITE-0051,INV-0101,ZAF,2025-02-19,AQ,59,Male,Eligible,,Yes,2026-07-30T20:12:28.577992
SCR-002672,CRC-GLB-301,SITE-0035,INV-0069,GBR,2025-09-29,XO,18,Female,Eligible,,Yes,2026-07-30T20:12:28.577992
SCR-002673,CRC-GLB-301,SITE-0021,INV-0042,USA,2025-11-12,EU,25,Male,Eligible,,Yes,2026-07-30T20:12:28.577992
SCR-002674,CRC-GLB-301,SITE-0058,INV-0116,KEN,2025-10-01,SE,76,Female,Eligible,,Yes,2026-07-30T20:12:28.577992
SCR-002675,CRC-GLB-301,SITE-0032,INV-0063,CAN,2025-10-12,ZF,82,Female,Screen Failure,Exclusion Criteria Met,Yes,2026-07-30T20:12:28.577992
SCR-002676,CRC-GLB-301,SITE-0027,INV-0053,CAN,2025-09-05,KT,82,Female,Eligible,,Yes,2026-07-30T20:12:28.577992
SCR-002677,CRC-GLB-301,SITE-0015,INV-0030,SGP,2025-04-01,KC,73,Female,Eligible,,Yes,2026-07-30T20:12:28.577992
SCR-002678,CRC-GLB-301,SITE-0014,INV-0027,SGP,2025-02-08,ER,38,Male,Eligible,,Yes,2026-07-30T20:12:28.577992
SCR-002679,CRC-GLB-301,SITE-0029,INV-0057,CAN,2025-02-20,RW,46,Female,Eligible,,Yes,2026-07-30T20:12:28.577992
SCR-002680,CRC-GLB-301,SITE-0024,INV-0048,USA,2025-11-04,SB,79,Female,Eligible,,Yes,2026-07-30T20:12:28.577992
SCR-002681,CRC-GLB-301,SITE-0003,INV-0006,IND,2025-09-04,MC,23,Female,Eligible,,Yes,2026-07-30T20:12:28.577992
SCR-002682,CRC-GLB-301,SITE-0048,INV-0095,DEU,2025-11-22,XN,30,Female,Screen Failure,Inclusion Criteria Not Met,Yes,2026-07-30T20:12:28.577992
SCR-002683,CRC-GLB-301,SITE-0032,INV-0063,CAN,2025-11-15,DP,70,Male,Eligible,,Yes,2026-07-30T20:12:28.577992
SCR-002684,CRC-GLB-301,SITE-0059,INV-0117,KEN,2025-06-30,ZK,49,Female,Eligible,,Yes,2026-07-30T20:12:28.577992
SCR-002685,CRC-GLB-301,SITE-0045,INV-0090,DEU,2025-04-02,TA,37,Female,Eligible,,Yes,2026-07-30T20:12:28.577992
SCR-002686,CRC-GLB-301,SITE-0049,INV-0098,ZAF,2025-12-23,YK,67,Male,Eligible,,Yes,2026-07-30T20:12:28.577992
SCR-002687,CRC-GLB-301,SITE-0046,INV-0091,DEU,2025-03-12,IF,82,Male,Eligible,,Yes,2026-07-30T20:12:28.577992
SCR-002688,CRC-GLB-301,SITE-0044,INV-0088,DEU,2025-04-25,PR,19,Female,Eligible,,Yes,2026-07-30T20:12:28.577992
SCR-002689,CRC-GLB-301,SITE-0039,INV-0077,GBR,2025-10-24,WA,52,Female,Eligible,,Yes,2026-07-30T20:12:28.577992
SCR-002690,CRC-GLB-301,SITE-0019,INV-0038,USA,2025-08-05,PZ,26,Female,Eligible,,Yes,2026-07-30T20:12:28.577992
SCR-002691,CRC-GLB-301,SITE-0051,INV-0102,ZAF,2025-01-12,OO,76,Female,Eligible,,Yes,2026-07-30T20:12:28.577992
SCR-002692,CRC-GLB-301,SITE-0064,INV-0128,KEN,2025-10-14,JQ,54,Female,Eligible,,Yes,2026-07-30T20:12:28.577992
SCR-002693,CRC-GLB-301,SITE-0036,INV-0071,GBR,2025-09-18,FP,82,Female,Eligible,,Yes,2026-07-30T20:12:28.577992
SCR-002694,CRC-GLB-301,SITE-0015,INV-0030,SGP,2025-08-25,GV,84,Female,Eligible,,Yes,2026-07-30T20:12:28.577992
SCR-002695,CRC-GLB-301,SITE-0027,INV-0054,CAN,2025-07-14,HP,21,Female,Screen Failure,Inclusion Criteria Not Met,Yes,2026-07-30T20:12:28.577992
SCR-002696,CRC-GLB-301,SITE-0038,INV-0076,GBR,2025-01-06,UE,83,Female,Eligible,,Yes,2026-07-30T20:12:28.577992
SCR-002697,CRC-GLB-301,SITE-0002,INV-0004,IND,2025-03-29,DX,22,Male,Eligible,,Yes,2026-07-30T20:12:28.577992
SCR-002698,CRC-GLB-301,SITE-0052,INV-0103,ZAF,2025-08-23,BK,25,Male,Eligible,,Yes,2026-07-30T20:12:28.577992
SCR-002699,CRC-GLB-301,SITE-0023,INV-0046,USA,2025-10-01,VJ,31,Male,Eligible,,Yes,2026-07-30T20:12:28.577992
SCR-002700,CRC-GLB-301,SITE-0001,INV-0001,IND,2025-12-07,UI,57,Male,Eligible,,Yes,2026-07-30T20:12:28.577992
SCR-002701,CRC-GLB-301,SITE-0061,INV-0122,KEN,2025-02-24,OK,48,Male,Eligible,,Yes,2026-07-30T20:12:28.577992
SCR-002702,CRC-GLB-301,SITE-0020,INV-0040,USA,2025-01-07,BF,62,Female,Screen Failure,Abnormal Laboratory Values,Yes,2026-07-30T20:12:28.577992
SCR-002703,CRC-GLB-301,SITE-0052,INV-0103,ZAF,2025-10-31,XU,63,Male,Eligible,,Yes,2026-07-30T20:12:28.577992
SCR-002704,CRC-GLB-301,SITE-0003,INV-0006,IND,2025-07-18,HO,42,Female,Eligible,,Yes,2026-07-30T20:12:28.577992
SCR-002705,CRC-GLB-301,SITE-0038,INV-0076,GBR,2025-08-18,ON,79,Male,Eligible,,Yes,2026-07-30T20:12:28.577992
SCR-002706,CRC-GLB-301,SITE-0016,INV-0032,SGP,2025-08-01,WU,21,Male,Screen Failure,Exclusion Criteria Met,Yes,2026-07-30T20:12:28.577992
SCR-002707,CRC-GLB-301,SITE-0027,INV-0054,CAN,2025-07-10,XD,47,Female,Eligible,,Yes,2026-07-30T20:12:28.577992
SCR-002708,CRC-GLB-301,SITE-0038,INV-0076,GBR,2025-05-10,DP,23,Female,Eligible,,Yes,2026-07-30T20:12:28.577992
SCR-002709,CRC-GLB-301,SITE-0062,INV-0124,KEN,2025-12-07,IK,69,Female,Eligible,,Yes,2026-07-30T20:12:28.577992
SCR-002710,CRC-GLB-301,SITE-0022,INV-0044,USA,2025-01-20,JU,34,Male,Eligible,,Yes,2026-07-30T20:12:28.577992
SCR-002711,CRC-GLB-301,SITE-0042,INV-0084,DEU,2025-11-09,PW,35,Female,Eligible,,Yes,2026-07-30T20:12:28.577992
SCR-002712,CRC-GLB-301,SITE-0055,INV-0109,ZAF,2025-04-05,YE,19,Female,Eligible,,Yes,2026-07-30T20:12:28.577992
SCR-002713,CRC-GLB-301,SITE-0031,INV-0061,CAN,2025-11-22,QH,21,Female,Eligible,,Yes,2026-07-30T20:12:28.577992
SCR-002714,CRC-GLB-301,SITE-0064,INV-0128,KEN,2025-09-03,XH,54,Female,Eligible,,Yes,2026-07-30T20:12:28.577992
SCR-002715,CRC-GLB-301,SITE-0048,INV-0095,DEU,2025-11-04,LE,47,Male,Eligible,,Yes,2026-07-30T20:12:28.577992
SCR-002716,CRC-GLB-301,SITE-0041,INV-0081,DEU,2025-09-08,VZ,54,Female,Eligible,,Yes,2026-07-30T20:12:28.577992
SCR-002717,CRC-GLB-301,SITE-0045,INV-0089,DEU,2025-02-22,EV,25,Male,Eligible,,Yes,2026-07-30T20:12:28.577992
SCR-002718,CRC-GLB-301,SITE-0032,INV-0064,CAN,2025-12-04,EC,26,Female,Screen Failure,Exclusion Criteria Met,Yes,2026-07-30T20:12:28.577992
SCR-002719,CRC-GLB-301,SITE-0031,INV-0061,CAN,2025-09-11,EU,49,Female,Screen Failure,Withdrew Consent,Yes,2026-07-30T20:12:28.577992
SCR-002720,CRC-GLB-301,SITE-0042,INV-0084,DEU,2025-10-11,IE,57,Male,Eligible,,Yes,2026-07-30T20:12:28.577992
SCR-002721,CRC-GLB-301,SITE-0045,INV-0089,DEU,2025-02-21,KZ,59,Female,Screen Failure,Abnormal Laboratory Values,Yes,2026-07-30T20:12:28.577992
SCR-002722,CRC-GLB-301,SITE-0048,INV-0095,DEU,2025-02-04,BX,85,Male,Screen Failure,Withdrew Consent,Yes,2026-07-30T20:12:28.577992
SCR-002723,CRC-GLB-301,SITE-0047,INV-0094,DEU,2025-05-13,LH,78,Male,Screen Failure,Inclusion Criteria Not Met,Yes,2026-07-30T20:12:28.577992
SCR-002724,CRC-GLB-301,SITE-0047,INV-0093,DEU,2025-07-02,UH,85,Female,Eligible,,Yes,2026-07-30T20:12:28.577992
SCR-002725,CRC-GLB-301,SITE-0015,INV-0030,SGP,2025-03-02,JH,76,Male,Eligible,,Yes,2026-07-30T20:12:28.577992
SCR-002726,CRC-GLB-301,SITE-0034,INV-0068,GBR,2025-11-05,FI,80,Male,Eligible,,Yes,2026-07-30T20:12:28.577992
SCR-002727,CRC-GLB-301,SITE-0029,INV-0057,CAN,2025-03-05,NK,26,Male,Eligible,,Yes,2026-07-30T20:12:28.577992
SCR-002728,CRC-GLB-301,SITE-0031,INV-0061,CAN,2025-08-07,YN,82,Male,Eligible,,Yes,2026-07-30T20:12:28.577992
SCR-002729,CRC-GLB-301,SITE-0009,INV-0018,SGP,2025-03-31,MM,19,Female,Eligible,,Yes,2026-07-30T20:12:28.577992
SCR-002730,CRC-GLB-301,SITE-0056,INV-0111,ZAF,2025-06-11,RI,33,Female,Eligible,,Yes,2026-07-30T20:12:28.577992
SCR-002731,CRC-GLB-301,SITE-0040,INV-0080,GBR,2025-06-17,VF,59,Male,Eligible,,Yes,2026-07-30T20:12:28.577992
SCR-002732,CRC-GLB-301,SITE-0062,INV-0123,KEN,2025-02-21,NW,63,Female,Eligible,,Yes,2026-07-30T20:12:28.577992
SCR-002733,CRC-GLB-301,SITE-0062,INV-0123,KEN,2025-05-30,HJ,29,Female,Eligible,,Yes,2026-07-30T20:12:28.577992
SCR-002734,CRC-GLB-301,SITE-0057,INV-0114,KEN,2025-10-31,VP,26,Female,Screen Failure,Exclusion Criteria Met,Yes,2026-07-30T20:12:28.577992
SCR-002735,CRC-GLB-301,SITE-0029,INV-0057,CAN,2025-03-11,PO,66,Female,Screen Failure,Withdrew Consent,Yes,2026-07-30T20:12:28.577992
SCR-002736,CRC-GLB-301,SITE-0034,INV-0068,GBR,2025-11-09,PP,21,Male,Screen Failure,Inclusion Criteria Not Met,Yes,2026-07-30T20:12:28.577992
SCR-002737,CRC-GLB-301,SITE-0015,INV-0029,SGP,2025-09-03,FA,47,Female,Screen Failure,Abnormal Laboratory Values,Yes,2026-07-30T20:12:28.577992
SCR-002738,CRC-GLB-301,SITE-0021,INV-0041,USA,2025-12-27,CP,84,Female,Eligible,,Yes,2026-07-30T20:12:28.577992
SCR-002739,CRC-GLB-301,SITE-0037,INV-0073,GBR,2025-07-19,HY,84,Female,Screen Failure,Abnormal Laboratory Values,Yes,2026-07-30T20:12:28.577992
SCR-002740,CRC-GLB-301,SITE-0059,INV-0118,KEN,2025-08-13,EX,65,Female,Eligible,,Yes,2026-07-30T20:12:28.577992
SCR-002741,CRC-GLB-301,SITE-0043,INV-0086,DEU,2025-09-24,DN,32,Male,Eligible,,Yes,2026-07-30T20:12:28.577992
SCR-002742,CRC-GLB-301,SITE-0023,INV-0045,USA,2025-02-06,LP,27,Male,Eligible,,Yes,2026-07-30T20:12:28.577992
SCR-002743,CRC-GLB-301,SITE-0039,INV-0077,GBR,2025-11-24,PW,28,Female,Eligible,,Yes,2026-07-30T20:12:28.577992
SCR-002744,CRC-GLB-301,SITE-0002,INV-0004,IND,2025-10-25,NX,51,Female,Eligible,,Yes,2026-07-30T20:12:28.577992
SCR-002745,CRC-GLB-301,SITE-0013,INV-0026,SGP,2025-04-16,LT,38,Female,Eligible,,Yes,2026-07-30T20:12:28.577992
SCR-002746,CRC-GLB-301,SITE-0014,INV-0027,SGP,2025-04-22,QF,82,Female,Screen Failure,Exclusion Criteria Met,Yes,2026-07-30T20:12:28.577992
SCR-002747,CRC-GLB-301,SITE-0056,INV-0111,ZAF,2025-02-11,PP,80,Male,Eligible,,Yes,2026-07-30T20:12:28.577992
SCR-002748,CRC-GLB-301,SITE-0036,INV-0072,GBR,2025-10-23,AV,39,Male,Eligible,,Yes,2026-07-30T20:12:28.577992
SCR-002749,CRC-GLB-301,SITE-0057,INV-0114,KEN,2025-07-09,IO,72,Female,Screen Failure,Inclusion Criteria Not Met,Yes,2026-07-30T20:12:28.577992
SCR-002750,CRC-GLB-301,SITE-0027,INV-0053,CAN,2025-07-11,CV,58,Male,Eligible,,Yes,2026-07-30T20:12:28.577992
SCR-002751,CRC-GLB-301,SITE-0060,INV-0119,KEN,2025-12-09,ID,68,Male,Eligible,,Yes,2026-07-30T20:12:28.577992
SCR-002752,CRC-GLB-301,SITE-0016,INV-0031,SGP,2025-10-22,GP,19,Male,Eligible,,Yes,2026-07-30T20:12:28.577992
SCR-002753,CRC-GLB-301,SITE-0017,INV-0034,USA,2025-06-07,DW,62,Male,Eligible,,Yes,2026-07-30T20:12:28.577992
SCR-002754,CRC-GLB-301,SITE-0032,INV-0064,CAN,2025-01-22,OR,59,Male,Eligible,,Yes,2026-07-30T20:12:28.577992
SCR-002755,CRC-GLB-301,SITE-0016,INV-0031,SGP,2025-06-17,BD,45,Female,Screen Failure,Abnormal Laboratory Values,Yes,2026-07-30T20:12:28.577992
SCR-002756,CRC-GLB-301,SITE-0027,INV-0054,CAN,2025-02-05,XY,85,Female,Eligible,,Yes,2026-07-30T20:12:28.577992
SCR-002757,CRC-GLB-301,SITE-0027,INV-0054,CAN,2025-07-25,DL,45,Female,Eligible,,Yes,2026-07-30T20:12:28.577992
SCR-002758,CRC-GLB-301,SITE-0052,INV-0103,ZAF,2025-06-30,GQ,18,Female,Screen Failure,Exclusion Criteria Met,Yes,2026-07-30T20:12:28.577992
SCR-002759,CRC-GLB-301,SITE-0042,INV-0084,DEU,2025-02-16,JY,75,Male,Eligible,,Yes,2026-07-30T20:12:28.577992
SCR-002760,CRC-GLB-301,SITE-0012,INV-0024,SGP,2025-07-17,VG,80,Male,Eligible,,Yes,2026-07-30T20:12:28.577992
SCR-002761,CRC-GLB-301,SITE-0046,INV-0092,DEU,2025-03-01,CH,68,Male,Eligible,,Yes,2026-07-30T20:12:28.577992
SCR-002762,CRC-GLB-301,SITE-0018,INV-0035,USA,2025-08-30,ML,38,Female,Eligible,,Yes,2026-07-30T20:12:28.577992
SCR-002763,CRC-GLB-301,SITE-0049,INV-0098,ZAF,2025-01-03,IG,40,Male,Eligible,,Yes,2026-07-30T20:12:28.577992
SCR-002764,CRC-GLB-301,SITE-0049,INV-0098,ZAF,2025-05-12,BS,70,Male,Eligible,,Yes,2026-07-30T20:12:28.577992
SCR-002765,CRC-GLB-301,SITE-0005,INV-0009,IND,2025-11-16,ZM,59,Male,Eligible,,Yes,2026-07-30T20:12:28.577992
SCR-002766,CRC-GLB-301,SITE-0043,INV-0086,DEU,2025-05-16,BJ,33,Male,Screen Failure,Withdrew Consent,Yes,2026-07-30T20:12:28.577992
SCR-002767,CRC-GLB-301,SITE-0025,INV-0049,CAN,2025-03-11,MF,51,Male,Eligible,,Yes,2026-07-30T20:12:28.577992
SCR-002768,CRC-GLB-301,SITE-0063,INV-0126,KEN,2025-04-17,KY,83,Male,Eligible,,Yes,2026-07-30T20:12:28.577992
SCR-002769,CRC-GLB-301,SITE-0034,INV-0068,GBR,2025-12-13,HD,47,Female,Eligible,,Yes,2026-07-30T20:12:28.577992
SCR-002770,CRC-GLB-301,SITE-0028,INV-0055,CAN,2025-10-22,KU,71,Female,Eligible,,Yes,2026-07-30T20:12:28.577992
SCR-002771,CRC-GLB-301,SITE-0052,INV-0104,ZAF,2025-12-22,TX,18,Male,Eligible,,Yes,2026-07-30T20:12:28.577992
SCR-002772,CRC-GLB-301,SITE-0023,INV-0046,USA,2025-11-11,NT,58,Female,Eligible,,Yes,2026-07-30T20:12:28.577992
SCR-002773,CRC-GLB-301,SITE-0015,INV-0029,SGP,2025-10-03,TL,80,Male,Screen Failure,Abnormal Laboratory Values,Yes,2026-07-30T20:12:28.577992
SCR-002774,CRC-GLB-301,SITE-0059,INV-0118,KEN,2025-04-11,AZ,33,Male,Eligible,,Yes,2026-07-30T20:12:28.577992
SCR-002775,CRC-GLB-301,SITE-0050,INV-0100,ZAF,2025-01-18,FY,82,Male,Eligible,,Yes,2026-07-30T20:12:28.577992
SCR-002776,CRC-GLB-301,SITE-0064,INV-0127,KEN,2025-10-08,MQ,63,Male,Eligible,,Yes,2026-07-30T20:12:28.577992
SCR-002777,CRC-GLB-301,SITE-0030,INV-0059,CAN,2025-07-27,HM,19,Female,Eligible,,Yes,2026-07-30T20:12:28.577992
SCR-002778,CRC-GLB-301,SITE-0013,INV-0025,SGP,2025-01-05,PQ,32,Female,Eligible,,Yes,2026-07-30T20:12:28.577992
SCR-002779,CRC-GLB-301,SITE-0025,INV-0050,CAN,2025-01-12,ED,35,Female,Eligible,,Yes,2026-07-30T20:12:28.577992
SCR-002780,CRC-GLB-301,SITE-0034,INV-0067,GBR,2025-01-21,YB,39,Male,Eligible,,Yes,2026-07-30T20:12:28.577992
SCR-002781,CRC-GLB-301,SITE-0011,INV-0021,SGP,2025-12-01,JM,18,Female,Eligible,,Yes,2026-07-30T20:12:28.577992
SCR-002782,CRC-GLB-301,SITE-0036,INV-0071,GBR,2025-01-29,SM,52,Male,Screen Failure,Inclusion Criteria Not Met,Yes,2026-07-30T20:12:28.577992
SCR-002783,CRC-GLB-301,SITE-0028,INV-0055,CAN,2025-07-10,ZG,27,Male,Screen Failure,Abnormal Laboratory Values,Yes,2026-07-30T20:12:28.577992
SCR-002784,CRC-GLB-301,SITE-0062,INV-0124,KEN,2025-11-21,YD,53,Female,Screen Failure,Inclusion Criteria Not Met,Yes,2026-07-30T20:12:28.577992
SCR-002785,CRC-GLB-301,SITE-0004,INV-0008,IND,2025-07-19,ZW,70,Male,Screen Failure,Exclusion Criteria Met,Yes,2026-07-30T20:12:28.577992
SCR-002786,CRC-GLB-301,SITE-0024,INV-0047,USA,2025-07-11,CM,56,Male,Eligible,,Yes,2026-07-30T20:12:28.577992
SCR-002787,CRC-GLB-301,SITE-0024,INV-0048,USA,2025-05-16,VS,45,Male,Screen Failure,Inclusion Criteria Not Met,Yes,2026-07-30T20:12:28.577992
SCR-002788,CRC-GLB-301,SITE-0054,INV-0107,ZAF,2025-02-25,NQ,22,Male,Eligible,,Yes,2026-07-30T20:12:28.577992
SCR-002789,CRC-GLB-301,SITE-0040,INV-0080,GBR,2025-02-20,RF,78,Male,Screen Failure,Withdrew Consent,Yes,2026-07-30T20:12:28.577992
SCR-002790,CRC-GLB-301,SITE-0020,INV-0040,USA,2025-12-22,QB,37,Male,Screen Failure,Withdrew Consent,Yes,2026-07-30T20:12:28.577992
SCR-002791,CRC-GLB-301,SITE-0005,INV-0010,IND,2025-05-02,KU,35,Male,Eligible,,Yes,2026-07-30T20:12:28.577992
SCR-002792,CRC-GLB-301,SITE-0047,INV-0093,DEU,2025-10-06,PA,77,Female,Screen Failure,Withdrew Consent,Yes,2026-07-30T20:12:28.577992
SCR-002793,CRC-GLB-301,SITE-0041,INV-0081,DEU,2025-01-31,CG,60,Male,Eligible,,Yes,2026-07-30T20:12:28.577992
SCR-002794,CRC-GLB-301,SITE-0004,INV-0008,IND,2025-04-21,PC,22,Female,Eligible,,Yes,2026-07-30T20:12:28.577992
SCR-002795,CRC-GLB-301,SITE-0022,INV-0043,USA,2025-02-17,CO,66,Male,Eligible,,Yes,2026-07-30T20:12:28.577992
SCR-002796,CRC-GLB-301,SITE-0061,INV-0121,KEN,2025-12-02,KD,33,Male,Eligible,,Yes,2026-07-30T20:12:28.577992
SCR-002797,CRC-GLB-301,SITE-0033,INV-0066,GBR,2025-12-30,UT,32,Female,Eligible,,Yes,2026-07-30T20:12:28.577992
SCR-002798,CRC-GLB-301,SITE-0015,INV-0029,SGP,2025-10-08,VZ,78,Male,Eligible,,Yes,2026-07-30T20:12:28.577992
SCR-002799,CRC-GLB-301,SITE-0059,INV-0118,KEN,2025-05-06,KZ,36,Male,Screen Failure,Abnormal Laboratory Values,Yes,2026-07-30T20:12:28.577992
SCR-002800,CRC-GLB-301,SITE-0039,INV-0078,GBR,2025-03-09,ED,68,Male,Eligible,,Yes,2026-07-30T20:12:28.577992
SCR-002801,CRC-GLB-301,SITE-0019,INV-0038,USA,2025-04-20,XH,28,Male,Screen Failure,Exclusion Criteria Met,Yes,2026-07-30T20:12:28.577992
SCR-002802,CRC-GLB-301,SITE-0003,INV-0006,IND,2025-08-17,UM,41,Female,Screen Failure,Abnormal Laboratory Values,Yes,2026-07-30T20:12:28.577992
SCR-002803,CRC-GLB-301,SITE-0003,INV-0005,IND,2025-08-04,QJ,30,Male,Screen Failure,Exclusion Criteria Met,Yes,2026-07-30T20:12:28.577992
SCR-002804,CRC-GLB-301,SITE-0017,INV-0034,USA,2025-02-10,QP,56,Male,Screen Failure,Withdrew Consent,Yes,2026-07-30T20:12:28.577992
SCR-002805,CRC-GLB-301,SITE-0018,INV-0036,USA,2025-06-26,VJ,62,Male,Eligible,,Yes,2026-07-30T20:12:28.577992
SCR-002806,CRC-GLB-301,SITE-0049,INV-0097,ZAF,2025-02-24,CR,58,Male,Screen Failure,Exclusion Criteria Met,Yes,2026-07-30T20:12:28.577992
SCR-002807,CRC-GLB-301,SITE-0022,INV-0044,USA,2025-10-04,WZ,54,Female,Eligible,,Yes,2026-07-30T20:12:28.577992
SCR-002808,CRC-GLB-301,SITE-0033,INV-0066,GBR,2025-10-12,LW,83,Female,Eligible,,Yes,2026-07-30T20:12:28.577992
SCR-002809,CRC-GLB-301,SITE-0017,INV-0033,USA,2025-08-26,JB,19,Female,Eligible,,Yes,2026-07-30T20:12:28.577992
SCR-002810,CRC-GLB-301,SITE-0040,INV-0080,GBR,2025-05-13,AT,74,Male,Eligible,,Yes,2026-07-30T20:12:28.577992
SCR-002811,CRC-GLB-301,SITE-0015,INV-0029,SGP,2025-09-09,HW,34,Male,Eligible,,Yes,2026-07-30T20:12:28.577992
SCR-002812,CRC-GLB-301,SITE-0056,INV-0112,ZAF,2025-01-23,BO,85,Male,Eligible,,Yes,2026-07-30T20:12:28.577992
SCR-002813,CRC-GLB-301,SITE-0051,INV-0101,ZAF,2025-04-12,UZ,53,Female,Eligible,,Yes,2026-07-30T20:12:28.577992
SCR-002814,CRC-GLB-301,SITE-0056,INV-0112,ZAF,2025-08-18,YB,38,Male,Eligible,,Yes,2026-07-30T20:12:28.577992
SCR-002815,CRC-GLB-301,SITE-0029,INV-0058,CAN,2025-06-13,HE,19,Male,Eligible,,Yes,2026-07-30T20:12:28.577992
SCR-002816,CRC-GLB-301,SITE-0009,INV-0017,SGP,2025-04-13,TM,36,Male,Eligible,,Yes,2026-07-30T20:12:28.577992
SCR-002817,CRC-GLB-301,SITE-0046,INV-0092,DEU,2025-01-01,WT,18,Male,Eligible,,Yes,2026-07-30T20:12:28.577992
SCR-002818,CRC-GLB-301,SITE-0003,INV-0005,IND,2025-10-08,NG,55,Female,Eligible,,Yes,2026-07-30T20:12:28.577992
SCR-002819,CRC-GLB-301,SITE-0059,INV-0117,KEN,2025-10-31,CA,84,Male,Eligible,,Yes,2026-07-30T20:12:28.577992
SCR-002820,CRC-GLB-301,SITE-0016,INV-0032,SGP,2025-03-02,KA,29,Female,Eligible,,Yes,2026-07-30T20:12:28.577992
SCR-002821,CRC-GLB-301,SITE-0020,INV-0039,USA,2025-12-17,MY,76,Male,Screen Failure,Exclusion Criteria Met,Yes,2026-07-30T20:12:28.577992
SCR-002822,CRC-GLB-301,SITE-0050,INV-0099,ZAF,2025-10-05,UI,28,Female,Eligible,,Yes,2026-07-30T20:12:28.577992
SCR-002823,CRC-GLB-301,SITE-0062,INV-0124,KEN,2025-07-18,GB,83,Female,Eligible,,Yes,2026-07-30T20:12:28.577992
SCR-002824,CRC-GLB-301,SITE-0029,INV-0057,CAN,2025-08-11,DC,49,Female,Eligible,,Yes,2026-07-30T20:12:28.577992
SCR-002825,CRC-GLB-301,SITE-0011,INV-0021,SGP,2025-09-25,WI,65,Female,Eligible,,Yes,2026-07-30T20:12:28.577992
SCR-002826,CRC-GLB-301,SITE-0043,INV-0085,DEU,2025-03-18,ZE,51,Male,Screen Failure,Abnormal Laboratory Values,Yes,2026-07-30T20:12:28.577992
SCR-002827,CRC-GLB-301,SITE-0009,INV-0018,SGP,2025-04-15,IG,70,Female,Eligible,,Yes,2026-07-30T20:12:28.577992
SCR-002828,CRC-GLB-301,SITE-0004,INV-0008,IND,2025-06-14,JO,50,Female,Eligible,,Yes,2026-07-30T20:12:28.577992
SCR-002829,CRC-GLB-301,SITE-0035,INV-0070,GBR,2025-08-10,LS,30,Male,Eligible,,Yes,2026-07-30T20:12:28.577992
SCR-002830,CRC-GLB-301,SITE-0018,INV-0036,USA,2025-11-26,SV,29,Male,Eligible,,Yes,2026-07-30T20:12:28.577992
SCR-002831,CRC-GLB-301,SITE-0018,INV-0035,USA,2025-09-20,LX,54,Male,Eligible,,Yes,2026-07-30T20:12:28.577992
SCR-002832,CRC-GLB-301,SITE-0020,INV-0040,USA,2025-03-14,AJ,26,Female,Eligible,,Yes,2026-07-30T20:12:28.577992
SCR-002833,CRC-GLB-301,SITE-0034,INV-0068,GBR,2025-03-11,MU,63,Male,Eligible,,Yes,2026-07-30T20:12:28.577992
SCR-002834,CRC-GLB-301,SITE-0053,INV-0106,ZAF,2025-03-23,YF,76,Male,Eligible,,Yes,2026-07-30T20:12:28.577992
SCR-002835,CRC-GLB-301,SITE-0002,INV-0004,IND,2025-02-14,EC,35,Female,Eligible,,Yes,2026-07-30T20:12:28.577992
SCR-002836,CRC-GLB-301,SITE-0014,INV-0027,SGP,2025-02-05,QU,59,Female,Screen Failure,Withdrew Consent,Yes,2026-07-30T20:12:28.577992
SCR-002837,CRC-GLB-301,SITE-0003,INV-0006,IND,2025-02-28,WB,40,Male,Screen Failure,Withdrew Consent,Yes,2026-07-30T20:12:28.577992
SCR-002838,CRC-GLB-301,SITE-0008,INV-0016,IND,2025-08-07,KB,34,Male,Eligible,,Yes,2026-07-30T20:12:28.577992
SCR-002839,CRC-GLB-301,SITE-0019,INV-0038,USA,2025-02-14,AS,40,Male,Eligible,,Yes,2026-07-30T20:12:28.577992
SCR-002840,CRC-GLB-301,SITE-0017,INV-0034,USA,2025-02-05,JD,51,Female,Eligible,,Yes,2026-07-30T20:12:28.577992
SCR-002841,CRC-GLB-301,SITE-0002,INV-0004,IND,2025-08-08,LI,51,Female,Eligible,,Yes,2026-07-30T20:12:28.577992
SCR-002842,CRC-GLB-301,SITE-0049,INV-0097,ZAF,2025-06-06,RX,74,Female,Eligible,,Yes,2026-07-30T20:12:28.577992
SCR-002843,CRC-GLB-301,SITE-0029,INV-0058,CAN,2025-01-13,CC,48,Male,Screen Failure,Withdrew Consent,Yes,2026-07-30T20:12:28.577992
SCR-002844,CRC-GLB-301,SITE-0047,INV-0094,DEU,2025-06-08,MD,48,Female,Screen Failure,Exclusion Criteria Met,Yes,2026-07-30T20:12:28.577992
SCR-002845,CRC-GLB-301,SITE-0054,INV-0107,ZAF,2025-09-09,ZN,38,Female,Eligible,,Yes,2026-07-30T20:12:28.577992
SCR-002846,CRC-GLB-301,SITE-0013,INV-0025,SGP,2025-08-23,RE,75,Male,Eligible,,Yes,2026-07-30T20:12:28.577992
SCR-002847,CRC-GLB-301,SITE-0051,INV-0102,ZAF,2025-06-29,YU,37,Male,Screen Failure,Withdrew Consent,Yes,2026-07-30T20:12:28.577992
SCR-002848,CRC-GLB-301,SITE-0036,INV-0071,GBR,2025-11-15,WW,70,Female,Eligible,,Yes,2026-07-30T20:12:28.577992
SCR-002849,CRC-GLB-301,SITE-0035,INV-0070,GBR,2025-08-31,MC,38,Male,Eligible,,Yes,2026-07-30T20:12:28.577992
SCR-002850,CRC-GLB-301,SITE-0027,INV-0054,CAN,2025-01-08,AZ,31,Female,Eligible,,Yes,2026-07-30T20:12:28.577992
SCR-002851,CRC-GLB-301,SITE-0062,INV-0124,KEN,2025-03-16,DI,52,Male,Eligible,,Yes,2026-07-30T20:12:28.577992
SCR-002852,CRC-GLB-301,SITE-0040,INV-0079,GBR,2025-06-07,SW,66,Male,Eligible,,Yes,2026-07-30T20:12:28.577992
SCR-002853,CRC-GLB-301,SITE-0015,INV-0029,SGP,2025-02-14,IQ,50,Female,Eligible,,Yes,2026-07-30T20:12:28.577992
SCR-002854,CRC-GLB-301,SITE-0021,INV-0042,USA,2025-10-22,UA,69,Female,Screen Failure,Abnormal Laboratory Values,Yes,2026-07-30T20:12:28.577992
SCR-002855,CRC-GLB-301,SITE-0037,INV-0073,GBR,2025-03-05,CS,81,Male,Eligible,,Yes,2026-07-30T20:12:28.577992
SCR-002856,CRC-GLB-301,SITE-0011,INV-0021,SGP,2025-08-26,GW,72,Male,Eligible,,Yes,2026-07-30T20:12:28.577992
SCR-002857,CRC-GLB-301,SITE-0040,INV-0079,GBR,2025-06-22,RU,82,Male,Eligible,,Yes,2026-07-30T20:12:28.577992
SCR-002858,CRC-GLB-301,SITE-0009,INV-0018,SGP,2025-10-28,UN,69,Female,Eligible,,Yes,2026-07-30T20:12:28.577992
SCR-002859,CRC-GLB-301,SITE-0034,INV-0067,GBR,2025-06-27,WV,23,Male,Eligible,,Yes,2026-07-30T20:12:28.577992
SCR-002860,CRC-GLB-301,SITE-0012,INV-0023,SGP,2025-07-09,IR,53,Male,Eligible,,Yes,2026-07-30T20:12:28.577992
SCR-002861,CRC-GLB-301,SITE-0024,INV-0047,USA,2025-03-02,SB,85,Female,Screen Failure,Inclusion Criteria Not Met,Yes,2026-07-30T20:12:28.577992
SCR-002862,CRC-GLB-301,SITE-0001,INV-0001,IND,2025-09-12,DS,82,Female,Eligible,,Yes,2026-07-30T20:12:28.577992
SCR-002863,CRC-GLB-301,SITE-0007,INV-0013,IND,2025-03-25,BS,31,Female,Screen Failure,Exclusion Criteria Met,Yes,2026-07-30T20:12:28.577992
SCR-002864,CRC-GLB-301,SITE-0007,INV-0013,IND,2025-02-15,UA,19,Male,Eligible,,Yes,2026-07-30T20:12:28.577992
SCR-002865,CRC-GLB-301,SITE-0039,INV-0078,GBR,2025-03-01,GT,81,Male,Eligible,,Yes,2026-07-30T20:12:28.577992
SCR-002866,CRC-GLB-301,SITE-0060,INV-0120,KEN,2025-01-24,UC,67,Male,Eligible,,Yes,2026-07-30T20:12:28.577992
SCR-002867,CRC-GLB-301,SITE-0046,INV-0091,DEU,2025-09-17,GP,54,Female,Eligible,,Yes,2026-07-30T20:12:28.577992
SCR-002868,CRC-GLB-301,SITE-0043,INV-0086,DEU,2025-01-05,QC,74,Female,Eligible,,Yes,2026-07-30T20:12:28.577992
SCR-002869,CRC-GLB-301,SITE-0029,INV-0058,CAN,2025-09-29,ED,78,Male,Eligible,,Yes,2026-07-30T20:12:28.577992
SCR-002870,CRC-GLB-301,SITE-0057,INV-0113,KEN,2025-08-30,DM,25,Male,Eligible,,Yes,2026-07-30T20:12:28.577992
SCR-002871,CRC-GLB-301,SITE-0060,INV-0119,KEN,2025-02-24,LO,83,Male,Screen Failure,Withdrew Consent,Yes,2026-07-30T20:12:28.577992
SCR-002872,CRC-GLB-301,SITE-0061,INV-0121,KEN,2025-04-14,RW,67,Female,Screen Failure,Exclusion Criteria Met,Yes,2026-07-30T20:12:28.577992
SCR-002873,CRC-GLB-301,SITE-0062,INV-0124,KEN,2025-10-02,FI,47,Male,Screen Failure,Inclusion Criteria Not Met,Yes,2026-07-30T20:12:28.577992
SCR-002874,CRC-GLB-301,SITE-0058,INV-0116,KEN,2025-10-14,WX,18,Male,Eligible,,Yes,2026-07-30T20:12:28.577992
SCR-002875,CRC-GLB-301,SITE-0037,INV-0073,GBR,2025-06-30,MZ,22,Male,Screen Failure,Abnormal Laboratory Values,Yes,2026-07-30T20:12:28.577992
SCR-002876,CRC-GLB-301,SITE-0022,INV-0044,USA,2025-12-09,WF,35,Male,Eligible,,Yes,2026-07-30T20:12:28.577992
SCR-002877,CRC-GLB-301,SITE-0051,INV-0101,ZAF,2025-03-25,ZD,22,Female,Eligible,,Yes,2026-07-30T20:12:28.577992
SCR-002878,CRC-GLB-301,SITE-0049,INV-0098,ZAF,2025-08-22,GR,20,Female,Eligible,,Yes,2026-07-30T20:12:28.577992
SCR-002879,CRC-GLB-301,SITE-0057,INV-0114,KEN,2025-02-03,LR,49,Female,Eligible,,Yes,2026-07-30T20:12:28.577992
SCR-002880,CRC-GLB-301,SITE-0019,INV-0037,USA,2025-06-14,BD,70,Female,Eligible,,Yes,2026-07-30T20:12:28.577992
SCR-002881,CRC-GLB-301,SITE-0019,INV-0038,USA,2025-02-07,AY,45,Male,Eligible,,Yes,2026-07-30T20:12:28.577992
SCR-002882,CRC-GLB-301,SITE-0047,INV-0093,DEU,2025-03-22,HF,32,Male,Screen Failure,Abnormal Laboratory Values,Yes,2026-07-30T20:12:28.577992
SCR-002883,CRC-GLB-301,SITE-0018,INV-0036,USA,2025-10-05,WN,46,Male,Eligible,,Yes,2026-07-30T20:12:28.577992
SCR-002884,CRC-GLB-301,SITE-0002,INV-0004,IND,2025-02-24,TP,27,Male,Eligible,,Yes,2026-07-30T20:12:28.577992
SCR-002885,CRC-GLB-301,SITE-0041,INV-0081,DEU,2025-01-24,DJ,27,Female,Eligible,,Yes,2026-07-30T20:12:28.577992
SCR-002886,CRC-GLB-301,SITE-0061,INV-0122,KEN,2025-12-24,HS,49,Male,Screen Failure,Withdrew Consent,Yes,2026-07-30T20:12:28.577992
SCR-002887,CRC-GLB-301,SITE-0043,INV-0085,DEU,2025-06-08,OC,59,Male,Eligible,,Yes,2026-07-30T20:12:28.577992
SCR-002888,CRC-GLB-301,SITE-0016,INV-0032,SGP,2025-09-13,KT,37,Female,Eligible,,Yes,2026-07-30T20:12:28.577992
SCR-002889,CRC-GLB-301,SITE-0055,INV-0109,ZAF,2025-08-30,GI,32,Male,Screen Failure,Abnormal Laboratory Values,Yes,2026-07-30T20:12:28.577992
SCR-002890,CRC-GLB-301,SITE-0010,INV-0020,SGP,2025-06-18,UD,65,Female,Screen Failure,Withdrew Consent,Yes,2026-07-30T20:12:28.577992
SCR-002891,CRC-GLB-301,SITE-0013,INV-0026,SGP,2025-07-05,GJ,23,Female,Eligible,,Yes,2026-07-30T20:12:28.577992
SCR-002892,CRC-GLB-301,SITE-0021,INV-0041,USA,2025-07-16,AH,55,Female,Eligible,,Yes,2026-07-30T20:12:28.577992
SCR-002893,CRC-GLB-301,SITE-0048,INV-0096,DEU,2025-08-05,UM,22,Female,Eligible,,Yes,2026-07-30T20:12:28.577992
SCR-002894,CRC-GLB-301,SITE-0009,INV-0018,SGP,2025-02-22,AF,82,Female,Eligible,,Yes,2026-07-30T20:12:28.577992
SCR-002895,CRC-GLB-301,SITE-0016,INV-0032,SGP,2025-07-16,UT,79,Male,Eligible,,Yes,2026-07-30T20:12:28.577992
SCR-002896,CRC-GLB-301,SITE-0062,INV-0123,KEN,2025-02-20,MH,47,Male,Screen Failure,Exclusion Criteria Met,Yes,2026-07-30T20:12:28.577992
SCR-002897,CRC-GLB-301,SITE-0024,INV-0048,USA,2025-06-01,VV,82,Female,Eligible,,Yes,2026-07-30T20:12:28.577992
SCR-002898,CRC-GLB-301,SITE-0059,INV-0117,KEN,2025-07-16,BO,60,Female,Eligible,,Yes,2026-07-30T20:12:28.577992
SCR-002899,CRC-GLB-301,SITE-0051,INV-0102,ZAF,2025-03-17,XE,84,Female,Eligible,,Yes,2026-07-30T20:12:28.577992
SCR-002900,CRC-GLB-301,SITE-0006,INV-0012,IND,2025-08-02,LD,75,Female,Eligible,,Yes,2026-07-30T20:12:28.577992
SCR-002901,CRC-GLB-301,SITE-0027,INV-0053,CAN,2025-09-02,YW,44,Female,Eligible,,Yes,2026-07-30T20:12:28.577992
SCR-002902,CRC-GLB-301,SITE-0027,INV-0054,CAN,2025-09-01,KD,34,Male,Eligible,,Yes,2026-07-30T20:12:28.577992
SCR-002903,CRC-GLB-301,SITE-0056,INV-0112,ZAF,2025-11-07,BX,21,Female,Eligible,,Yes,2026-07-30T20:12:28.577992
SCR-002904,CRC-GLB-301,SITE-0051,INV-0101,ZAF,2025-04-01,BI,65,Male,Eligible,,Yes,2026-07-30T20:12:28.577992
SCR-002905,CRC-GLB-301,SITE-0034,INV-0067,GBR,2025-06-27,UR,36,Female,Eligible,,Yes,2026-07-30T20:12:28.577992
SCR-002906,CRC-GLB-301,SITE-0026,INV-0052,CAN,2025-02-12,YI,75,Female,Eligible,,Yes,2026-07-30T20:12:28.577992
SCR-002907,CRC-GLB-301,SITE-0033,INV-0065,GBR,2025-04-09,RT,70,Female,Screen Failure,Abnormal Laboratory Values,Yes,2026-07-30T20:12:28.577992
SCR-002908,CRC-GLB-301,SITE-0008,INV-0016,IND,2025-09-14,PM,61,Female,Eligible,,Yes,2026-07-30T20:12:28.577992
SCR-002909,CRC-GLB-301,SITE-0033,INV-0065,GBR,2025-08-12,WP,21,Male,Eligible,,Yes,2026-07-30T20:12:28.577992
SCR-002910,CRC-GLB-301,SITE-0034,INV-0067,GBR,2025-04-03,MW,34,Female,Eligible,,Yes,2026-07-30T20:12:28.577992
SCR-002911,CRC-GLB-301,SITE-0027,INV-0053,CAN,2025-01-31,SE,36,Female,Eligible,,Yes,2026-07-30T20:12:28.577992
SCR-002912,CRC-GLB-301,SITE-0014,INV-0027,SGP,2025-02-08,VV,80,Female,Eligible,,Yes,2026-07-30T20:12:28.577992
SCR-002913,CRC-GLB-301,SITE-0016,INV-0032,SGP,2025-02-24,KB,55,Male,Eligible,,Yes,2026-07-30T20:12:28.577992
SCR-002914,CRC-GLB-301,SITE-0048,INV-0095,DEU,2025-05-18,VK,47,Male,Screen Failure,Abnormal Laboratory Values,Yes,2026-07-30T20:12:28.577992
SCR-002915,CRC-GLB-301,SITE-0048,INV-0095,DEU,2025-02-23,VY,19,Male,Eligible,,Yes,2026-07-30T20:12:28.577992
SCR-002916,CRC-GLB-301,SITE-0023,INV-0045,USA,2025-01-16,XT,19,Male,Eligible,,Yes,2026-07-30T20:12:28.577992
SCR-002917,CRC-GLB-301,SITE-0035,INV-0069,GBR,2025-12-14,KM,27,Male,Eligible,,Yes,2026-07-30T20:12:28.577992
SCR-002918,CRC-GLB-301,SITE-0055,INV-0109,ZAF,2025-08-19,MX,20,Male,Screen Failure,Inclusion Criteria Not Met,Yes,2026-07-30T20:12:28.577992
SCR-002919,CRC-GLB-301,SITE-0011,INV-0022,SGP,2025-04-10,LU,61,Male,Eligible,,Yes,2026-07-30T20:12:28.577992
SCR-002920,CRC-GLB-301,SITE-0005,INV-0010,IND,2025-10-26,FE,76,Male,Eligible,,Yes,2026-07-30T20:12:28.577992
SCR-002921,CRC-GLB-301,SITE-0033,INV-0066,GBR,2025-07-12,PW,74,Male,Eligible,,Yes,2026-07-30T20:12:28.577992
SCR-002922,CRC-GLB-301,SITE-0036,INV-0072,GBR,2025-08-10,ZX,18,Male,Eligible,,Yes,2026-07-30T20:12:28.577992
SCR-002923,CRC-GLB-301,SITE-0005,INV-0010,IND,2025-05-14,BW,59,Male,Screen Failure,Abnormal Laboratory Values,Yes,2026-07-30T20:12:28.577992
SCR-002924,CRC-GLB-301,SITE-0029,INV-0057,CAN,2025-03-07,ME,81,Male,Eligible,,Yes,2026-07-30T20:12:28.577992
SCR-002925,CRC-GLB-301,SITE-0012,INV-0023,SGP,2025-10-21,DK,62,Male,Eligible,,Yes,2026-07-30T20:12:28.577992
SCR-002926,CRC-GLB-301,SITE-0039,INV-0078,GBR,2025-03-06,VS,75,Female,Screen Failure,Inclusion Criteria Not Met,Yes,2026-07-30T20:12:28.577992
SCR-002927,CRC-GLB-301,SITE-0043,INV-0085,DEU,2025-03-27,OH,44,Female,Screen Failure,Withdrew Consent,Yes,2026-07-30T20:12:28.577992
SCR-002928,CRC-GLB-301,SITE-0034,INV-0068,GBR,2025-08-20,SN,73,Female,Screen Failure,Inclusion Criteria Not Met,Yes,2026-07-30T20:12:28.577992
SCR-002929,CRC-GLB-301,SITE-0001,INV-0002,IND,2025-09-11,ZT,20,Male,Eligible,,Yes,2026-07-30T20:12:28.577992
SCR-002930,CRC-GLB-301,SITE-0006,INV-0011,IND,2025-12-07,SC,39,Male,Eligible,,Yes,2026-07-30T20:12:28.577992
SCR-002931,CRC-GLB-301,SITE-0022,INV-0043,USA,2025-02-09,XU,56,Male,Eligible,,Yes,2026-07-30T20:12:28.577992
SCR-002932,CRC-GLB-301,SITE-0005,INV-0010,IND,2025-05-13,OX,46,Male,Eligible,,Yes,2026-07-30T20:12:28.577992
SCR-002933,CRC-GLB-301,SITE-0021,INV-0042,USA,2025-04-09,GE,39,Male,Eligible,,Yes,2026-07-30T20:12:28.577992
SCR-002934,CRC-GLB-301,SITE-0046,INV-0091,DEU,2025-01-21,EJ,60,Female,Eligible,,Yes,2026-07-30T20:12:28.577992
SCR-002935,CRC-GLB-301,SITE-0008,INV-0015,IND,2025-11-13,XF,61,Female,Eligible,,Yes,2026-07-30T20:12:28.577992
SCR-002936,CRC-GLB-301,SITE-0043,INV-0085,DEU,2025-04-26,WP,54,Male,Eligible,,Yes,2026-07-30T20:12:28.577992
SCR-002937,CRC-GLB-301,SITE-0025,INV-0049,CAN,2025-03-25,HG,38,Female,Screen Failure,Exclusion Criteria Met,Yes,2026-07-30T20:12:28.577992
SCR-002938,CRC-GLB-301,SITE-0017,INV-0033,USA,2025-10-03,AO,47,Male,Eligible,,Yes,2026-07-30T20:12:28.577992
SCR-002939,CRC-GLB-301,SITE-0017,INV-0034,USA,2025-02-16,EP,74,Female,Screen Failure,Abnormal Laboratory Values,Yes,2026-07-30T20:12:28.577992
SCR-002940,CRC-GLB-301,SITE-0051,INV-0102,ZAF,2025-11-10,PD,25,Male,Eligible,,Yes,2026-07-30T20:12:28.577992
SCR-002941,CRC-GLB-301,SITE-0019,INV-0037,USA,2025-09-12,KB,76,Female,Eligible,,Yes,2026-07-30T20:12:28.577992
SCR-002942,CRC-GLB-301,SITE-0048,INV-0096,DEU,2025-03-23,BA,41,Female,Eligible,,Yes,2026-07-30T20:12:28.577992
SCR-002943,CRC-GLB-301,SITE-0012,INV-0023,SGP,2025-08-18,IZ,30,Male,Eligible,,Yes,2026-07-30T20:12:28.577992
SCR-002944,CRC-GLB-301,SITE-0024,INV-0048,USA,2025-08-17,BF,79,Female,Eligible,,Yes,2026-07-30T20:12:28.577992
SCR-002945,CRC-GLB-301,SITE-0030,INV-0060,CAN,2025-03-07,YW,53,Female,Eligible,,Yes,2026-07-30T20:12:28.577992
SCR-002946,CRC-GLB-301,SITE-0041,INV-0081,DEU,2025-12-08,WQ,69,Female,Eligible,,Yes,2026-07-30T20:12:28.577992
SCR-002947,CRC-GLB-301,SITE-0050,INV-0099,ZAF,2025-03-14,SX,72,Male,Eligible,,Yes,2026-07-30T20:12:28.577992
SCR-002948,CRC-GLB-301,SITE-0058,INV-0115,KEN,2025-01-14,AP,52,Female,Eligible,,Yes,2026-07-30T20:12:28.577992
SCR-002949,CRC-GLB-301,SITE-0018,INV-0036,USA,2025-02-01,ES,26,Female,Eligible,,Yes,2026-07-30T20:12:28.577992
SCR-002950,CRC-GLB-301,SITE-0030,INV-0060,CAN,2025-01-06,IH,35,Male,Screen Failure,Abnormal Laboratory Values,Yes,2026-07-30T20:12:28.577992
SCR-002951,CRC-GLB-301,SITE-0014,INV-0028,SGP,2025-12-08,VN,74,Female,Screen Failure,Exclusion Criteria Met,Yes,2026-07-30T20:12:28.577992
SCR-002952,CRC-GLB-301,SITE-0060,INV-0119,KEN,2025-05-14,MZ,65,Female,Eligible,,Yes,2026-07-30T20:12:28.577992
SCR-002953,CRC-GLB-301,SITE-0017,INV-0033,USA,2025-02-17,NG,50,Female,Eligible,,Yes,2026-07-30T20:12:28.577992
SCR-002954,CRC-GLB-301,SITE-0015,INV-0029,SGP,2025-01-04,HO,81,Male,Eligible,,Yes,2026-07-30T20:12:28.577992
SCR-002955,CRC-GLB-301,SITE-0056,INV-0112,ZAF,2025-10-22,FF,48,Male,Screen Failure,Withdrew Consent,Yes,2026-07-30T20:12:28.577992
SCR-002956,CRC-GLB-301,SITE-0056,INV-0112,ZAF,2025-02-18,JQ,25,Male,Eligible,,Yes,2026-07-30T20:12:28.577992
SCR-002957,CRC-GLB-301,SITE-0044,INV-0088,DEU,2025-10-05,RY,53,Male,Eligible,,Yes,2026-07-30T20:12:28.577992
SCR-002958,CRC-GLB-301,SITE-0043,INV-0086,DEU,2025-10-05,EU,73,Female,Screen Failure,Exclusion Criteria Met,Yes,2026-07-30T20:12:28.577992
SCR-002959,CRC-GLB-301,SITE-0018,INV-0036,USA,2025-03-30,AN,68,Female,Eligible,,Yes,2026-07-30T20:12:28.577992
SCR-002960,CRC-GLB-301,SITE-0017,INV-0033,USA,2025-06-06,YW,58,Female,Screen Failure,Abnormal Laboratory Values,Yes,2026-07-30T20:12:28.577992
SCR-002961,CRC-GLB-301,SITE-0011,INV-0022,SGP,2025-03-28,OE,62,Male,Eligible,,Yes,2026-07-30T20:12:28.577992
SCR-002962,CRC-GLB-301,SITE-0014,INV-0027,SGP,2025-06-30,SR,69,Male,Eligible,,Yes,2026-07-30T20:12:28.577992
SCR-002963,CRC-GLB-301,SITE-0039,INV-0078,GBR,2025-03-30,OE,50,Male,Eligible,,Yes,2026-07-30T20:12:28.577992
SCR-002964,CRC-GLB-301,SITE-0002,INV-0003,IND,2025-03-25,GH,54,Male,Screen Failure,Exclusion Criteria Met,Yes,2026-07-30T20:12:28.577992
SCR-002965,CRC-GLB-301,SITE-0002,INV-0003,IND,2025-07-21,ES,23,Male,Screen Failure,Withdrew Consent,Yes,2026-07-30T20:12:28.577992
SCR-002966,CRC-GLB-301,SITE-0053,INV-0106,ZAF,2025-01-01,GV,61,Male,Eligible,,Yes,2026-07-30T20:12:28.577992
SCR-002967,CRC-GLB-301,SITE-0047,INV-0094,DEU,2025-04-10,EM,54,Male,Eligible,,Yes,2026-07-30T20:12:28.577992
SCR-002968,CRC-GLB-301,SITE-0003,INV-0005,IND,2025-11-11,BT,28,Male,Eligible,,Yes,2026-07-30T20:12:28.577992
SCR-002969,CRC-GLB-301,SITE-0032,INV-0064,CAN,2025-10-03,QD,56,Female,Screen Failure,Exclusion Criteria Met,Yes,2026-07-30T20:12:28.577992
SCR-002970,CRC-GLB-301,SITE-0012,INV-0023,SGP,2025-10-31,FW,23,Female,Eligible,,Yes,2026-07-30T20:12:28.577992
SCR-002971,CRC-GLB-301,SITE-0003,INV-0005,IND,2025-08-25,MA,69,Female,Eligible,,Yes,2026-07-30T20:12:28.577992
SCR-002972,CRC-GLB-301,SITE-0052,INV-0103,ZAF,2025-12-17,TV,25,Female,Eligible,,Yes,2026-07-30T20:12:28.577992
SCR-002973,CRC-GLB-301,SITE-0056,INV-0111,ZAF,2025-05-25,FN,63,Male,Screen Failure,Withdrew Consent,Yes,2026-07-30T20:12:28.577992
SCR-002974,CRC-GLB-301,SITE-0002,INV-0004,IND,2025-04-27,MF,72,Male,Eligible,,Yes,2026-07-30T20:12:28.577992
SCR-002975,CRC-GLB-301,SITE-0057,INV-0114,KEN,2025-12-04,DF,32,Male,Eligible,,Yes,2026-07-30T20:12:28.577992
SCR-002976,CRC-GLB-301,SITE-0026,INV-0052,CAN,2025-02-28,AY,51,Female,Eligible,,Yes,2026-07-30T20:12:28.577992
SCR-002977,CRC-GLB-301,SITE-0012,INV-0024,SGP,2025-03-12,YS,67,Female,Screen Failure,Abnormal Laboratory Values,Yes,2026-07-30T20:12:28.577992
SCR-002978,CRC-GLB-301,SITE-0036,INV-0072,GBR,2025-03-01,XF,40,Female,Eligible,,Yes,2026-07-30T20:12:28.577992
SCR-002979,CRC-GLB-301,SITE-0061,INV-0122,KEN,2025-09-25,JY,22,Female,Eligible,,Yes,2026-07-30T20:12:28.577992
SCR-002980,CRC-GLB-301,SITE-0027,INV-0054,CAN,2025-04-03,QB,53,Female,Screen Failure,Abnormal Laboratory Values,Yes,2026-07-30T20:12:28.577992
SCR-002981,CRC-GLB-301,SITE-0009,INV-0018,SGP,2025-06-17,WC,74,Male,Eligible,,Yes,2026-07-30T20:12:28.577992
SCR-002982,CRC-GLB-301,SITE-0012,INV-0024,SGP,2025-11-14,QE,56,Male,Eligible,,Yes,2026-07-30T20:12:28.577992
SCR-002983,CRC-GLB-301,SITE-0006,INV-0011,IND,2025-05-27,OL,52,Female,Eligible,,Yes,2026-07-30T20:12:28.577992
SCR-002984,CRC-GLB-301,SITE-0010,INV-0020,SGP,2025-04-23,GL,60,Male,Screen Failure,Exclusion Criteria Met,Yes,2026-07-30T20:12:28.577992
SCR-002985,CRC-GLB-301,SITE-0050,INV-0100,ZAF,2025-08-18,OZ,39,Female,Eligible,,Yes,2026-07-30T20:12:28.577992
SCR-002986,CRC-GLB-301,SITE-0038,INV-0076,GBR,2025-07-13,VD,23,Female,Screen Failure,Exclusion Criteria Met,Yes,2026-07-30T20:12:28.577992
SCR-002987,CRC-GLB-301,SITE-0060,INV-0119,KEN,2025-04-12,NT,52,Male,Eligible,,Yes,2026-07-30T20:12:28.577992
SCR-002988,CRC-GLB-301,SITE-0002,INV-0003,IND,2025-11-01,IN,61,Female,Eligible,,Yes,2026-07-30T20:12:28.577992
SCR-002989,CRC-GLB-301,SITE-0062,INV-0124,KEN,2025-03-31,CS,48,Female,Eligible,,Yes,2026-07-30T20:12:28.577992
SCR-002990,CRC-GLB-301,SITE-0003,INV-0005,IND,2025-09-02,NG,72,Male,Screen Failure,Exclusion Criteria Met,Yes,2026-07-30T20:12:28.577992
SCR-002991,CRC-GLB-301,SITE-0040,INV-0080,GBR,2025-11-28,QT,55,Male,Eligible,,Yes,2026-07-30T20:12:28.577992
SCR-002992,CRC-GLB-301,SITE-0059,INV-0118,KEN,2025-04-19,LK,66,Male,Screen Failure,Abnormal Laboratory Values,Yes,2026-07-30T20:12:28.577992
SCR-002993,CRC-GLB-301,SITE-0058,INV-0116,KEN,2025-08-01,GK,77,Male,Eligible,,Yes,2026-07-30T20:12:28.577992
SCR-002994,CRC-GLB-301,SITE-0050,INV-0099,ZAF,2025-07-26,OV,26,Female,Eligible,,Yes,2026-07-30T20:12:28.577992
SCR-002995,CRC-GLB-301,SITE-0039,INV-0077,GBR,2025-09-23,JN,22,Male,Eligible,,Yes,2026-07-30T20:12:28.577992
SCR-002996,CRC-GLB-301,SITE-0020,INV-0040,USA,2025-12-23,EV,19,Female,Screen Failure,Withdrew Consent,Yes,2026-07-30T20:12:28.577992
SCR-002997,CRC-GLB-301,SITE-0043,INV-0085,DEU,2025-12-24,LV,67,Male,Eligible,,Yes,2026-07-30T20:12:28.577992
SCR-002998,CRC-GLB-301,SITE-0038,INV-0075,GBR,2025-07-06,KW,22,Female,Eligible,,Yes,2026-07-30T20:12:28.577992
SCR-002999,CRC-GLB-301,SITE-0005,INV-0009,IND,2025-12-28,GG,72,Male,Eligible,,Yes,2026-07-30T20:12:28.577992
SCR-003000,CRC-GLB-301,SITE-0028,INV-0055,CAN,2025-09-05,QR,20,Female,Screen Failure,Withdrew Consent,Yes,2026-07-30T20:12:28.577992
SCR-003001,CRC-GLB-301,SITE-0061,INV-0121,KEN,2025-10-08,YE,41,Female,Eligible,,Yes,2026-07-30T20:12:28.577992
SCR-003002,CRC-GLB-301,SITE-0053,INV-0106,ZAF,2025-02-11,PU,75,Female,Screen Failure,Abnormal Laboratory Values,Yes,2026-07-30T20:12:28.577992
SCR-003003,CRC-GLB-301,SITE-0043,INV-0085,DEU,2025-09-15,TR,23,Female,Eligible,,Yes,2026-07-30T20:12:28.577992
SCR-003004,CRC-GLB-301,SITE-0061,INV-0121,KEN,2025-10-21,KH,39,Female,Eligible,,Yes,2026-07-30T20:12:28.577992
SCR-003005,CRC-GLB-301,SITE-0052,INV-0103,ZAF,2025-06-11,UQ,20,Female,Eligible,,Yes,2026-07-30T20:12:28.577992
SCR-003006,CRC-GLB-301,SITE-0018,INV-0035,USA,2025-12-22,LG,72,Male,Screen Failure,Inclusion Criteria Not Met,Yes,2026-07-30T20:12:28.577992
SCR-003007,CRC-GLB-301,SITE-0052,INV-0104,ZAF,2025-07-28,KE,25,Male,Screen Failure,Inclusion Criteria Not Met,Yes,2026-07-30T20:12:28.577992
SCR-003008,CRC-GLB-301,SITE-0052,INV-0103,ZAF,2025-10-23,YR,19,Female,Eligible,,Yes,2026-07-30T20:12:28.577992
SCR-003009,CRC-GLB-301,SITE-0025,INV-0049,CAN,2025-09-18,VC,38,Female,Eligible,,Yes,2026-07-30T20:12:28.577992
SCR-003010,CRC-GLB-301,SITE-0016,INV-0031,SGP,2025-08-03,SZ,44,Male,Eligible,,Yes,2026-07-30T20:12:28.577992
SCR-003011,CRC-GLB-301,SITE-0060,INV-0119,KEN,2025-08-23,TX,72,Female,Eligible,,Yes,2026-07-30T20:12:28.577992
SCR-003012,CRC-GLB-301,SITE-0034,INV-0067,GBR,2025-07-27,PE,44,Male,Eligible,,Yes,2026-07-30T20:12:28.577992
SCR-003013,CRC-GLB-301,SITE-0012,INV-0023,SGP,2025-06-17,HZ,20,Male,Eligible,,Yes,2026-07-30T20:12:28.577992
SCR-003014,CRC-GLB-301,SITE-0037,INV-0074,GBR,2025-10-17,PK,21,Female,Eligible,,Yes,2026-07-30T20:12:28.577992
SCR-003015,CRC-GLB-301,SITE-0023,INV-0045,USA,2025-11-12,IO,42,Male,Eligible,,Yes,2026-07-30T20:12:28.577992
SCR-003016,CRC-GLB-301,SITE-0048,INV-0096,DEU,2025-11-07,NY,52,Male,Eligible,,Yes,2026-07-30T20:12:28.577992
SCR-003017,CRC-GLB-301,SITE-0036,INV-0071,GBR,2025-01-28,SU,27,Female,Eligible,,Yes,2026-07-30T20:12:28.577992
SCR-003018,CRC-GLB-301,SITE-0015,INV-0030,SGP,2025-08-30,NY,67,Female,Eligible,,Yes,2026-07-30T20:12:28.577992
SCR-003019,CRC-GLB-301,SITE-0035,INV-0069,GBR,2025-12-14,CW,85,Male,Eligible,,Yes,2026-07-30T20:12:28.577992
SCR-003020,CRC-GLB-301,SITE-0014,INV-0028,SGP,2025-10-25,XR,83,Male,Screen Failure,Abnormal Laboratory Values,Yes,2026-07-30T20:12:28.577992
SCR-003021,CRC-GLB-301,SITE-0043,INV-0085,DEU,2025-04-13,YU,32,Female,Eligible,,Yes,2026-07-30T20:12:28.577992
SCR-003022,CRC-GLB-301,SITE-0007,INV-0013,IND,2025-07-31,QB,24,Male,Eligible,,Yes,2026-07-30T20:12:28.577992
SCR-003023,CRC-GLB-301,SITE-0004,INV-0007,IND,2025-09-23,QW,26,Female,Eligible,,Yes,2026-07-30T20:12:28.577992
SCR-003024,CRC-GLB-301,SITE-0021,INV-0042,USA,2025-03-18,NP,71,Male,Eligible,,Yes,2026-07-30T20:12:28.577992
SCR-003025,CRC-GLB-301,SITE-0038,INV-0076,GBR,2025-09-27,IY,20,Female,Eligible,,Yes,2026-07-30T20:12:28.577992
SCR-003026,CRC-GLB-301,SITE-0019,INV-0038,USA,2025-10-17,EQ,53,Male,Eligible,,Yes,2026-07-30T20:12:28.577992
SCR-003027,CRC-GLB-301,SITE-0010,INV-0020,SGP,2025-08-05,YR,67,Male,Screen Failure,Inclusion Criteria Not Met,Yes,2026-07-30T20:12:28.577992
SCR-003028,CRC-GLB-301,SITE-0022,INV-0044,USA,2025-07-27,KA,22,Male,Eligible,,Yes,2026-07-30T20:12:28.577992
SCR-003029,CRC-GLB-301,SITE-0003,INV-0005,IND,2025-11-16,DB,40,Female,Eligible,,Yes,2026-07-30T20:12:28.577992
SCR-003030,CRC-GLB-301,SITE-0025,INV-0050,CAN,2025-05-24,HI,66,Male,Eligible,,Yes,2026-07-30T20:12:28.577992
SCR-003031,CRC-GLB-301,SITE-0033,INV-0066,GBR,2025-09-25,RW,18,Male,Eligible,,Yes,2026-07-30T20:12:28.577992
SCR-003032,CRC-GLB-301,SITE-0023,INV-0045,USA,2025-06-01,VY,36,Female,Eligible,,Yes,2026-07-30T20:12:28.577992
SCR-003033,CRC-GLB-301,SITE-0021,INV-0042,USA,2025-04-21,KA,29,Male,Eligible,,Yes,2026-07-30T20:12:28.577992
SCR-003034,CRC-GLB-301,SITE-0029,INV-0058,CAN,2025-07-06,GE,52,Female,Eligible,,Yes,2026-07-30T20:12:28.577992
SCR-003035,CRC-GLB-301,SITE-0052,INV-0103,ZAF,2025-05-08,PQ,75,Male,Eligible,,Yes,2026-07-30T20:12:28.577992
SCR-003036,CRC-GLB-301,SITE-0017,INV-0034,USA,2025-05-05,JD,57,Male,Eligible,,Yes,2026-07-30T20:12:28.577992
SCR-003037,CRC-GLB-301,SITE-0046,INV-0092,DEU,2025-04-24,SL,82,Male,Eligible,,Yes,2026-07-30T20:12:28.577992
SCR-003038,CRC-GLB-301,SITE-0057,INV-0114,KEN,2025-12-14,AG,69,Female,Screen Failure,Abnormal Laboratory Values,Yes,2026-07-30T20:12:28.577992
SCR-003039,CRC-GLB-301,SITE-0019,INV-0037,USA,2025-06-30,WO,81,Male,Eligible,,Yes,2026-07-30T20:12:28.577992
SCR-003040,CRC-GLB-301,SITE-0048,INV-0096,DEU,2025-12-31,KD,43,Male,Eligible,,Yes,2026-07-30T20:12:28.577992
SCR-003041,CRC-GLB-301,SITE-0030,INV-0060,CAN,2025-01-20,JU,85,Female,Eligible,,Yes,2026-07-30T20:12:28.577992
SCR-003042,CRC-GLB-301,SITE-0037,INV-0073,GBR,2025-07-10,PO,80,Male,Screen Failure,Exclusion Criteria Met,Yes,2026-07-30T20:12:28.577992
SCR-003043,CRC-GLB-301,SITE-0018,INV-0035,USA,2025-05-12,EN,41,Male,Eligible,,Yes,2026-07-30T20:12:28.577992
SCR-003044,CRC-GLB-301,SITE-0053,INV-0105,ZAF,2025-01-06,JK,76,Female,Eligible,,Yes,2026-07-30T20:12:28.577992
SCR-003045,CRC-GLB-301,SITE-0023,INV-0045,USA,2025-06-26,JZ,37,Male,Eligible,,Yes,2026-07-30T20:12:28.577992
SCR-003046,CRC-GLB-301,SITE-0028,INV-0056,CAN,2025-10-11,TW,69,Female,Eligible,,Yes,2026-07-30T20:12:28.577992
SCR-003047,CRC-GLB-301,SITE-0064,INV-0128,KEN,2025-11-09,EX,73,Male,Eligible,,Yes,2026-07-30T20:12:28.577992
SCR-003048,CRC-GLB-301,SITE-0039,INV-0077,GBR,2025-05-07,GE,84,Female,Eligible,,Yes,2026-07-30T20:12:28.577992
SCR-003049,CRC-GLB-301,SITE-0032,INV-0063,CAN,2025-06-17,FN,42,Male,Eligible,,Yes,2026-07-30T20:12:28.577992
SCR-003050,CRC-GLB-301,SITE-0020,INV-0039,USA,2025-07-26,AA,26,Female,Eligible,,Yes,2026-07-30T20:12:28.577992
SCR-003051,CRC-GLB-301,SITE-0039,INV-0077,GBR,2025-12-01,ZS,69,Male,Eligible,,Yes,2026-07-30T20:12:28.577992
SCR-003052,CRC-GLB-301,SITE-0009,INV-0018,SGP,2025-11-30,RW,54,Male,Eligible,,Yes,2026-07-30T20:12:28.577992
SCR-003053,CRC-GLB-301,SITE-0028,INV-0056,CAN,2025-03-02,AN,81,Female,Eligible,,Yes,2026-07-30T20:12:28.577992
SCR-003054,CRC-GLB-301,SITE-0020,INV-0040,USA,2025-03-09,AP,73,Female,Eligible,,Yes,2026-07-30T20:12:28.577992
SCR-003055,CRC-GLB-301,SITE-0050,INV-0100,ZAF,2025-03-23,TR,35,Female,Eligible,,Yes,2026-07-30T20:12:28.577992
SCR-003056,CRC-GLB-301,SITE-0002,INV-0004,IND,2025-01-29,NG,47,Male,Screen Failure,Exclusion Criteria Met,Yes,2026-07-30T20:12:28.577992
SCR-003057,CRC-GLB-301,SITE-0063,INV-0126,KEN,2025-08-08,PU,51,Female,Eligible,,Yes,2026-07-30T20:12:28.577992
SCR-003058,CRC-GLB-301,SITE-0017,INV-0033,USA,2025-11-29,ZJ,34,Male,Eligible,,Yes,2026-07-30T20:12:28.577992
SCR-003059,CRC-GLB-301,SITE-0011,INV-0022,SGP,2025-12-04,JQ,18,Female,Eligible,,Yes,2026-07-30T20:12:28.577992
SCR-003060,CRC-GLB-301,SITE-0053,INV-0106,ZAF,2025-09-27,LI,79,Male,Screen Failure,Inclusion Criteria Not Met,Yes,2026-07-30T20:12:28.577992
SCR-003061,CRC-GLB-301,SITE-0038,INV-0075,GBR,2025-06-08,GY,80,Female,Eligible,,Yes,2026-07-30T20:12:28.577992
SCR-003062,CRC-GLB-301,SITE-0016,INV-0031,SGP,2025-06-12,FB,42,Female,Eligible,,Yes,2026-07-30T20:12:28.577992
SCR-003063,CRC-GLB-301,SITE-0041,INV-0082,DEU,2025-02-19,AM,81,Male,Eligible,,Yes,2026-07-30T20:12:28.577992
SCR-003064,CRC-GLB-301,SITE-0022,INV-0043,USA,2025-09-12,ZJ,46,Female,Eligible,,Yes,2026-07-30T20:12:28.577992
SCR-003065,CRC-GLB-301,SITE-0012,INV-0023,SGP,2025-01-24,DI,27,Male,Eligible,,Yes,2026-07-30T20:12:28.577992
SCR-003066,CRC-GLB-301,SITE-0062,INV-0123,KEN,2025-04-18,LE,41,Female,Eligible,,Yes,2026-07-30T20:12:28.577992
SCR-003067,CRC-GLB-301,SITE-0040,INV-0080,GBR,2025-08-18,HP,52,Female,Eligible,,Yes,2026-07-30T20:12:28.577992
SCR-003068,CRC-GLB-301,SITE-0056,INV-0111,ZAF,2025-10-01,KD,46,Female,Screen Failure,Withdrew Consent,Yes,2026-07-30T20:12:28.577992
SCR-003069,CRC-GLB-301,SITE-0009,INV-0017,SGP,2025-12-21,VK,27,Male,Eligible,,Yes,2026-07-30T20:12:28.577992
SCR-003070,CRC-GLB-301,SITE-0061,INV-0121,KEN,2025-12-19,OU,63,Male,Eligible,,Yes,2026-07-30T20:12:28.577992
SCR-003071,CRC-GLB-301,SITE-0062,INV-0123,KEN,2025-12-03,EN,62,Male,Eligible,,Yes,2026-07-30T20:12:28.577992
SCR-003072,CRC-GLB-301,SITE-0035,INV-0070,GBR,2025-07-16,FG,27,Female,Eligible,,Yes,2026-07-30T20:12:28.577992
SCR-003073,CRC-GLB-301,SITE-0001,INV-0002,IND,2025-06-27,OC,30,Female,Eligible,,Yes,2026-07-30T20:12:28.577992
SCR-003074,CRC-GLB-301,SITE-0058,INV-0116,KEN,2025-05-19,SQ,64,Male,Eligible,,Yes,2026-07-30T20:12:28.577992
SCR-003075,CRC-GLB-301,SITE-0015,INV-0030,SGP,2025-01-25,QV,18,Male,Eligible,,Yes,2026-07-30T20:12:28.577992
SCR-003076,CRC-GLB-301,SITE-0037,INV-0073,GBR,2025-01-07,SI,57,Male,Screen Failure,Exclusion Criteria Met,Yes,2026-07-30T20:12:28.577992
SCR-003077,CRC-GLB-301,SITE-0036,INV-0071,GBR,2025-11-06,YS,37,Male,Screen Failure,Exclusion Criteria Met,Yes,2026-07-30T20:12:28.577992
SCR-003078,CRC-GLB-301,SITE-0011,INV-0021,SGP,2025-12-15,FJ,38,Male,Eligible,,Yes,2026-07-30T20:12:28.577992
SCR-003079,CRC-GLB-301,SITE-0031,INV-0062,CAN,2025-10-06,OR,53,Male,Eligible,,Yes,2026-07-30T20:12:28.577992
SCR-003080,CRC-GLB-301,SITE-0057,INV-0113,KEN,2025-07-20,IP,61,Male,Screen Failure,Exclusion Criteria Met,Yes,2026-07-30T20:12:28.577992
SCR-003081,CRC-GLB-301,SITE-0049,INV-0098,ZAF,2025-12-21,LP,44,Male,Eligible,,Yes,2026-07-30T20:12:28.577992
SCR-003082,CRC-GLB-301,SITE-0044,INV-0088,DEU,2025-04-13,BE,77,Female,Screen Failure,Exclusion Criteria Met,Yes,2026-07-30T20:12:28.577992
SCR-003083,CRC-GLB-301,SITE-0034,INV-0067,GBR,2025-09-15,XX,73,Female,Eligible,,Yes,2026-07-30T20:12:28.577992
SCR-003084,CRC-GLB-301,SITE-0006,INV-0012,IND,2025-01-22,PB,33,Male,Eligible,,Yes,2026-07-30T20:12:28.577992
SCR-003085,CRC-GLB-301,SITE-0037,INV-0073,GBR,2025-02-10,CR,36,Female,Eligible,,Yes,2026-07-30T20:12:28.577992
SCR-003086,CRC-GLB-301,SITE-0049,INV-0097,ZAF,2025-02-19,IH,61,Male,Eligible,,Yes,2026-07-30T20:12:28.577992
SCR-003087,CRC-GLB-301,SITE-0044,INV-0087,DEU,2025-07-24,GR,32,Female,Eligible,,Yes,2026-07-30T20:12:28.577992
SCR-003088,CRC-GLB-301,SITE-0005,INV-0010,IND,2025-08-21,UR,38,Male,Eligible,,Yes,2026-07-30T20:12:28.577992
SCR-003089,CRC-GLB-301,SITE-0003,INV-0006,IND,2025-04-26,PM,18,Female,Eligible,,Yes,2026-07-30T20:12:28.577992
SCR-003090,CRC-GLB-301,SITE-0062,INV-0124,KEN,2025-07-06,SH,25,Male,Eligible,,Yes,2026-07-30T20:12:28.577992
SCR-003091,CRC-GLB-301,SITE-0026,INV-0051,CAN,2025-08-16,TH,27,Female,Eligible,,Yes,2026-07-30T20:12:28.577992
SCR-003092,CRC-GLB-301,SITE-0032,INV-0064,CAN,2025-09-06,UZ,34,Female,Screen Failure,Withdrew Consent,Yes,2026-07-30T20:12:28.577992
SCR-003093,CRC-GLB-301,SITE-0024,INV-0047,USA,2025-06-17,SO,18,Female,Eligible,,Yes,2026-07-30T20:12:28.577992
SCR-003094,CRC-GLB-301,SITE-0030,INV-0059,CAN,2025-07-16,BN,20,Male,Screen Failure,Exclusion Criteria Met,Yes,2026-07-30T20:12:28.577992
SCR-003095,CRC-GLB-301,SITE-0048,INV-0096,DEU,2025-10-12,XA,67,Female,Eligible,,Yes,2026-07-30T20:12:28.577992
SCR-003096,CRC-GLB-301,SITE-0007,INV-0014,IND,2025-01-27,KB,68,Male,Eligible,,Yes,2026-07-30T20:12:28.577992
SCR-003097,CRC-GLB-301,SITE-0056,INV-0111,ZAF,2025-01-23,DN,29,Female,Screen Failure,Abnormal Laboratory Values,Yes,2026-07-30T20:12:28.577992
SCR-003098,CRC-GLB-301,SITE-0035,INV-0069,GBR,2025-11-16,OD,45,Male,Eligible,,Yes,2026-07-30T20:12:28.577992
SCR-003099,CRC-GLB-301,SITE-0016,INV-0031,SGP,2025-01-31,UG,21,Male,Eligible,,Yes,2026-07-30T20:12:28.577992
SCR-003100,CRC-GLB-301,SITE-0047,INV-0093,DEU,2025-01-12,PI,43,Female,Eligible,,Yes,2026-07-30T20:12:28.577992
SCR-003101,CRC-GLB-301,SITE-0048,INV-0096,DEU,2025-12-23,PG,32,Male,Eligible,,Yes,2026-07-30T20:12:28.577992
SCR-003102,CRC-GLB-301,SITE-0051,INV-0101,ZAF,2025-01-26,QN,23,Male,Eligible,,Yes,2026-07-30T20:12:28.577992
SCR-003103,CRC-GLB-301,SITE-0060,INV-0120,KEN,2025-06-01,RG,52,Male,Screen Failure,Withdrew Consent,Yes,2026-07-30T20:12:28.577992
SCR-003104,CRC-GLB-301,SITE-0006,INV-0012,IND,2025-05-27,TZ,54,Female,Eligible,,Yes,2026-07-30T20:12:28.577992
SCR-003105,CRC-GLB-301,SITE-0043,INV-0085,DEU,2025-09-21,CO,33,Female,Eligible,,Yes,2026-07-30T20:12:28.577992
SCR-003106,CRC-GLB-301,SITE-0045,INV-0090,DEU,2025-09-29,FX,54,Female,Eligible,,Yes,2026-07-30T20:12:28.577992
SCR-003107,CRC-GLB-301,SITE-0051,INV-0102,ZAF,2025-03-22,WP,65,Male,Eligible,,Yes,2026-07-30T20:12:28.577992
SCR-003108,CRC-GLB-301,SITE-0016,INV-0032,SGP,2025-11-12,MI,70,Female,Eligible,,Yes,2026-07-30T20:12:28.577992
SCR-003109,CRC-GLB-301,SITE-0002,INV-0003,IND,2025-07-29,CK,35,Female,Eligible,,Yes,2026-07-30T20:12:28.577992
SCR-003110,CRC-GLB-301,SITE-0055,INV-0109,ZAF,2025-08-18,AL,37,Female,Eligible,,Yes,2026-07-30T20:12:28.577992
SCR-003111,CRC-GLB-301,SITE-0052,INV-0103,ZAF,2025-03-09,FU,26,Female,Eligible,,Yes,2026-07-30T20:12:28.577992
SCR-003112,CRC-GLB-301,SITE-0047,INV-0093,DEU,2025-02-06,JF,18,Male,Eligible,,Yes,2026-07-30T20:12:28.577992
SCR-003113,CRC-GLB-301,SITE-0057,INV-0113,KEN,2025-12-14,SY,72,Female,Eligible,,Yes,2026-07-30T20:12:28.577992
SCR-003114,CRC-GLB-301,SITE-0013,INV-0026,SGP,2025-08-05,BN,25,Female,Eligible,,Yes,2026-07-30T20:12:28.577992
SCR-003115,CRC-GLB-301,SITE-0017,INV-0033,USA,2025-05-11,HF,59,Female,Eligible,,Yes,2026-07-30T20:12:28.577992
SCR-003116,CRC-GLB-301,SITE-0057,INV-0114,KEN,2025-12-30,JG,64,Male,Screen Failure,Inclusion Criteria Not Met,Yes,2026-07-30T20:12:28.577992
SCR-003117,CRC-GLB-301,SITE-0013,INV-0026,SGP,2025-12-22,YX,24,Female,Eligible,,Yes,2026-07-30T20:12:28.577992
SCR-003118,CRC-GLB-301,SITE-0059,INV-0117,KEN,2025-10-21,YC,85,Female,Eligible,,Yes,2026-07-30T20:12:28.577992
SCR-003119,CRC-GLB-301,SITE-0056,INV-0112,ZAF,2025-07-27,PL,67,Male,Eligible,,Yes,2026-07-30T20:12:28.577992
SCR-003120,CRC-GLB-301,SITE-0031,INV-0061,CAN,2025-06-15,SM,76,Female,Eligible,,Yes,2026-07-30T20:12:28.577992
SCR-003121,CRC-GLB-301,SITE-0001,INV-0002,IND,2025-12-18,MU,49,Female,Eligible,,Yes,2026-07-30T20:12:28.577992
SCR-003122,CRC-GLB-301,SITE-0061,INV-0121,KEN,2025-10-05,GW,30,Male,Eligible,,Yes,2026-07-30T20:12:28.577992
SCR-003123,CRC-GLB-301,SITE-0021,INV-0041,USA,2025-11-05,JM,45,Male,Eligible,,Yes,2026-07-30T20:12:28.577992
SCR-003124,CRC-GLB-301,SITE-0019,INV-0038,USA,2025-04-19,UD,69,Female,Eligible,,Yes,2026-07-30T20:12:28.577992
SCR-003125,CRC-GLB-301,SITE-0034,INV-0067,GBR,2025-04-06,WX,59,Male,Eligible,,Yes,2026-07-30T20:12:28.577992
SCR-003126,CRC-GLB-301,SITE-0021,INV-0042,USA,2025-08-24,JW,41,Female,Eligible,,Yes,2026-07-30T20:12:28.577992
SCR-003127,CRC-GLB-301,SITE-0022,INV-0044,USA,2025-08-31,XQ,38,Male,Eligible,,Yes,2026-07-30T20:12:28.577992
SCR-003128,CRC-GLB-301,SITE-0044,INV-0087,DEU,2025-01-24,DR,20,Male,Eligible,,Yes,2026-07-30T20:12:28.577992
SCR-003129,CRC-GLB-301,SITE-0033,INV-0065,GBR,2025-08-05,QF,40,Female,Screen Failure,Inclusion Criteria Not Met,Yes,2026-07-30T20:12:28.577992
SCR-003130,CRC-GLB-301,SITE-0038,INV-0075,GBR,2025-06-02,MB,85,Male,Screen Failure,Exclusion Criteria Met,Yes,2026-07-30T20:12:28.577992
SCR-003131,CRC-GLB-301,SITE-0002,INV-0004,IND,2025-06-14,WI,52,Female,Screen Failure,Abnormal Laboratory Values,Yes,2026-07-30T20:12:28.577992
SCR-003132,CRC-GLB-301,SITE-0017,INV-0034,USA,2025-08-15,IO,26,Male,Screen Failure,Inclusion Criteria Not Met,Yes,2026-07-30T20:12:28.577992
SCR-003133,CRC-GLB-301,SITE-0029,INV-0057,CAN,2025-01-02,SK,54,Male,Screen Failure,Inclusion Criteria Not Met,Yes,2026-07-30T20:12:28.577992
SCR-003134,CRC-GLB-301,SITE-0028,INV-0055,CAN,2025-04-05,UL,37,Male,Eligible,,Yes,2026-07-30T20:12:28.577992
SCR-003135,CRC-GLB-301,SITE-0064,INV-0128,KEN,2025-08-28,MF,27,Female,Eligible,,Yes,2026-07-30T20:12:28.577992
SCR-003136,CRC-GLB-301,SITE-0005,INV-0010,IND,2025-07-25,YS,21,Female,Eligible,,Yes,2026-07-30T20:12:28.577992
SCR-003137,CRC-GLB-301,SITE-0001,INV-0001,IND,2025-10-13,JG,22,Female,Eligible,,Yes,2026-07-30T20:12:28.577992
SCR-003138,CRC-GLB-301,SITE-0041,INV-0081,DEU,2025-11-16,NH,54,Male,Eligible,,Yes,2026-07-30T20:12:28.577992
SCR-003139,CRC-GLB-301,SITE-0005,INV-0010,IND,2025-12-29,HB,81,Female,Eligible,,Yes,2026-07-30T20:12:28.577992
SCR-003140,CRC-GLB-301,SITE-0003,INV-0006,IND,2025-08-31,UJ,39,Female,Eligible,,Yes,2026-07-30T20:12:28.577992
SCR-003141,CRC-GLB-301,SITE-0059,INV-0118,KEN,2025-03-12,JY,73,Male,Eligible,,Yes,2026-07-30T20:12:28.577992
SCR-003142,CRC-GLB-301,SITE-0002,INV-0003,IND,2025-12-28,KU,63,Female,Screen Failure,Exclusion Criteria Met,Yes,2026-07-30T20:12:28.577992
SCR-003143,CRC-GLB-301,SITE-0034,INV-0068,GBR,2025-02-06,HL,58,Female,Eligible,,Yes,2026-07-30T20:12:28.577992
SCR-003144,CRC-GLB-301,SITE-0027,INV-0053,CAN,2025-09-25,YZ,80,Female,Eligible,,Yes,2026-07-30T20:12:28.577992
SCR-003145,CRC-GLB-301,SITE-0010,INV-0020,SGP,2025-11-03,XN,22,Female,Eligible,,Yes,2026-07-30T20:12:28.577992
SCR-003146,CRC-GLB-301,SITE-0041,INV-0081,DEU,2025-05-25,PU,44,Male,Eligible,,Yes,2026-07-30T20:12:28.577992
SCR-003147,CRC-GLB-301,SITE-0054,INV-0108,ZAF,2025-04-21,DT,50,Female,Screen Failure,Abnormal Laboratory Values,Yes,2026-07-30T20:12:28.577992
SCR-003148,CRC-GLB-301,SITE-0013,INV-0025,SGP,2025-02-21,EO,27,Male,Eligible,,Yes,2026-07-30T20:12:28.577992
SCR-003149,CRC-GLB-301,SITE-0043,INV-0086,DEU,2025-04-27,GA,27,Male,Screen Failure,Abnormal Laboratory Values,Yes,2026-07-30T20:12:28.577992
SCR-003150,CRC-GLB-301,SITE-0058,INV-0116,KEN,2025-12-24,ZW,35,Male,Eligible,,Yes,2026-07-30T20:12:28.577992
SCR-003151,CRC-GLB-301,SITE-0039,INV-0078,GBR,2025-06-03,EX,38,Female,Eligible,,Yes,2026-07-30T20:12:28.577992
SCR-003152,CRC-GLB-301,SITE-0051,INV-0102,ZAF,2025-09-16,SB,83,Male,Eligible,,Yes,2026-07-30T20:12:28.577992
SCR-003153,CRC-GLB-301,SITE-0017,INV-0033,USA,2025-08-19,NO,79,Male,Eligible,,Yes,2026-07-30T20:12:28.577992
SCR-003154,CRC-GLB-301,SITE-0043,INV-0086,DEU,2025-02-04,KB,27,Male,Eligible,,Yes,2026-07-30T20:12:28.577992
SCR-003155,CRC-GLB-301,SITE-0033,INV-0066,GBR,2025-07-25,HT,52,Female,Eligible,,Yes,2026-07-30T20:12:28.577992
SCR-003156,CRC-GLB-301,SITE-0004,INV-0008,IND,2025-09-21,LL,52,Female,Eligible,,Yes,2026-07-30T20:12:28.577992
SCR-003157,CRC-GLB-301,SITE-0025,INV-0049,CAN,2025-11-14,WL,43,Female,Screen Failure,Inclusion Criteria Not Met,Yes,2026-07-30T20:12:28.577992
SCR-003158,CRC-GLB-301,SITE-0016,INV-0031,SGP,2025-10-06,BW,71,Male,Eligible,,Yes,2026-07-30T20:12:28.577992
SCR-003159,CRC-GLB-301,SITE-0050,INV-0100,ZAF,2025-01-04,CI,58,Female,Screen Failure,Exclusion Criteria Met,Yes,2026-07-30T20:12:28.577992
SCR-003160,CRC-GLB-301,SITE-0053,INV-0106,ZAF,2025-06-19,MY,69,Female,Eligible,,Yes,2026-07-30T20:12:28.577992
SCR-003161,CRC-GLB-301,SITE-0042,INV-0084,DEU,2025-09-10,JZ,40,Female,Eligible,,Yes,2026-07-30T20:12:28.577992
SCR-003162,CRC-GLB-301,SITE-0061,INV-0122,KEN,2025-05-21,AB,85,Female,Eligible,,Yes,2026-07-30T20:12:28.577992
SCR-003163,CRC-GLB-301,SITE-0044,INV-0088,DEU,2025-09-29,WH,25,Female,Eligible,,Yes,2026-07-30T20:12:28.577992
SCR-003164,CRC-GLB-301,SITE-0010,INV-0020,SGP,2025-07-15,JI,37,Male,Eligible,,Yes,2026-07-30T20:12:28.577992
SCR-003165,CRC-GLB-301,SITE-0033,INV-0066,GBR,2025-05-14,BN,78,Female,Eligible,,Yes,2026-07-30T20:12:28.577992
SCR-003166,CRC-GLB-301,SITE-0001,INV-0001,IND,2025-04-14,FK,72,Male,Eligible,,Yes,2026-07-30T20:12:28.577992
SCR-003167,CRC-GLB-301,SITE-0030,INV-0060,CAN,2025-01-22,SL,49,Female,Screen Failure,Withdrew Consent,Yes,2026-07-30T20:12:28.577992
SCR-003168,CRC-GLB-301,SITE-0025,INV-0049,CAN,2025-11-15,HY,37,Male,Eligible,,Yes,2026-07-30T20:12:28.577992
SCR-003169,CRC-GLB-301,SITE-0053,INV-0105,ZAF,2025-03-30,BS,24,Male,Eligible,,Yes,2026-07-30T20:12:28.577992
SCR-003170,CRC-GLB-301,SITE-0004,INV-0008,IND,2025-02-05,FR,19,Female,Eligible,,Yes,2026-07-30T20:12:28.577992
SCR-003171,CRC-GLB-301,SITE-0009,INV-0018,SGP,2025-11-02,MV,80,Male,Eligible,,Yes,2026-07-30T20:12:28.577992
SCR-003172,CRC-GLB-301,SITE-0035,INV-0070,GBR,2025-03-20,OC,64,Female,Eligible,,Yes,2026-07-30T20:12:28.577992
SCR-003173,CRC-GLB-301,SITE-0035,INV-0069,GBR,2025-06-02,IB,44,Female,Eligible,,Yes,2026-07-30T20:12:28.577992
SCR-003174,CRC-GLB-301,SITE-0049,INV-0098,ZAF,2025-06-03,ZZ,19,Female,Eligible,,Yes,2026-07-30T20:12:28.577992
SCR-003175,CRC-GLB-301,SITE-0064,INV-0127,KEN,2025-10-21,GA,61,Male,Eligible,,Yes,2026-07-30T20:12:28.577992
SCR-003176,CRC-GLB-301,SITE-0018,INV-0036,USA,2025-01-01,EQ,52,Male,Eligible,,Yes,2026-07-30T20:12:28.577992
SCR-003177,CRC-GLB-301,SITE-0006,INV-0011,IND,2025-02-16,JN,35,Female,Eligible,,Yes,2026-07-30T20:12:28.577992
SCR-003178,CRC-GLB-301,SITE-0036,INV-0071,GBR,2025-04-08,VD,47,Male,Screen Failure,Withdrew Consent,Yes,2026-07-30T20:12:28.577992
SCR-003179,CRC-GLB-301,SITE-0057,INV-0114,KEN,2025-05-27,NL,64,Male,Screen Failure,Withdrew Consent,Yes,2026-07-30T20:12:28.577992
SCR-003180,CRC-GLB-301,SITE-0040,INV-0079,GBR,2025-09-20,XT,84,Male,Eligible,,Yes,2026-07-30T20:12:28.577992
SCR-003181,CRC-GLB-301,SITE-0026,INV-0051,CAN,2025-09-14,NS,58,Female,Eligible,,Yes,2026-07-30T20:12:28.577992
SCR-003182,CRC-GLB-301,SITE-0036,INV-0071,GBR,2025-10-20,KG,46,Male,Eligible,,Yes,2026-07-30T20:12:28.577992
SCR-003183,CRC-GLB-301,SITE-0055,INV-0109,ZAF,2025-11-26,JO,53,Male,Eligible,,Yes,2026-07-30T20:12:28.577992
SCR-003184,CRC-GLB-301,SITE-0059,INV-0118,KEN,2025-09-04,HN,30,Female,Eligible,,Yes,2026-07-30T20:12:28.577992
SCR-003185,CRC-GLB-301,SITE-0025,INV-0049,CAN,2025-07-16,KV,45,Male,Eligible,,Yes,2026-07-30T20:12:28.577992
SCR-003186,CRC-GLB-301,SITE-0048,INV-0095,DEU,2025-09-29,YU,29,Female,Eligible,,Yes,2026-07-30T20:12:28.577992
SCR-003187,CRC-GLB-301,SITE-0020,INV-0040,USA,2025-03-17,XV,61,Female,Eligible,,Yes,2026-07-30T20:12:28.577992
SCR-003188,CRC-GLB-301,SITE-0054,INV-0107,ZAF,2025-08-04,YG,76,Male,Eligible,,Yes,2026-07-30T20:12:28.577992
SCR-003189,CRC-GLB-301,SITE-0029,INV-0058,CAN,2025-08-19,QY,21,Male,Screen Failure,Inclusion Criteria Not Met,Yes,2026-07-30T20:12:28.577992
SCR-003190,CRC-GLB-301,SITE-0022,INV-0043,USA,2025-12-14,VB,72,Female,Screen Failure,Withdrew Consent,Yes,2026-07-30T20:12:28.577992
SCR-003191,CRC-GLB-301,SITE-0035,INV-0070,GBR,2025-01-29,RO,77,Female,Eligible,,Yes,2026-07-30T20:12:28.577992
SCR-003192,CRC-GLB-301,SITE-0042,INV-0084,DEU,2025-11-18,UK,58,Female,Screen Failure,Inclusion Criteria Not Met,Yes,2026-07-30T20:12:28.577992
SCR-003193,CRC-GLB-301,SITE-0026,INV-0051,CAN,2025-08-20,TM,26,Female,Screen Failure,Inclusion Criteria Not Met,Yes,2026-07-30T20:12:28.577992
SCR-003194,CRC-GLB-301,SITE-0009,INV-0018,SGP,2025-09-10,PO,56,Female,Eligible,,Yes,2026-07-30T20:12:28.577992
SCR-003195,CRC-GLB-301,SITE-0050,INV-0099,ZAF,2025-07-27,VF,51,Female,Eligible,,Yes,2026-07-30T20:12:28.577992
SCR-003196,CRC-GLB-301,SITE-0053,INV-0105,ZAF,2025-09-26,AE,20,Female,Eligible,,Yes,2026-07-30T20:12:28.577992
SCR-003197,CRC-GLB-301,SITE-0052,INV-0103,ZAF,2025-05-02,PR,41,Male,Screen Failure,Exclusion Criteria Met,Yes,2026-07-30T20:12:28.577992
SCR-003198,CRC-GLB-301,SITE-0004,INV-0008,IND,2025-10-08,WO,37,Female,Screen Failure,Inclusion Criteria Not Met,Yes,2026-07-30T20:12:28.577992
SCR-003199,CRC-GLB-301,SITE-0013,INV-0025,SGP,2025-01-14,QM,69,Female,Eligible,,Yes,2026-07-30T20:12:28.577992
SCR-003200,CRC-GLB-301,SITE-0005,INV-0009,IND,2025-01-25,LD,79,Male,Eligible,,Yes,2026-07-30T20:12:28.577992
SCR-003201,CRC-GLB-301,SITE-0019,INV-0038,USA,2025-10-11,PG,53,Female,Eligible,,Yes,2026-07-30T20:12:28.577992
SCR-003202,CRC-GLB-301,SITE-0039,INV-0078,GBR,2025-01-24,GI,71,Female,Eligible,,Yes,2026-07-30T20:12:28.577992
SCR-003203,CRC-GLB-301,SITE-0042,INV-0084,DEU,2025-09-19,PW,46,Male,Eligible,,Yes,2026-07-30T20:12:28.577992
SCR-003204,CRC-GLB-301,SITE-0044,INV-0088,DEU,2025-01-07,UL,30,Male,Screen Failure,Withdrew Consent,Yes,2026-07-30T20:12:28.577992
SCR-003205,CRC-GLB-301,SITE-0028,INV-0055,CAN,2025-06-15,IQ,58,Female,Eligible,,Yes,2026-07-30T20:12:28.577992
SCR-003206,CRC-GLB-301,SITE-0005,INV-0010,IND,2025-11-26,CM,46,Female,Screen Failure,Exclusion Criteria Met,Yes,2026-07-30T20:12:28.577992
SCR-003207,CRC-GLB-301,SITE-0036,INV-0072,GBR,2025-06-09,JN,44,Male,Screen Failure,Inclusion Criteria Not Met,Yes,2026-07-30T20:12:28.577992
SCR-003208,CRC-GLB-301,SITE-0010,INV-0020,SGP,2025-02-02,IM,24,Male,Eligible,,Yes,2026-07-30T20:12:28.577992
SCR-003209,CRC-GLB-301,SITE-0020,INV-0039,USA,2025-11-28,UW,43,Female,Eligible,,Yes,2026-07-30T20:12:28.577992
SCR-003210,CRC-GLB-301,SITE-0057,INV-0113,KEN,2025-06-16,QK,27,Male,Eligible,,Yes,2026-07-30T20:12:28.577992
SCR-003211,CRC-GLB-301,SITE-0057,INV-0114,KEN,2025-11-13,LB,36,Male,Eligible,,Yes,2026-07-30T20:12:28.577992
SCR-003212,CRC-GLB-301,SITE-0039,INV-0078,GBR,2025-07-02,LH,70,Female,Eligible,,Yes,2026-07-30T20:12:28.577992
SCR-003213,CRC-GLB-301,SITE-0038,INV-0075,GBR,2025-04-29,VL,72,Female,Eligible,,Yes,2026-07-30T20:12:28.577992
SCR-003214,CRC-GLB-301,SITE-0003,INV-0005,IND,2025-08-10,FD,58,Female,Eligible,,Yes,2026-07-30T20:12:28.577992
SCR-003215,CRC-GLB-301,SITE-0028,INV-0056,CAN,2025-09-17,RW,63,Female,Eligible,,Yes,2026-07-30T20:12:28.577992
SCR-003216,CRC-GLB-301,SITE-0047,INV-0094,DEU,2025-12-28,XP,36,Female,Eligible,,Yes,2026-07-30T20:12:28.577992
SCR-003217,CRC-GLB-301,SITE-0030,INV-0059,CAN,2025-09-18,KO,44,Male,Eligible,,Yes,2026-07-30T20:12:28.577992
SCR-003218,CRC-GLB-301,SITE-0018,INV-0035,USA,2025-06-19,OX,56,Male,Eligible,,Yes,2026-07-30T20:12:28.577992
SCR-003219,CRC-GLB-301,SITE-0030,INV-0059,CAN,2025-03-31,HJ,65,Male,Eligible,,Yes,2026-07-30T20:12:28.577992
SCR-003220,CRC-GLB-301,SITE-0045,INV-0090,DEU,2025-10-03,GL,67,Male,Eligible,,Yes,2026-07-30T20:12:28.577992
SCR-003221,CRC-GLB-301,SITE-0060,INV-0119,KEN,2025-06-03,HJ,78,Female,Eligible,,Yes,2026-07-30T20:12:28.577992
SCR-003222,CRC-GLB-301,SITE-0050,INV-0099,ZAF,2025-03-04,IQ,63,Female,Eligible,,Yes,2026-07-30T20:12:28.577992
SCR-003223,CRC-GLB-301,SITE-0011,INV-0022,SGP,2025-05-18,TY,32,Female,Eligible,,Yes,2026-07-30T20:12:28.577992
SCR-003224,CRC-GLB-301,SITE-0009,INV-0018,SGP,2025-01-02,IY,39,Male,Eligible,,Yes,2026-07-30T20:12:28.577992
SCR-003225,CRC-GLB-301,SITE-0013,INV-0026,SGP,2025-10-17,OQ,54,Male,Eligible,,Yes,2026-07-30T20:12:28.577992
SCR-003226,CRC-GLB-301,SITE-0030,INV-0060,CAN,2025-12-08,MS,25,Female,Screen Failure,Abnormal Laboratory Values,Yes,2026-07-30T20:12:28.577992
SCR-003227,CRC-GLB-301,SITE-0027,INV-0054,CAN,2025-08-19,HT,34,Male,Eligible,,Yes,2026-07-30T20:12:28.577992
SCR-003228,CRC-GLB-301,SITE-0052,INV-0104,ZAF,2025-12-07,QG,43,Male,Eligible,,Yes,2026-07-30T20:12:28.577992
SCR-003229,CRC-GLB-301,SITE-0020,INV-0040,USA,2025-11-21,JY,21,Female,Eligible,,Yes,2026-07-30T20:12:28.577992
SCR-003230,CRC-GLB-301,SITE-0024,INV-0047,USA,2025-10-13,XK,75,Female,Eligible,,Yes,2026-07-30T20:12:28.577992
SCR-003231,CRC-GLB-301,SITE-0016,INV-0032,SGP,2025-08-01,KY,18,Male,Eligible,,Yes,2026-07-30T20:12:28.577992
SCR-003232,CRC-GLB-301,SITE-0041,INV-0082,DEU,2025-05-04,HV,22,Male,Eligible,,Yes,2026-07-30T20:12:28.577992
SCR-003233,CRC-GLB-301,SITE-0017,INV-0033,USA,2025-12-15,SF,23,Male,Eligible,,Yes,2026-07-30T20:12:28.577992
SCR-003234,CRC-GLB-301,SITE-0027,INV-0054,CAN,2025-08-05,OX,80,Female,Eligible,,Yes,2026-07-30T20:12:28.577992
SCR-003235,CRC-GLB-301,SITE-0003,INV-0005,IND,2025-08-31,WP,59,Male,Eligible,,Yes,2026-07-30T20:12:28.577992
SCR-003236,CRC-GLB-301,SITE-0039,INV-0078,GBR,2025-07-26,DH,39,Male,Eligible,,Yes,2026-07-30T20:12:28.577992
SCR-003237,CRC-GLB-301,SITE-0032,INV-0064,CAN,2025-02-02,LW,64,Female,Eligible,,Yes,2026-07-30T20:12:28.577992
SCR-003238,CRC-GLB-301,SITE-0040,INV-0079,GBR,2025-01-27,CJ,80,Male,Screen Failure,Withdrew Consent,Yes,2026-07-30T20:12:28.577992
SCR-003239,CRC-GLB-301,SITE-0049,INV-0097,ZAF,2025-02-04,OU,63,Female,Eligible,,Yes,2026-07-30T20:12:28.577992
SCR-003240,CRC-GLB-301,SITE-0043,INV-0086,DEU,2025-10-26,TQ,80,Female,Eligible,,Yes,2026-07-30T20:12:28.577992
SCR-003241,CRC-GLB-301,SITE-0049,INV-0098,ZAF,2025-02-17,HB,45,Female,Eligible,,Yes,2026-07-30T20:12:28.577992
SCR-003242,CRC-GLB-301,SITE-0001,INV-0001,IND,2025-06-21,IS,44,Female,Eligible,,Yes,2026-07-30T20:12:28.577992
SCR-003243,CRC-GLB-301,SITE-0037,INV-0074,GBR,2025-10-09,KD,47,Male,Eligible,,Yes,2026-07-30T20:12:28.577992
SCR-003244,CRC-GLB-301,SITE-0039,INV-0078,GBR,2025-05-04,YB,64,Female,Eligible,,Yes,2026-07-30T20:12:28.577992
SCR-003245,CRC-GLB-301,SITE-0049,INV-0097,ZAF,2025-07-11,RH,43,Male,Eligible,,Yes,2026-07-30T20:12:28.577992
SCR-003246,CRC-GLB-301,SITE-0046,INV-0091,DEU,2025-02-28,GU,76,Female,Eligible,,Yes,2026-07-30T20:12:28.577992
SCR-003247,CRC-GLB-301,SITE-0041,INV-0081,DEU,2025-02-02,DR,55,Male,Eligible,,Yes,2026-07-30T20:12:28.577992
SCR-003248,CRC-GLB-301,SITE-0042,INV-0084,DEU,2025-05-05,LQ,72,Male,Eligible,,Yes,2026-07-30T20:12:28.577992
SCR-003249,CRC-GLB-301,SITE-0025,INV-0049,CAN,2025-09-15,BC,79,Male,Screen Failure,Abnormal Laboratory Values,Yes,2026-07-30T20:12:28.577992
SCR-003250,CRC-GLB-301,SITE-0011,INV-0022,SGP,2025-04-16,PI,26,Female,Eligible,,Yes,2026-07-30T20:12:28.577992
SCR-003251,CRC-GLB-301,SITE-0030,INV-0060,CAN,2025-09-04,NE,31,Male,Eligible,,Yes,2026-07-30T20:12:28.577992
SCR-003252,CRC-GLB-301,SITE-0063,INV-0125,KEN,2025-10-08,LB,69,Female,Eligible,,Yes,2026-07-30T20:12:28.577992
SCR-003253,CRC-GLB-301,SITE-0055,INV-0110,ZAF,2025-03-07,IL,24,Female,Eligible,,Yes,2026-07-30T20:12:28.577992
SCR-003254,CRC-GLB-301,SITE-0001,INV-0001,IND,2025-08-08,VR,49,Male,Eligible,,Yes,2026-07-30T20:12:28.577992
SCR-003255,CRC-GLB-301,SITE-0048,INV-0096,DEU,2025-04-02,SF,69,Male,Eligible,,Yes,2026-07-30T20:12:28.577992
SCR-003256,CRC-GLB-301,SITE-0007,INV-0013,IND,2025-04-10,BY,73,Female,Eligible,,Yes,2026-07-30T20:12:28.577992
SCR-003257,CRC-GLB-301,SITE-0043,INV-0085,DEU,2025-12-12,IV,39,Female,Eligible,,Yes,2026-07-30T20:12:28.577992
SCR-003258,CRC-GLB-301,SITE-0013,INV-0025,SGP,2025-05-29,UA,70,Female,Eligible,,Yes,2026-07-30T20:12:28.577992
SCR-003259,CRC-GLB-301,SITE-0005,INV-0009,IND,2025-06-11,BI,36,Male,Eligible,,Yes,2026-07-30T20:12:28.577992
SCR-003260,CRC-GLB-301,SITE-0013,INV-0026,SGP,2025-05-08,FT,36,Male,Screen Failure,Withdrew Consent,Yes,2026-07-30T20:12:28.577992
SCR-003261,CRC-GLB-301,SITE-0018,INV-0035,USA,2025-05-23,AZ,47,Male,Eligible,,Yes,2026-07-30T20:12:28.577992
SCR-003262,CRC-GLB-301,SITE-0024,INV-0047,USA,2025-01-25,JD,21,Male,Eligible,,Yes,2026-07-30T20:12:28.577992
SCR-003263,CRC-GLB-301,SITE-0006,INV-0011,IND,2025-02-28,TG,57,Male,Eligible,,Yes,2026-07-30T20:12:28.577992
SCR-003264,CRC-GLB-301,SITE-0029,INV-0057,CAN,2025-04-09,FE,41,Female,Eligible,,Yes,2026-07-30T20:12:28.577992
SCR-003265,CRC-GLB-301,SITE-0015,INV-0029,SGP,2025-05-05,TG,70,Female,Screen Failure,Exclusion Criteria Met,Yes,2026-07-30T20:12:28.577992
SCR-003266,CRC-GLB-301,SITE-0043,INV-0085,DEU,2025-04-21,HN,56,Female,Eligible,,Yes,2026-07-30T20:12:28.577992
SCR-003267,CRC-GLB-301,SITE-0057,INV-0114,KEN,2025-01-03,EP,73,Female,Eligible,,Yes,2026-07-30T20:12:28.577992
SCR-003268,CRC-GLB-301,SITE-0025,INV-0050,CAN,2025-03-31,TS,63,Male,Eligible,,Yes,2026-07-30T20:12:28.577992
SCR-003269,CRC-GLB-301,SITE-0056,INV-0112,ZAF,2025-11-22,RQ,49,Female,Eligible,,Yes,2026-07-30T20:12:28.577992
SCR-003270,CRC-GLB-301,SITE-0047,INV-0093,DEU,2025-11-15,MG,69,Male,Eligible,,Yes,2026-07-30T20:12:28.577992
SCR-003271,CRC-GLB-301,SITE-0043,INV-0085,DEU,2025-07-16,ZK,60,Male,Eligible,,Yes,2026-07-30T20:12:28.577992
SCR-003272,CRC-GLB-301,SITE-0035,INV-0070,GBR,2025-07-19,YJ,49,Male,Eligible,,Yes,2026-07-30T20:12:28.577992
SCR-003273,CRC-GLB-301,SITE-0054,INV-0108,ZAF,2025-06-03,CM,65,Male,Eligible,,Yes,2026-07-30T20:12:28.577992
SCR-003274,CRC-GLB-301,SITE-0032,INV-0064,CAN,2025-10-25,SE,74,Female,Eligible,,Yes,2026-07-30T20:12:28.577992
SCR-003275,CRC-GLB-301,SITE-0051,INV-0102,ZAF,2025-12-08,GF,70,Male,Screen Failure,Abnormal Laboratory Values,Yes,2026-07-30T20:12:28.577992
SCR-003276,CRC-GLB-301,SITE-0044,INV-0087,DEU,2025-05-29,FX,67,Female,Screen Failure,Exclusion Criteria Met,Yes,2026-07-30T20:12:28.577992
SCR-003277,CRC-GLB-301,SITE-0020,INV-0040,USA,2025-06-23,ME,76,Female,Screen Failure,Inclusion Criteria Not Met,Yes,2026-07-30T20:12:28.577992
SCR-003278,CRC-GLB-301,SITE-0026,INV-0051,CAN,2025-06-15,HY,54,Female,Eligible,,Yes,2026-07-30T20:12:28.577992
SCR-003279,CRC-GLB-301,SITE-0043,INV-0086,DEU,2025-05-07,RA,30,Female,Eligible,,Yes,2026-07-30T20:12:28.577992
SCR-003280,CRC-GLB-301,SITE-0019,INV-0038,USA,2025-10-30,QQ,27,Female,Screen Failure,Withdrew Consent,Yes,2026-07-30T20:12:28.577992
SCR-003281,CRC-GLB-301,SITE-0013,INV-0026,SGP,2025-04-25,RN,30,Female,Eligible,,Yes,2026-07-30T20:12:28.577992
SCR-003282,CRC-GLB-301,SITE-0026,INV-0052,CAN,2025-02-15,AA,44,Female,Eligible,,Yes,2026-07-30T20:12:28.577992
SCR-003283,CRC-GLB-301,SITE-0017,INV-0034,USA,2025-08-30,RU,18,Male,Screen Failure,Inclusion Criteria Not Met,Yes,2026-07-30T20:12:28.577992
SCR-003284,CRC-GLB-301,SITE-0036,INV-0072,GBR,2025-10-11,XA,35,Female,Screen Failure,Withdrew Consent,Yes,2026-07-30T20:12:28.577992
SCR-003285,CRC-GLB-301,SITE-0036,INV-0071,GBR,2025-03-02,DD,54,Female,Eligible,,Yes,2026-07-30T20:12:28.577992
SCR-003286,CRC-GLB-301,SITE-0026,INV-0052,CAN,2025-08-15,KI,53,Male,Eligible,,Yes,2026-07-30T20:12:28.577992
SCR-003287,CRC-GLB-301,SITE-0022,INV-0044,USA,2025-12-26,HT,44,Male,Eligible,,Yes,2026-07-30T20:12:28.577992
SCR-003288,CRC-GLB-301,SITE-0014,INV-0028,SGP,2025-10-27,WP,56,Male,Screen Failure,Exclusion Criteria Met,Yes,2026-07-30T20:12:28.577992
SCR-003289,CRC-GLB-301,SITE-0028,INV-0056,CAN,2025-09-16,WC,32,Male,Screen Failure,Abnormal Laboratory Values,Yes,2026-07-30T20:12:28.577992
SCR-003290,CRC-GLB-301,SITE-0053,INV-0106,ZAF,2025-05-30,OC,70,Female,Eligible,,Yes,2026-07-30T20:12:28.577992
SCR-003291,CRC-GLB-301,SITE-0004,INV-0008,IND,2025-12-16,XF,60,Male,Eligible,,Yes,2026-07-30T20:12:28.577992
SCR-003292,CRC-GLB-301,SITE-0015,INV-0029,SGP,2025-07-19,CJ,21,Male,Screen Failure,Inclusion Criteria Not Met,Yes,2026-07-30T20:12:28.577992
SCR-003293,CRC-GLB-301,SITE-0052,INV-0103,ZAF,2025-10-18,PT,22,Male,Eligible,,Yes,2026-07-30T20:12:28.577992
SCR-003294,CRC-GLB-301,SITE-0025,INV-0049,CAN,2025-04-29,HH,78,Female,Eligible,,Yes,2026-07-30T20:12:28.577992
SCR-003295,CRC-GLB-301,SITE-0062,INV-0123,KEN,2025-10-01,UH,51,Male,Screen Failure,Abnormal Laboratory Values,Yes,2026-07-30T20:12:28.577992
SCR-003296,CRC-GLB-301,SITE-0008,INV-0015,IND,2025-08-11,MF,27,Female,Eligible,,Yes,2026-07-30T20:12:28.577992
SCR-003297,CRC-GLB-301,SITE-0012,INV-0023,SGP,2025-07-25,AH,28,Male,Eligible,,Yes,2026-07-30T20:12:28.577992
SCR-003298,CRC-GLB-301,SITE-0007,INV-0014,IND,2025-12-02,XE,22,Male,Eligible,,Yes,2026-07-30T20:12:28.577992
SCR-003299,CRC-GLB-301,SITE-0054,INV-0108,ZAF,2025-03-02,KO,22,Male,Eligible,,Yes,2026-07-30T20:12:28.577992
SCR-003300,CRC-GLB-301,SITE-0006,INV-0011,IND,2025-03-15,DV,43,Female,Screen Failure,Abnormal Laboratory Values,Yes,2026-07-30T20:12:28.577992
SCR-003301,CRC-GLB-301,SITE-0043,INV-0086,DEU,2025-10-11,GE,25,Male,Eligible,,Yes,2026-07-30T20:12:28.577992
SCR-003302,CRC-GLB-301,SITE-0041,INV-0081,DEU,2025-08-06,BM,30,Female,Screen Failure,Inclusion Criteria Not Met,Yes,2026-07-30T20:12:28.577992
SCR-003303,CRC-GLB-301,SITE-0013,INV-0025,SGP,2025-10-06,JC,79,Male,Eligible,,Yes,2026-07-30T20:12:28.577992
SCR-003304,CRC-GLB-301,SITE-0012,INV-0024,SGP,2025-03-01,FD,30,Female,Eligible,,Yes,2026-07-30T20:12:28.577992
SCR-003305,CRC-GLB-301,SITE-0003,INV-0005,IND,2025-06-05,XR,18,Male,Eligible,,Yes,2026-07-30T20:12:28.577992
SCR-003306,CRC-GLB-301,SITE-0012,INV-0024,SGP,2025-02-17,DV,76,Female,Eligible,,Yes,2026-07-30T20:12:28.577992
SCR-003307,CRC-GLB-301,SITE-0041,INV-0081,DEU,2025-09-06,YB,45,Female,Eligible,,Yes,2026-07-30T20:12:28.577992
SCR-003308,CRC-GLB-301,SITE-0061,INV-0122,KEN,2025-09-09,JW,42,Male,Eligible,,Yes,2026-07-30T20:12:28.577992
SCR-003309,CRC-GLB-301,SITE-0031,INV-0061,CAN,2025-01-20,XM,32,Female,Eligible,,Yes,2026-07-30T20:12:28.577992
SCR-003310,CRC-GLB-301,SITE-0016,INV-0032,SGP,2025-03-28,GD,62,Female,Eligible,,Yes,2026-07-30T20:12:28.577992
SCR-003311,CRC-GLB-301,SITE-0007,INV-0013,IND,2025-12-30,GX,45,Female,Eligible,,Yes,2026-07-30T20:12:28.577992
SCR-003312,CRC-GLB-301,SITE-0007,INV-0014,IND,2025-11-02,RZ,41,Female,Eligible,,Yes,2026-07-30T20:12:28.577992
SCR-003313,CRC-GLB-301,SITE-0009,INV-0018,SGP,2025-10-08,GI,39,Female,Eligible,,Yes,2026-07-30T20:12:28.577992
SCR-003314,CRC-GLB-301,SITE-0023,INV-0046,USA,2025-06-09,XA,64,Female,Eligible,,Yes,2026-07-30T20:12:28.577992
SCR-003315,CRC-GLB-301,SITE-0063,INV-0125,KEN,2025-12-29,MO,53,Female,Eligible,,Yes,2026-07-30T20:12:28.577992
SCR-003316,CRC-GLB-301,SITE-0055,INV-0110,ZAF,2025-11-06,HO,46,Male,Eligible,,Yes,2026-07-30T20:12:28.577992
SCR-003317,CRC-GLB-301,SITE-0004,INV-0008,IND,2025-02-24,PQ,61,Female,Eligible,,Yes,2026-07-30T20:12:28.577992
SCR-003318,CRC-GLB-301,SITE-0058,INV-0116,KEN,2025-12-06,XF,64,Female,Eligible,,Yes,2026-07-30T20:12:28.577992
SCR-003319,CRC-GLB-301,SITE-0019,INV-0037,USA,2025-11-23,SL,67,Female,Screen Failure,Withdrew Consent,Yes,2026-07-30T20:12:28.577992
SCR-003320,CRC-GLB-301,SITE-0018,INV-0036,USA,2025-07-27,JG,19,Female,Eligible,,Yes,2026-07-30T20:12:28.577992
SCR-003321,CRC-GLB-301,SITE-0003,INV-0005,IND,2025-02-12,HZ,53,Male,Eligible,,Yes,2026-07-30T20:12:28.577992
SCR-003322,CRC-GLB-301,SITE-0029,INV-0057,CAN,2025-07-13,NY,71,Male,Eligible,,Yes,2026-07-30T20:12:28.577992
SCR-003323,CRC-GLB-301,SITE-0034,INV-0067,GBR,2025-12-25,NU,31,Male,Eligible,,Yes,2026-07-30T20:12:28.577992
SCR-003324,CRC-GLB-301,SITE-0001,INV-0002,IND,2025-07-29,OB,52,Male,Eligible,,Yes,2026-07-30T20:12:28.577992
SCR-003325,CRC-GLB-301,SITE-0063,INV-0125,KEN,2025-01-04,ME,82,Male,Screen Failure,Exclusion Criteria Met,Yes,2026-07-30T20:12:28.577992
SCR-003326,CRC-GLB-301,SITE-0016,INV-0032,SGP,2025-12-04,EF,36,Male,Eligible,,Yes,2026-07-30T20:12:28.577992
SCR-003327,CRC-GLB-301,SITE-0023,INV-0045,USA,2025-01-07,NM,37,Male,Screen Failure,Abnormal Laboratory Values,Yes,2026-07-30T20:12:28.577992
SCR-003328,CRC-GLB-301,SITE-0046,INV-0092,DEU,2025-01-17,AC,52,Female,Eligible,,Yes,2026-07-30T20:12:28.577992
SCR-003329,CRC-GLB-301,SITE-0015,INV-0029,SGP,2025-07-10,XC,32,Male,Eligible,,Yes,2026-07-30T20:12:28.577992
SCR-003330,CRC-GLB-301,SITE-0045,INV-0089,DEU,2025-06-10,FZ,74,Male,Eligible,,Yes,2026-07-30T20:12:28.577992
SCR-003331,CRC-GLB-301,SITE-0022,INV-0043,USA,2025-01-04,UL,33,Female,Eligible,,Yes,2026-07-30T20:12:28.577992
SCR-003332,CRC-GLB-301,SITE-0063,INV-0125,KEN,2025-11-03,TN,21,Male,Eligible,,Yes,2026-07-30T20:12:28.577992
SCR-003333,CRC-GLB-301,SITE-0003,INV-0005,IND,2025-01-13,XC,54,Female,Eligible,,Yes,2026-07-30T20:12:28.577992
SCR-003334,CRC-GLB-301,SITE-0032,INV-0064,CAN,2025-02-09,PW,34,Male,Eligible,,Yes,2026-07-30T20:12:28.577992
SCR-003335,CRC-GLB-301,SITE-0034,INV-0068,GBR,2025-10-12,KL,34,Male,Screen Failure,Withdrew Consent,Yes,2026-07-30T20:12:28.577992
SCR-003336,CRC-GLB-301,SITE-0023,INV-0045,USA,2025-11-25,NO,46,Male,Eligible,,Yes,2026-07-30T20:12:28.577992
SCR-003337,CRC-GLB-301,SITE-0050,INV-0099,ZAF,2025-09-12,ZO,21,Male,Screen Failure,Abnormal Laboratory Values,Yes,2026-07-30T20:12:28.577992
SCR-003338,CRC-GLB-301,SITE-0060,INV-0119,KEN,2025-12-08,DF,74,Female,Eligible,,Yes,2026-07-30T20:12:28.577992
SCR-003339,CRC-GLB-301,SITE-0031,INV-0062,CAN,2025-11-02,OI,60,Female,Eligible,,Yes,2026-07-30T20:12:28.577992
SCR-003340,CRC-GLB-301,SITE-0045,INV-0090,DEU,2025-07-10,PH,20,Female,Eligible,,Yes,2026-07-30T20:12:28.577992
SCR-003341,CRC-GLB-301,SITE-0024,INV-0047,USA,2025-11-05,ZO,24,Female,Screen Failure,Withdrew Consent,Yes,2026-07-30T20:12:28.577992
SCR-003342,CRC-GLB-301,SITE-0046,INV-0091,DEU,2025-09-24,PO,19,Female,Eligible,,Yes,2026-07-30T20:12:28.577992
SCR-003343,CRC-GLB-301,SITE-0009,INV-0017,SGP,2025-07-18,IL,47,Female,Eligible,,Yes,2026-07-30T20:12:28.577992
SCR-003344,CRC-GLB-301,SITE-0035,INV-0070,GBR,2025-08-16,XC,58,Male,Eligible,,Yes,2026-07-30T20:12:28.577992
SCR-003345,CRC-GLB-301,SITE-0057,INV-0114,KEN,2025-02-17,YK,26,Female,Eligible,,Yes,2026-07-30T20:12:28.577992
SCR-003346,CRC-GLB-301,SITE-0008,INV-0015,IND,2025-07-03,FA,53,Male,Eligible,,Yes,2026-07-30T20:12:28.577992
SCR-003347,CRC-GLB-301,SITE-0062,INV-0124,KEN,2025-11-12,PQ,68,Female,Eligible,,Yes,2026-07-30T20:12:28.577992
SCR-003348,CRC-GLB-301,SITE-0035,INV-0070,GBR,2025-08-24,UM,41,Female,Eligible,,Yes,2026-07-30T20:12:28.577992
SCR-003349,CRC-GLB-301,SITE-0002,INV-0004,IND,2025-12-12,ET,50,Male,Eligible,,Yes,2026-07-30T20:12:28.577992
SCR-003350,CRC-GLB-301,SITE-0028,INV-0056,CAN,2025-09-20,AA,28,Female,Eligible,,Yes,2026-07-30T20:12:28.577992
SCR-003351,CRC-GLB-301,SITE-0017,INV-0034,USA,2025-02-26,SI,68,Male,Eligible,,Yes,2026-07-30T20:12:28.577992
SCR-003352,CRC-GLB-301,SITE-0042,INV-0084,DEU,2025-06-11,LV,21,Female,Eligible,,Yes,2026-07-30T20:12:28.577992
SCR-003353,CRC-GLB-301,SITE-0023,INV-0046,USA,2025-01-08,EE,75,Male,Screen Failure,Withdrew Consent,Yes,2026-07-30T20:12:28.577992
SCR-003354,CRC-GLB-301,SITE-0031,INV-0061,CAN,2025-04-24,RQ,61,Female,Eligible,,Yes,2026-07-30T20:12:28.577992
SCR-003355,CRC-GLB-301,SITE-0046,INV-0091,DEU,2025-04-24,WI,35,Female,Eligible,,Yes,2026-07-30T20:12:28.577992
SCR-003356,CRC-GLB-301,SITE-0029,INV-0057,CAN,2025-05-24,AV,73,Female,Eligible,,Yes,2026-07-30T20:12:28.577992
SCR-003357,CRC-GLB-301,SITE-0024,INV-0047,USA,2025-08-15,EM,38,Male,Eligible,,Yes,2026-07-30T20:12:28.577992
SCR-003358,CRC-GLB-301,SITE-0017,INV-0033,USA,2025-06-04,CM,40,Male,Eligible,,Yes,2026-07-30T20:12:28.577992
SCR-003359,CRC-GLB-301,SITE-0046,INV-0091,DEU,2025-07-27,JF,18,Female,Screen Failure,Exclusion Criteria Met,Yes,2026-07-30T20:12:28.577992
SCR-003360,CRC-GLB-301,SITE-0029,INV-0057,CAN,2025-07-01,TZ,33,Male,Eligible,,Yes,2026-07-30T20:12:28.577992
SCR-003361,CRC-GLB-301,SITE-0021,INV-0041,USA,2025-09-30,UV,18,Male,Screen Failure,Abnormal Laboratory Values,Yes,2026-07-30T20:12:28.577992
SCR-003362,CRC-GLB-301,SITE-0020,INV-0039,USA,2025-08-03,CP,31,Male,Eligible,,Yes,2026-07-30T20:12:28.577992
SCR-003363,CRC-GLB-301,SITE-0032,INV-0063,CAN,2025-07-11,QM,80,Male,Eligible,,Yes,2026-07-30T20:12:28.577992
SCR-003364,CRC-GLB-301,SITE-0008,INV-0015,IND,2025-01-30,QE,61,Female,Eligible,,Yes,2026-07-30T20:12:28.577992
SCR-003365,CRC-GLB-301,SITE-0013,INV-0026,SGP,2025-04-05,VJ,53,Female,Screen Failure,Exclusion Criteria Met,Yes,2026-07-30T20:12:28.577992
SCR-003366,CRC-GLB-301,SITE-0009,INV-0018,SGP,2025-07-01,ZI,75,Male,Eligible,,Yes,2026-07-30T20:12:28.577992
SCR-003367,CRC-GLB-301,SITE-0030,INV-0059,CAN,2025-05-27,UI,45,Male,Eligible,,Yes,2026-07-30T20:12:28.577992
SCR-003368,CRC-GLB-301,SITE-0030,INV-0059,CAN,2025-07-17,QM,27,Female,Eligible,,Yes,2026-07-30T20:12:28.577992
SCR-003369,CRC-GLB-301,SITE-0043,INV-0086,DEU,2025-05-29,LH,49,Female,Eligible,,Yes,2026-07-30T20:12:28.577992
SCR-003370,CRC-GLB-301,SITE-0002,INV-0003,IND,2025-11-11,HT,43,Male,Eligible,,Yes,2026-07-30T20:12:28.577992
SCR-003371,CRC-GLB-301,SITE-0011,INV-0022,SGP,2025-09-13,LK,72,Female,Eligible,,Yes,2026-07-30T20:12:28.577992
SCR-003372,CRC-GLB-301,SITE-0008,INV-0016,IND,2025-04-01,RQ,71,Male,Eligible,,Yes,2026-07-30T20:12:28.577992
SCR-003373,CRC-GLB-301,SITE-0017,INV-0033,USA,2025-10-22,EC,59,Female,Eligible,,Yes,2026-07-30T20:12:28.577992
SCR-003374,CRC-GLB-301,SITE-0008,INV-0016,IND,2025-12-06,BS,25,Male,Eligible,,Yes,2026-07-30T20:12:28.577992
SCR-003375,CRC-GLB-301,SITE-0017,INV-0033,USA,2025-12-12,CM,74,Male,Screen Failure,Inclusion Criteria Not Met,Yes,2026-07-30T20:12:28.577992
SCR-003376,CRC-GLB-301,SITE-0050,INV-0100,ZAF,2025-11-20,LI,35,Male,Eligible,,Yes,2026-07-30T20:12:28.577992
SCR-003377,CRC-GLB-301,SITE-0026,INV-0052,CAN,2025-03-05,OP,27,Male,Eligible,,Yes,2026-07-30T20:12:28.577992
SCR-003378,CRC-GLB-301,SITE-0049,INV-0098,ZAF,2025-11-28,NK,81,Male,Eligible,,Yes,2026-07-30T20:12:28.577992
SCR-003379,CRC-GLB-301,SITE-0011,INV-0022,SGP,2025-03-19,PF,23,Male,Eligible,,Yes,2026-07-30T20:12:28.577992
SCR-003380,CRC-GLB-301,SITE-0032,INV-0064,CAN,2025-06-22,UG,37,Male,Eligible,,Yes,2026-07-30T20:12:28.577992
SCR-003381,CRC-GLB-301,SITE-0010,INV-0019,SGP,2025-03-15,GI,82,Female,Eligible,,Yes,2026-07-30T20:12:28.577992
SCR-003382,CRC-GLB-301,SITE-0049,INV-0097,ZAF,2025-03-06,ZT,51,Male,Eligible,,Yes,2026-07-30T20:12:28.577992
SCR-003383,CRC-GLB-301,SITE-0063,INV-0125,KEN,2025-12-16,MI,27,Female,Eligible,,Yes,2026-07-30T20:12:28.577992
SCR-003384,CRC-GLB-301,SITE-0027,INV-0053,CAN,2025-01-22,CU,21,Female,Eligible,,Yes,2026-07-30T20:12:28.577992
SCR-003385,CRC-GLB-301,SITE-0046,INV-0091,DEU,2025-12-25,LH,73,Female,Eligible,,Yes,2026-07-30T20:12:28.577992
SCR-003386,CRC-GLB-301,SITE-0029,INV-0058,CAN,2025-03-15,MZ,58,Female,Screen Failure,Inclusion Criteria Not Met,Yes,2026-07-30T20:12:28.577992
SCR-003387,CRC-GLB-301,SITE-0029,INV-0057,CAN,2025-09-08,YJ,68,Female,Eligible,,Yes,2026-07-30T20:12:28.577992
SCR-003388,CRC-GLB-301,SITE-0050,INV-0100,ZAF,2025-07-30,GL,55,Female,Eligible,,Yes,2026-07-30T20:12:28.577992
SCR-003389,CRC-GLB-301,SITE-0021,INV-0041,USA,2025-05-23,VP,65,Male,Eligible,,Yes,2026-07-30T20:12:28.577992
SCR-003390,CRC-GLB-301,SITE-0003,INV-0006,IND,2025-07-28,QI,70,Male,Eligible,,Yes,2026-07-30T20:12:28.577992
SCR-003391,CRC-GLB-301,SITE-0054,INV-0108,ZAF,2025-07-16,NI,32,Male,Eligible,,Yes,2026-07-30T20:12:28.577992
SCR-003392,CRC-GLB-301,SITE-0007,INV-0014,IND,2025-08-18,WS,40,Male,Screen Failure,Exclusion Criteria Met,Yes,2026-07-30T20:12:28.577992
SCR-003393,CRC-GLB-301,SITE-0041,INV-0081,DEU,2025-10-27,UG,52,Male,Screen Failure,Withdrew Consent,Yes,2026-07-30T20:12:28.577992
SCR-003394,CRC-GLB-301,SITE-0010,INV-0019,SGP,2025-10-22,CL,65,Male,Eligible,,Yes,2026-07-30T20:12:28.577992
SCR-003395,CRC-GLB-301,SITE-0024,INV-0047,USA,2025-05-30,XL,18,Female,Screen Failure,Exclusion Criteria Met,Yes,2026-07-30T20:12:28.577992
SCR-003396,CRC-GLB-301,SITE-0045,INV-0090,DEU,2025-03-12,JW,55,Male,Screen Failure,Withdrew Consent,Yes,2026-07-30T20:12:28.577992
SCR-003397,CRC-GLB-301,SITE-0059,INV-0117,KEN,2025-04-28,QN,29,Female,Screen Failure,Exclusion Criteria Met,Yes,2026-07-30T20:12:28.577992
SCR-003398,CRC-GLB-301,SITE-0058,INV-0115,KEN,2025-04-09,LT,37,Male,Screen Failure,Exclusion Criteria Met,Yes,2026-07-30T20:12:28.577992
SCR-003399,CRC-GLB-301,SITE-0035,INV-0070,GBR,2025-02-02,SK,69,Female,Eligible,,Yes,2026-07-30T20:12:28.577992
SCR-003400,CRC-GLB-301,SITE-0002,INV-0004,IND,2025-04-11,KF,35,Female,Eligible,,Yes,2026-07-30T20:12:28.577992
SCR-003401,CRC-GLB-301,SITE-0026,INV-0051,CAN,2025-02-27,BD,37,Male,Eligible,,Yes,2026-07-30T20:12:28.577992
SCR-003402,CRC-GLB-301,SITE-0007,INV-0014,IND,2025-09-15,XD,50,Male,Eligible,,Yes,2026-07-30T20:12:28.577992
SCR-003403,CRC-GLB-301,SITE-0027,INV-0053,CAN,2025-08-20,RJ,83,Male,Screen Failure,Withdrew Consent,Yes,2026-07-30T20:12:28.577992
SCR-003404,CRC-GLB-301,SITE-0052,INV-0104,ZAF,2025-11-23,CF,19,Female,Eligible,,Yes,2026-07-30T20:12:28.577992
SCR-003405,CRC-GLB-301,SITE-0033,INV-0066,GBR,2025-08-11,WP,21,Female,Eligible,,Yes,2026-07-30T20:12:28.577992
SCR-003406,CRC-GLB-301,SITE-0054,INV-0108,ZAF,2025-02-28,WD,65,Male,Screen Failure,Inclusion Criteria Not Met,Yes,2026-07-30T20:12:28.577992
SCR-003407,CRC-GLB-301,SITE-0028,INV-0056,CAN,2025-12-01,ZW,27,Male,Screen Failure,Inclusion Criteria Not Met,Yes,2026-07-30T20:12:28.577992
SCR-003408,CRC-GLB-301,SITE-0043,INV-0086,DEU,2025-02-26,MU,85,Male,Screen Failure,Withdrew Consent,Yes,2026-07-30T20:12:28.577992
SCR-003409,CRC-GLB-301,SITE-0007,INV-0013,IND,2025-09-26,TP,22,Female,Eligible,,Yes,2026-07-30T20:12:28.577992
SCR-003410,CRC-GLB-301,SITE-0033,INV-0065,GBR,2025-02-01,HH,26,Female,Eligible,,Yes,2026-07-30T20:12:28.577992
SCR-003411,CRC-GLB-301,SITE-0052,INV-0104,ZAF,2025-09-18,IR,60,Male,Eligible,,Yes,2026-07-30T20:12:28.577992
SCR-003412,CRC-GLB-301,SITE-0014,INV-0028,SGP,2025-09-21,QM,76,Female,Eligible,,Yes,2026-07-30T20:12:28.577992
SCR-003413,CRC-GLB-301,SITE-0046,INV-0091,DEU,2025-04-11,BQ,31,Female,Eligible,,Yes,2026-07-30T20:12:28.577992
SCR-003414,CRC-GLB-301,SITE-0041,INV-0082,DEU,2025-05-25,LM,75,Female,Eligible,,Yes,2026-07-30T20:12:28.577992
SCR-003415,CRC-GLB-301,SITE-0005,INV-0009,IND,2025-03-21,XU,31,Female,Screen Failure,Inclusion Criteria Not Met,Yes,2026-07-30T20:12:28.577992
SCR-003416,CRC-GLB-301,SITE-0027,INV-0054,CAN,2025-12-26,CC,64,Female,Eligible,,Yes,2026-07-30T20:12:28.577992
SCR-003417,CRC-GLB-301,SITE-0055,INV-0110,ZAF,2025-02-27,CO,67,Female,Eligible,,Yes,2026-07-30T20:12:28.577992
SCR-003418,CRC-GLB-301,SITE-0046,INV-0091,DEU,2025-12-06,FK,78,Male,Eligible,,Yes,2026-07-30T20:12:28.577992
SCR-003419,CRC-GLB-301,SITE-0042,INV-0083,DEU,2025-06-20,ZN,65,Male,Eligible,,Yes,2026-07-30T20:12:28.577992
SCR-003420,CRC-GLB-301,SITE-0033,INV-0066,GBR,2025-11-26,OP,72,Female,Eligible,,Yes,2026-07-30T20:12:28.577992
SCR-003421,CRC-GLB-301,SITE-0057,INV-0113,KEN,2025-10-07,JJ,48,Male,Eligible,,Yes,2026-07-30T20:12:28.577992
SCR-003422,CRC-GLB-301,SITE-0021,INV-0042,USA,2025-03-23,KR,30,Female,Eligible,,Yes,2026-07-30T20:12:28.577992
SCR-003423,CRC-GLB-301,SITE-0062,INV-0124,KEN,2025-10-14,BR,52,Female,Eligible,,Yes,2026-07-30T20:12:28.577992
SCR-003424,CRC-GLB-301,SITE-0055,INV-0110,ZAF,2025-11-06,WA,43,Male,Eligible,,Yes,2026-07-30T20:12:28.577992
SCR-003425,CRC-GLB-301,SITE-0020,INV-0040,USA,2025-03-22,XM,79,Female,Screen Failure,Exclusion Criteria Met,Yes,2026-07-30T20:12:28.577992
SCR-003426,CRC-GLB-301,SITE-0056,INV-0111,ZAF,2025-05-11,IQ,25,Male,Eligible,,Yes,2026-07-30T20:12:28.577992
SCR-003427,CRC-GLB-301,SITE-0041,INV-0081,DEU,2025-09-23,JH,31,Male,Eligible,,Yes,2026-07-30T20:12:28.577992
SCR-003428,CRC-GLB-301,SITE-0001,INV-0002,IND,2025-04-08,YA,78,Male,Eligible,,Yes,2026-07-30T20:12:28.577992
SCR-003429,CRC-GLB-301,SITE-0002,INV-0004,IND,2025-10-12,WV,79,Female,Screen Failure,Exclusion Criteria Met,Yes,2026-07-30T20:12:28.577992
SCR-003430,CRC-GLB-301,SITE-0061,INV-0122,KEN,2025-03-01,DT,55,Male,Eligible,,Yes,2026-07-30T20:12:28.577992
SCR-003431,CRC-GLB-301,SITE-0041,INV-0081,DEU,2025-12-21,TQ,67,Male,Eligible,,Yes,2026-07-30T20:12:28.577992
SCR-003432,CRC-GLB-301,SITE-0001,INV-0001,IND,2025-08-15,XD,24,Male,Screen Failure,Inclusion Criteria Not Met,Yes,2026-07-30T20:12:28.577992
SCR-003433,CRC-GLB-301,SITE-0036,INV-0071,GBR,2025-04-10,HH,45,Male,Eligible,,Yes,2026-07-30T20:12:28.577992
SCR-003434,CRC-GLB-301,SITE-0045,INV-0090,DEU,2025-12-21,RZ,30,Female,Eligible,,Yes,2026-07-30T20:12:28.577992
SCR-003435,CRC-GLB-301,SITE-0016,INV-0032,SGP,2025-02-25,JS,73,Female,Eligible,,Yes,2026-07-30T20:12:28.577992
SCR-003436,CRC-GLB-301,SITE-0052,INV-0104,ZAF,2025-08-22,KB,66,Male,Eligible,,Yes,2026-07-30T20:12:28.577992
SCR-003437,CRC-GLB-301,SITE-0025,INV-0050,CAN,2025-05-17,AP,64,Male,Eligible,,Yes,2026-07-30T20:12:28.577992
SCR-003438,CRC-GLB-301,SITE-0021,INV-0042,USA,2025-03-12,ZJ,64,Male,Eligible,,Yes,2026-07-30T20:12:28.577992
SCR-003439,CRC-GLB-301,SITE-0059,INV-0117,KEN,2025-03-07,VP,51,Male,Screen Failure,Exclusion Criteria Met,Yes,2026-07-30T20:12:28.577992
SCR-003440,CRC-GLB-301,SITE-0002,INV-0004,IND,2025-07-05,SM,49,Female,Screen Failure,Inclusion Criteria Not Met,Yes,2026-07-30T20:12:28.577992
SCR-003441,CRC-GLB-301,SITE-0007,INV-0013,IND,2025-06-21,MQ,32,Male,Eligible,,Yes,2026-07-30T20:12:28.577992
SCR-003442,CRC-GLB-301,SITE-0043,INV-0085,DEU,2025-12-26,CB,37,Female,Eligible,,Yes,2026-07-30T20:12:28.577992
SCR-003443,CRC-GLB-301,SITE-0002,INV-0003,IND,2025-09-16,AK,44,Female,Eligible,,Yes,2026-07-30T20:12:28.577992
SCR-003444,CRC-GLB-301,SITE-0060,INV-0120,KEN,2025-10-12,XF,58,Female,Screen Failure,Withdrew Consent,Yes,2026-07-30T20:12:28.577992
SCR-003445,CRC-GLB-301,SITE-0027,INV-0054,CAN,2025-02-15,PC,69,Female,Screen Failure,Withdrew Consent,Yes,2026-07-30T20:12:28.577992
SCR-003446,CRC-GLB-301,SITE-0012,INV-0024,SGP,2025-07-16,GX,82,Female,Eligible,,Yes,2026-07-30T20:12:28.577992
SCR-003447,CRC-GLB-301,SITE-0050,INV-0100,ZAF,2025-03-21,AF,81,Male,Screen Failure,Exclusion Criteria Met,Yes,2026-07-30T20:12:28.577992
SCR-003448,CRC-GLB-301,SITE-0053,INV-0106,ZAF,2025-07-06,DN,57,Female,Eligible,,Yes,2026-07-30T20:12:28.577992
SCR-003449,CRC-GLB-301,SITE-0043,INV-0086,DEU,2025-10-31,XZ,81,Male,Eligible,,Yes,2026-07-30T20:12:28.577992
SCR-003450,CRC-GLB-301,SITE-0038,INV-0075,GBR,2025-01-21,VR,36,Male,Eligible,,Yes,2026-07-30T20:12:28.577992
SCR-003451,CRC-GLB-301,SITE-0051,INV-0101,ZAF,2025-02-14,HT,20,Female,Eligible,,Yes,2026-07-30T20:12:28.577992
SCR-003452,CRC-GLB-301,SITE-0012,INV-0023,SGP,2025-10-14,TH,36,Female,Eligible,,Yes,2026-07-30T20:12:28.577992
SCR-003453,CRC-GLB-301,SITE-0015,INV-0030,SGP,2025-11-30,FB,43,Male,Eligible,,Yes,2026-07-30T20:12:28.577992
SCR-003454,CRC-GLB-301,SITE-0041,INV-0082,DEU,2025-12-02,XJ,43,Male,Eligible,,Yes,2026-07-30T20:12:28.577992
SCR-003455,CRC-GLB-301,SITE-0012,INV-0023,SGP,2025-01-20,PN,48,Male,Screen Failure,Inclusion Criteria Not Met,Yes,2026-07-30T20:12:28.577992
SCR-003456,CRC-GLB-301,SITE-0057,INV-0113,KEN,2025-01-02,VI,23,Male,Eligible,,Yes,2026-07-30T20:12:28.577992
SCR-003457,CRC-GLB-301,SITE-0030,INV-0060,CAN,2025-12-24,YB,41,Male,Eligible,,Yes,2026-07-30T20:12:28.577992
SCR-003458,CRC-GLB-301,SITE-0030,INV-0059,CAN,2025-05-15,SQ,71,Female,Eligible,,Yes,2026-07-30T20:12:28.577992
SCR-003459,CRC-GLB-301,SITE-0012,INV-0023,SGP,2025-08-02,KN,21,Male,Eligible,,Yes,2026-07-30T20:12:28.577992
SCR-003460,CRC-GLB-301,SITE-0018,INV-0035,USA,2025-12-12,QN,62,Female,Eligible,,Yes,2026-07-30T20:12:28.577992
SCR-003461,CRC-GLB-301,SITE-0059,INV-0118,KEN,2025-08-23,WW,46,Male,Eligible,,Yes,2026-07-30T20:12:28.577992
SCR-003462,CRC-GLB-301,SITE-0012,INV-0023,SGP,2025-06-28,RY,49,Male,Eligible,,Yes,2026-07-30T20:12:28.577992
SCR-003463,CRC-GLB-301,SITE-0056,INV-0112,ZAF,2025-04-14,PQ,55,Male,Eligible,,Yes,2026-07-30T20:12:28.577992
SCR-003464,CRC-GLB-301,SITE-0013,INV-0025,SGP,2025-06-07,DK,47,Female,Eligible,,Yes,2026-07-30T20:12:28.577992
SCR-003465,CRC-GLB-301,SITE-0053,INV-0106,ZAF,2025-11-28,AS,69,Female,Eligible,,Yes,2026-07-30T20:12:28.577992
SCR-003466,CRC-GLB-301,SITE-0055,INV-0110,ZAF,2025-12-20,WN,79,Female,Eligible,,Yes,2026-07-30T20:12:28.577992
SCR-003467,CRC-GLB-301,SITE-0017,INV-0033,USA,2025-07-29,YL,85,Female,Eligible,,Yes,2026-07-30T20:12:28.577992
SCR-003468,CRC-GLB-301,SITE-0004,INV-0007,IND,2025-12-02,KU,38,Female,Eligible,,Yes,2026-07-30T20:12:28.577992
SCR-003469,CRC-GLB-301,SITE-0052,INV-0103,ZAF,2025-04-05,LL,83,Male,Screen Failure,Exclusion Criteria Met,Yes,2026-07-30T20:12:28.577992
SCR-003470,CRC-GLB-301,SITE-0025,INV-0050,CAN,2025-11-26,KY,59,Male,Eligible,,Yes,2026-07-30T20:12:28.577992
SCR-003471,CRC-GLB-301,SITE-0024,INV-0047,USA,2025-08-26,HP,58,Male,Eligible,,Yes,2026-07-30T20:12:28.577992
SCR-003472,CRC-GLB-301,SITE-0018,INV-0036,USA,2025-06-24,QM,37,Female,Eligible,,Yes,2026-07-30T20:12:28.577992
SCR-003473,CRC-GLB-301,SITE-0042,INV-0084,DEU,2025-07-14,HO,42,Female,Eligible,,Yes,2026-07-30T20:12:28.577992
SCR-003474,CRC-GLB-301,SITE-0004,INV-0008,IND,2025-01-16,YX,55,Male,Eligible,,Yes,2026-07-30T20:12:28.577992
SCR-003475,CRC-GLB-301,SITE-0057,INV-0113,KEN,2025-06-18,MP,26,Male,Screen Failure,Withdrew Consent,Yes,2026-07-30T20:12:28.577992
SCR-003476,CRC-GLB-301,SITE-0046,INV-0092,DEU,2025-02-17,NL,32,Female,Screen Failure,Abnormal Laboratory Values,Yes,2026-07-30T20:12:28.577992
SCR-003477,CRC-GLB-301,SITE-0055,INV-0109,ZAF,2025-11-30,JB,41,Female,Screen Failure,Inclusion Criteria Not Met,Yes,2026-07-30T20:12:28.577992
SCR-003478,CRC-GLB-301,SITE-0035,INV-0069,GBR,2025-09-25,YO,80,Female,Eligible,,Yes,2026-07-30T20:12:28.577992
SCR-003479,CRC-GLB-301,SITE-0060,INV-0119,KEN,2025-11-17,GA,36,Male,Eligible,,Yes,2026-07-30T20:12:28.577992
SCR-003480,CRC-GLB-301,SITE-0003,INV-0005,IND,2025-02-22,TD,19,Male,Eligible,,Yes,2026-07-30T20:12:28.577992
SCR-003481,CRC-GLB-301,SITE-0051,INV-0101,ZAF,2025-09-10,HO,20,Female,Eligible,,Yes,2026-07-30T20:12:28.577992
SCR-003482,CRC-GLB-301,SITE-0045,INV-0089,DEU,2025-04-03,EW,70,Male,Eligible,,Yes,2026-07-30T20:12:28.577992
SCR-003483,CRC-GLB-301,SITE-0016,INV-0031,SGP,2025-07-16,EB,81,Male,Eligible,,Yes,2026-07-30T20:12:28.577992
SCR-003484,CRC-GLB-301,SITE-0003,INV-0005,IND,2025-03-30,XQ,72,Male,Screen Failure,Abnormal Laboratory Values,Yes,2026-07-30T20:12:28.577992
SCR-003485,CRC-GLB-301,SITE-0034,INV-0068,GBR,2025-07-06,GY,54,Male,Eligible,,Yes,2026-07-30T20:12:28.577992
SCR-003486,CRC-GLB-301,SITE-0042,INV-0084,DEU,2025-12-20,CQ,53,Female,Eligible,,Yes,2026-07-30T20:12:28.577992
SCR-003487,CRC-GLB-301,SITE-0051,INV-0102,ZAF,2025-07-28,RX,50,Male,Eligible,,Yes,2026-07-30T20:12:28.577992
SCR-003488,CRC-GLB-301,SITE-0049,INV-0098,ZAF,2025-04-17,JH,65,Male,Eligible,,Yes,2026-07-30T20:12:28.577992
SCR-003489,CRC-GLB-301,SITE-0033,INV-0066,GBR,2025-02-03,HR,71,Female,Eligible,,Yes,2026-07-30T20:12:28.577992
SCR-003490,CRC-GLB-301,SITE-0026,INV-0052,CAN,2025-09-17,FH,47,Female,Eligible,,Yes,2026-07-30T20:12:28.577992
SCR-003491,CRC-GLB-301,SITE-0055,INV-0109,ZAF,2025-08-02,VF,68,Female,Eligible,,Yes,2026-07-30T20:12:28.577992
SCR-003492,CRC-GLB-301,SITE-0041,INV-0081,DEU,2025-03-20,AR,76,Female,Eligible,,Yes,2026-07-30T20:12:28.577992
SCR-003493,CRC-GLB-301,SITE-0047,INV-0094,DEU,2025-09-18,XH,38,Female,Screen Failure,Inclusion Criteria Not Met,Yes,2026-07-30T20:12:28.577992
SCR-003494,CRC-GLB-301,SITE-0028,INV-0056,CAN,2025-05-05,WS,61,Male,Screen Failure,Abnormal Laboratory Values,Yes,2026-07-30T20:12:28.577992
SCR-003495,CRC-GLB-301,SITE-0046,INV-0091,DEU,2025-06-06,IB,22,Male,Eligible,,Yes,2026-07-30T20:12:28.577992
SCR-003496,CRC-GLB-301,SITE-0035,INV-0070,GBR,2025-08-26,EV,24,Female,Eligible,,Yes,2026-07-30T20:12:28.577992
SCR-003497,CRC-GLB-301,SITE-0026,INV-0052,CAN,2025-11-05,TO,77,Female,Screen Failure,Exclusion Criteria Met,Yes,2026-07-30T20:12:28.577992
SCR-003498,CRC-GLB-301,SITE-0030,INV-0060,CAN,2025-10-30,IQ,62,Male,Screen Failure,Exclusion Criteria Met,Yes,2026-07-30T20:12:28.577992
SCR-003499,CRC-GLB-301,SITE-0031,INV-0061,CAN,2025-02-02,KI,62,Male,Eligible,,Yes,2026-07-30T20:12:28.577992
SCR-003500,CRC-GLB-301,SITE-0046,INV-0091,DEU,2025-12-13,DS,18,Female,Eligible,,Yes,2026-07-30T20:12:28.577992
SCR-003501,CRC-GLB-301,SITE-0044,INV-0087,DEU,2025-12-03,EO,57,Male,Eligible,,Yes,2026-07-30T20:12:28.577992
SCR-003502,CRC-GLB-301,SITE-0044,INV-0087,DEU,2025-03-13,XP,47,Male,Screen Failure,Inclusion Criteria Not Met,Yes,2026-07-30T20:12:28.577992
SCR-003503,CRC-GLB-301,SITE-0063,INV-0126,KEN,2025-02-10,US,30,Male,Screen Failure,Exclusion Criteria Met,Yes,2026-07-30T20:12:28.577992
SCR-003504,CRC-GLB-301,SITE-0019,INV-0037,USA,2025-12-03,JA,39,Female,Eligible,,Yes,2026-07-30T20:12:28.577992
SCR-003505,CRC-GLB-301,SITE-0046,INV-0091,DEU,2025-05-16,DL,66,Male,Screen Failure,Withdrew Consent,Yes,2026-07-30T20:12:28.577992
SCR-003506,CRC-GLB-301,SITE-0045,INV-0089,DEU,2025-12-21,BJ,46,Male,Eligible,,Yes,2026-07-30T20:12:28.577992
SCR-003507,CRC-GLB-301,SITE-0045,INV-0090,DEU,2025-06-25,YG,73,Male,Screen Failure,Abnormal Laboratory Values,Yes,2026-07-30T20:12:28.577992
SCR-003508,CRC-GLB-301,SITE-0011,INV-0021,SGP,2025-06-15,CM,56,Female,Eligible,,Yes,2026-07-30T20:12:28.577992
SCR-003509,CRC-GLB-301,SITE-0046,INV-0092,DEU,2025-12-19,LA,71,Male,Screen Failure,Exclusion Criteria Met,Yes,2026-07-30T20:12:28.577992
SCR-003510,CRC-GLB-301,SITE-0061,INV-0121,KEN,2025-10-06,VK,43,Male,Eligible,,Yes,2026-07-30T20:12:28.577992
SCR-003511,CRC-GLB-301,SITE-0057,INV-0114,KEN,2025-07-17,CV,29,Female,Eligible,,Yes,2026-07-30T20:12:28.577992
SCR-003512,CRC-GLB-301,SITE-0061,INV-0122,KEN,2025-08-05,ST,39,Female,Eligible,,Yes,2026-07-30T20:12:28.577992
SCR-003513,CRC-GLB-301,SITE-0033,INV-0065,GBR,2025-08-06,AG,33,Female,Screen Failure,Exclusion Criteria Met,Yes,2026-07-30T20:12:28.577992
SCR-003514,CRC-GLB-301,SITE-0051,INV-0101,ZAF,2025-10-29,QB,47,Male,Screen Failure,Inclusion Criteria Not Met,Yes,2026-07-30T20:12:28.577992
SCR-003515,CRC-GLB-301,SITE-0056,INV-0111,ZAF,2025-05-01,XP,27,Female,Screen Failure,Inclusion Criteria Not Met,Yes,2026-07-30T20:12:28.577992
SCR-003516,CRC-GLB-301,SITE-0064,INV-0127,KEN,2025-06-21,AI,36,Male,Screen Failure,Abnormal Laboratory Values,Yes,2026-07-30T20:12:28.577992
SCR-003517,CRC-GLB-301,SITE-0054,INV-0108,ZAF,2025-04-27,RC,40,Male,Eligible,,Yes,2026-07-30T20:12:28.577992
SCR-003518,CRC-GLB-301,SITE-0036,INV-0071,GBR,2025-09-29,XN,22,Female,Eligible,,Yes,2026-07-30T20:12:28.577992
SCR-003519,CRC-GLB-301,SITE-0045,INV-0089,DEU,2025-12-03,HD,36,Female,Eligible,,Yes,2026-07-30T20:12:28.577992
SCR-003520,CRC-GLB-301,SITE-0032,INV-0064,CAN,2025-06-02,JW,36,Male,Eligible,,Yes,2026-07-30T20:12:28.577992
SCR-003521,CRC-GLB-301,SITE-0031,INV-0061,CAN,2025-05-07,GM,65,Female,Eligible,,Yes,2026-07-30T20:12:28.577992
SCR-003522,CRC-GLB-301,SITE-0049,INV-0098,ZAF,2025-04-05,PB,60,Female,Eligible,,Yes,2026-07-30T20:12:28.577992
SCR-003523,CRC-GLB-301,SITE-0004,INV-0008,IND,2025-11-18,GX,84,Male,Eligible,,Yes,2026-07-30T20:12:28.577992
SCR-003524,CRC-GLB-301,SITE-0039,INV-0077,GBR,2025-08-12,WJ,28,Male,Eligible,,Yes,2026-07-30T20:12:28.577992
SCR-003525,CRC-GLB-301,SITE-0021,INV-0042,USA,2025-09-05,DQ,59,Male,Eligible,,Yes,2026-07-30T20:12:28.577992
SCR-003526,CRC-GLB-301,SITE-0053,INV-0105,ZAF,2025-12-16,PY,77,Male,Eligible,,Yes,2026-07-30T20:12:28.577992
SCR-003527,CRC-GLB-301,SITE-0050,INV-0100,ZAF,2025-08-20,FE,32,Female,Screen Failure,Inclusion Criteria Not Met,Yes,2026-07-30T20:12:28.577992
SCR-003528,CRC-GLB-301,SITE-0019,INV-0037,USA,2025-01-28,TM,37,Male,Eligible,,Yes,2026-07-30T20:12:28.577992
SCR-003529,CRC-GLB-301,SITE-0013,INV-0025,SGP,2025-10-18,XU,74,Male,Screen Failure,Withdrew Consent,Yes,2026-07-30T20:12:28.577992
SCR-003530,CRC-GLB-301,SITE-0059,INV-0118,KEN,2025-09-05,CA,35,Female,Eligible,,Yes,2026-07-30T20:12:28.577992
SCR-003531,CRC-GLB-301,SITE-0063,INV-0125,KEN,2025-08-15,QJ,28,Female,Eligible,,Yes,2026-07-30T20:12:28.577992
SCR-003532,CRC-GLB-301,SITE-0026,INV-0051,CAN,2025-05-21,IA,40,Male,Screen Failure,Abnormal Laboratory Values,Yes,2026-07-30T20:12:28.577992
SCR-003533,CRC-GLB-301,SITE-0017,INV-0034,USA,2025-09-24,GM,22,Male,Eligible,,Yes,2026-07-30T20:12:28.577992
SCR-003534,CRC-GLB-301,SITE-0040,INV-0080,GBR,2025-01-29,EI,69,Female,Eligible,,Yes,2026-07-30T20:12:28.577992
SCR-003535,CRC-GLB-301,SITE-0051,INV-0101,ZAF,2025-05-02,QB,19,Male,Eligible,,Yes,2026-07-30T20:12:28.577992
SCR-003536,CRC-GLB-301,SITE-0035,INV-0070,GBR,2025-12-17,RR,56,Male,Eligible,,Yes,2026-07-30T20:12:28.577992
SCR-003537,CRC-GLB-301,SITE-0019,INV-0037,USA,2025-08-06,OC,27,Male,Eligible,,Yes,2026-07-30T20:12:28.577992
SCR-003538,CRC-GLB-301,SITE-0017,INV-0034,USA,2025-03-30,BW,58,Male,Eligible,,Yes,2026-07-30T20:12:28.577992
SCR-003539,CRC-GLB-301,SITE-0032,INV-0063,CAN,2025-05-24,JC,57,Male,Eligible,,Yes,2026-07-30T20:12:28.577992
SCR-003540,CRC-GLB-301,SITE-0020,INV-0039,USA,2025-02-20,GR,39,Female,Eligible,,Yes,2026-07-30T20:12:28.577992
SCR-003541,CRC-GLB-301,SITE-0031,INV-0061,CAN,2025-01-17,UT,27,Female,Eligible,,Yes,2026-07-30T20:12:28.577992
SCR-003542,CRC-GLB-301,SITE-0016,INV-0032,SGP,2025-08-01,VG,29,Female,Screen Failure,Exclusion Criteria Met,Yes,2026-07-30T20:12:28.577992
SCR-003543,CRC-GLB-301,SITE-0032,INV-0064,CAN,2025-11-04,AT,57,Female,Eligible,,Yes,2026-07-30T20:12:28.577992
SCR-003544,CRC-GLB-301,SITE-0055,INV-0110,ZAF,2025-04-05,BA,34,Male,Eligible,,Yes,2026-07-30T20:12:28.577992
SCR-003545,CRC-GLB-301,SITE-0033,INV-0065,GBR,2025-08-31,XL,73,Male,Screen Failure,Inclusion Criteria Not Met,Yes,2026-07-30T20:12:28.577992
SCR-003546,CRC-GLB-301,SITE-0035,INV-0070,GBR,2025-01-15,UR,59,Male,Eligible,,Yes,2026-07-30T20:12:28.577992
SCR-003547,CRC-GLB-301,SITE-0024,INV-0047,USA,2025-08-23,AJ,32,Male,Eligible,,Yes,2026-07-30T20:12:28.577992
SCR-003548,CRC-GLB-301,SITE-0034,INV-0068,GBR,2025-07-05,GJ,78,Male,Eligible,,Yes,2026-07-30T20:12:28.577992
SCR-003549,CRC-GLB-301,SITE-0051,INV-0102,ZAF,2025-06-23,KC,41,Female,Eligible,,Yes,2026-07-30T20:12:28.577992
SCR-003550,CRC-GLB-301,SITE-0055,INV-0110,ZAF,2025-02-10,GL,32,Female,Eligible,,Yes,2026-07-30T20:12:28.577992
SCR-003551,CRC-GLB-301,SITE-0019,INV-0038,USA,2025-10-27,JC,69,Female,Screen Failure,Exclusion Criteria Met,Yes,2026-07-30T20:12:28.577992
SCR-003552,CRC-GLB-301,SITE-0057,INV-0113,KEN,2025-01-13,JM,76,Male,Eligible,,Yes,2026-07-30T20:12:28.577992
SCR-003553,CRC-GLB-301,SITE-0026,INV-0052,CAN,2025-05-27,VB,35,Male,Eligible,,Yes,2026-07-30T20:12:28.577992
SCR-003554,CRC-GLB-301,SITE-0037,INV-0074,GBR,2025-02-05,HU,66,Male,Eligible,,Yes,2026-07-30T20:12:28.577992
SCR-003555,CRC-GLB-301,SITE-0064,INV-0128,KEN,2025-04-15,SA,32,Male,Eligible,,Yes,2026-07-30T20:12:28.577992
SCR-003556,CRC-GLB-301,SITE-0059,INV-0118,KEN,2025-02-19,RE,31,Female,Eligible,,Yes,2026-07-30T20:12:28.577992
SCR-003557,CRC-GLB-301,SITE-0024,INV-0048,USA,2025-09-19,FP,71,Male,Eligible,,Yes,2026-07-30T20:12:28.577992
SCR-003558,CRC-GLB-301,SITE-0054,INV-0108,ZAF,2025-09-03,AG,58,Female,Eligible,,Yes,2026-07-30T20:12:28.577992
SCR-003559,CRC-GLB-301,SITE-0050,INV-0100,ZAF,2025-01-12,FO,47,Male,Eligible,,Yes,2026-07-30T20:12:28.577992
SCR-003560,CRC-GLB-301,SITE-0004,INV-0008,IND,2025-10-05,FR,47,Female,Eligible,,Yes,2026-07-30T20:12:28.577992
SCR-003561,CRC-GLB-301,SITE-0030,INV-0059,CAN,2025-06-26,OE,36,Male,Eligible,,Yes,2026-07-30T20:12:28.577992
SCR-003562,CRC-GLB-301,SITE-0022,INV-0044,USA,2025-07-16,IF,26,Male,Screen Failure,Inclusion Criteria Not Met,Yes,2026-07-30T20:12:28.577992
SCR-003563,CRC-GLB-301,SITE-0034,INV-0067,GBR,2025-07-13,TR,30,Male,Eligible,,Yes,2026-07-30T20:12:28.577992
SCR-003564,CRC-GLB-301,SITE-0058,INV-0115,KEN,2025-03-07,NH,33,Male,Eligible,,Yes,2026-07-30T20:12:28.577992
SCR-003565,CRC-GLB-301,SITE-0003,INV-0005,IND,2025-10-02,CS,69,Male,Eligible,,Yes,2026-07-30T20:12:28.577992
SCR-003566,CRC-GLB-301,SITE-0062,INV-0124,KEN,2025-12-13,LP,84,Female,Eligible,,Yes,2026-07-30T20:12:28.577992
SCR-003567,CRC-GLB-301,SITE-0062,INV-0124,KEN,2025-10-25,PQ,25,Female,Eligible,,Yes,2026-07-30T20:12:28.577992
SCR-003568,CRC-GLB-301,SITE-0021,INV-0041,USA,2025-02-24,MC,70,Female,Eligible,,Yes,2026-07-30T20:12:28.577992
SCR-003569,CRC-GLB-301,SITE-0054,INV-0108,ZAF,2025-09-22,TO,31,Male,Eligible,,Yes,2026-07-30T20:12:28.577992
SCR-003570,CRC-GLB-301,SITE-0056,INV-0111,ZAF,2025-04-19,QR,58,Female,Screen Failure,Withdrew Consent,Yes,2026-07-30T20:12:28.577992
SCR-003571,CRC-GLB-301,SITE-0032,INV-0063,CAN,2025-07-28,FC,77,Female,Eligible,,Yes,2026-07-30T20:12:28.577992
SCR-003572,CRC-GLB-301,SITE-0046,INV-0092,DEU,2025-04-02,TT,31,Female,Eligible,,Yes,2026-07-30T20:12:28.577992
SCR-003573,CRC-GLB-301,SITE-0040,INV-0080,GBR,2025-09-07,XN,29,Male,Screen Failure,Exclusion Criteria Met,Yes,2026-07-30T20:12:28.577992
SCR-003574,CRC-GLB-301,SITE-0007,INV-0014,IND,2025-12-24,BT,19,Female,Screen Failure,Exclusion Criteria Met,Yes,2026-07-30T20:12:28.577992
SCR-003575,CRC-GLB-301,SITE-0010,INV-0020,SGP,2025-06-28,ER,39,Male,Screen Failure,Withdrew Consent,Yes,2026-07-30T20:12:28.577992
SCR-003576,CRC-GLB-301,SITE-0050,INV-0099,ZAF,2025-12-20,FX,48,Male,Eligible,,Yes,2026-07-30T20:12:28.577992
SCR-003577,CRC-GLB-301,SITE-0061,INV-0122,KEN,2025-05-18,PT,23,Female,Eligible,,Yes,2026-07-30T20:12:28.577992
SCR-003578,CRC-GLB-301,SITE-0008,INV-0015,IND,2025-09-01,RP,55,Female,Eligible,,Yes,2026-07-30T20:12:28.577992
SCR-003579,CRC-GLB-301,SITE-0043,INV-0085,DEU,2025-06-24,SX,48,Male,Eligible,,Yes,2026-07-30T20:12:28.577992
SCR-003580,CRC-GLB-301,SITE-0020,INV-0040,USA,2025-05-23,ZF,37,Male,Eligible,,Yes,2026-07-30T20:12:28.577992
SCR-003581,CRC-GLB-301,SITE-0042,INV-0084,DEU,2025-02-24,LH,41,Female,Eligible,,Yes,2026-07-30T20:12:28.577992
SCR-003582,CRC-GLB-301,SITE-0009,INV-0018,SGP,2025-08-04,XX,31,Male,Screen Failure,Withdrew Consent,Yes,2026-07-30T20:12:28.577992
SCR-003583,CRC-GLB-301,SITE-0025,INV-0050,CAN,2025-01-20,DO,47,Female,Eligible,,Yes,2026-07-30T20:12:28.577992
SCR-003584,CRC-GLB-301,SITE-0046,INV-0092,DEU,2025-04-17,SO,58,Male,Screen Failure,Inclusion Criteria Not Met,Yes,2026-07-30T20:12:28.577992
SCR-003585,CRC-GLB-301,SITE-0013,INV-0026,SGP,2025-07-19,FB,49,Male,Eligible,,Yes,2026-07-30T20:12:28.577992
SCR-003586,CRC-GLB-301,SITE-0061,INV-0122,KEN,2025-09-24,RI,23,Female,Eligible,,Yes,2026-07-30T20:12:28.577992
SCR-003587,CRC-GLB-301,SITE-0040,INV-0080,GBR,2025-10-24,ND,53,Male,Eligible,,Yes,2026-07-30T20:12:28.577992
SCR-003588,CRC-GLB-301,SITE-0023,INV-0045,USA,2025-08-24,MU,42,Female,Eligible,,Yes,2026-07-30T20:12:28.577992
SCR-003589,CRC-GLB-301,SITE-0012,INV-0024,SGP,2025-07-25,NB,44,Male,Eligible,,Yes,2026-07-30T20:12:28.577992
SCR-003590,CRC-GLB-301,SITE-0061,INV-0121,KEN,2025-08-08,LM,35,Male,Eligible,,Yes,2026-07-30T20:12:28.577992
SCR-003591,CRC-GLB-301,SITE-0062,INV-0123,KEN,2025-01-06,SE,34,Male,Screen Failure,Abnormal Laboratory Values,Yes,2026-07-30T20:12:28.577992
SCR-003592,CRC-GLB-301,SITE-0022,INV-0044,USA,2025-02-18,RN,47,Male,Eligible,,Yes,2026-07-30T20:12:28.577992
SCR-003593,CRC-GLB-301,SITE-0053,INV-0105,ZAF,2025-04-05,TL,57,Male,Eligible,,Yes,2026-07-30T20:12:28.577992
SCR-003594,CRC-GLB-301,SITE-0013,INV-0025,SGP,2025-11-29,UH,39,Female,Eligible,,Yes,2026-07-30T20:12:28.577992
SCR-003595,CRC-GLB-301,SITE-0035,INV-0069,GBR,2025-12-09,ZA,53,Male,Eligible,,Yes,2026-07-30T20:12:28.577992
SCR-003596,CRC-GLB-301,SITE-0048,INV-0095,DEU,2025-12-24,PL,62,Male,Eligible,,Yes,2026-07-30T20:12:28.577992
SCR-003597,CRC-GLB-301,SITE-0016,INV-0032,SGP,2025-12-03,BI,53,Male,Eligible,,Yes,2026-07-30T20:12:28.577992
SCR-003598,CRC-GLB-301,SITE-0037,INV-0073,GBR,2025-06-08,MF,26,Male,Eligible,,Yes,2026-07-30T20:12:28.577992
SCR-003599,CRC-GLB-301,SITE-0060,INV-0119,KEN,2025-06-13,IQ,56,Female,Eligible,,Yes,2026-07-30T20:12:28.577992
SCR-003600,CRC-GLB-301,SITE-0012,INV-0023,SGP,2025-09-18,XE,27,Male,Eligible,,Yes,2026-07-30T20:12:28.577992
SCR-003601,CRC-GLB-301,SITE-0004,INV-0007,IND,2025-06-12,JQ,41,Male,Eligible,,Yes,2026-07-30T20:12:28.577992
SCR-003602,CRC-GLB-301,SITE-0005,INV-0009,IND,2025-05-04,MS,73,Female,Eligible,,Yes,2026-07-30T20:12:28.577992
SCR-003603,CRC-GLB-301,SITE-0023,INV-0045,USA,2025-10-19,JG,67,Male,Eligible,,Yes,2026-07-30T20:12:28.577992
SCR-003604,CRC-GLB-301,SITE-0033,INV-0065,GBR,2025-02-03,QO,42,Male,Eligible,,Yes,2026-07-30T20:12:28.577992
SCR-003605,CRC-GLB-301,SITE-0030,INV-0060,CAN,2025-03-06,HQ,37,Female,Eligible,,Yes,2026-07-30T20:12:28.577992
SCR-003606,CRC-GLB-301,SITE-0001,INV-0002,IND,2025-08-06,RN,42,Female,Eligible,,Yes,2026-07-30T20:12:28.577992
SCR-003607,CRC-GLB-301,SITE-0053,INV-0105,ZAF,2025-06-03,RO,47,Male,Screen Failure,Exclusion Criteria Met,Yes,2026-07-30T20:12:28.577992
SCR-003608,CRC-GLB-301,SITE-0033,INV-0065,GBR,2025-08-30,JY,85,Female,Eligible,,Yes,2026-07-30T20:12:28.577992
SCR-003609,CRC-GLB-301,SITE-0056,INV-0112,ZAF,2025-09-17,LV,54,Male,Screen Failure,Inclusion Criteria Not Met,Yes,2026-07-30T20:12:28.577992
SCR-003610,CRC-GLB-301,SITE-0037,INV-0073,GBR,2025-07-16,YY,60,Female,Screen Failure,Exclusion Criteria Met,Yes,2026-07-30T20:12:28.577992
SCR-003611,CRC-GLB-301,SITE-0003,INV-0006,IND,2025-05-18,FV,20,Female,Eligible,,Yes,2026-07-30T20:12:28.577992
SCR-003612,CRC-GLB-301,SITE-0021,INV-0042,USA,2025-11-08,HZ,79,Male,Eligible,,Yes,2026-07-30T20:12:28.577992
SCR-003613,CRC-GLB-301,SITE-0032,INV-0064,CAN,2025-11-06,WK,59,Male,Eligible,,Yes,2026-07-30T20:12:28.577992
SCR-003614,CRC-GLB-301,SITE-0042,INV-0083,DEU,2025-07-27,IG,33,Male,Screen Failure,Withdrew Consent,Yes,2026-07-30T20:12:28.577992
SCR-003615,CRC-GLB-301,SITE-0001,INV-0001,IND,2025-10-31,UI,35,Female,Eligible,,Yes,2026-07-30T20:12:28.577992
SCR-003616,CRC-GLB-301,SITE-0028,INV-0056,CAN,2025-05-26,TP,69,Female,Eligible,,Yes,2026-07-30T20:12:28.577992
SCR-003617,CRC-GLB-301,SITE-0056,INV-0112,ZAF,2025-08-19,PP,51,Female,Eligible,,Yes,2026-07-30T20:12:28.577992
SCR-003618,CRC-GLB-301,SITE-0003,INV-0006,IND,2025-08-23,SW,20,Female,Screen Failure,Inclusion Criteria Not Met,Yes,2026-07-30T20:12:28.577992
SCR-003619,CRC-GLB-301,SITE-0007,INV-0013,IND,2025-11-15,LC,21,Male,Screen Failure,Abnormal Laboratory Values,Yes,2026-07-30T20:12:28.577992
SCR-003620,CRC-GLB-301,SITE-0034,INV-0068,GBR,2025-02-22,IM,63,Female,Eligible,,Yes,2026-07-30T20:12:28.577992
SCR-003621,CRC-GLB-301,SITE-0056,INV-0112,ZAF,2025-01-01,QB,82,Female,Eligible,,Yes,2026-07-30T20:12:28.577992
SCR-003622,CRC-GLB-301,SITE-0003,INV-0005,IND,2025-07-16,MH,41,Male,Eligible,,Yes,2026-07-30T20:12:28.577992
SCR-003623,CRC-GLB-301,SITE-0037,INV-0073,GBR,2025-07-08,PQ,73,Female,Eligible,,Yes,2026-07-30T20:12:28.577992
SCR-003624,CRC-GLB-301,SITE-0003,INV-0006,IND,2025-01-09,QU,70,Male,Screen Failure,Abnormal Laboratory Values,Yes,2026-07-30T20:12:28.577992
SCR-003625,CRC-GLB-301,SITE-0063,INV-0126,KEN,2025-06-09,BV,51,Male,Eligible,,Yes,2026-07-30T20:12:28.577992
SCR-003626,CRC-GLB-301,SITE-0056,INV-0111,ZAF,2025-08-30,VN,39,Female,Eligible,,Yes,2026-07-30T20:12:28.577992
SCR-003627,CRC-GLB-301,SITE-0058,INV-0115,KEN,2025-06-03,YV,60,Male,Eligible,,Yes,2026-07-30T20:12:28.577992
SCR-003628,CRC-GLB-301,SITE-0031,INV-0062,CAN,2025-08-08,TT,56,Male,Screen Failure,Withdrew Consent,Yes,2026-07-30T20:12:28.577992
SCR-003629,CRC-GLB-301,SITE-0053,INV-0105,ZAF,2025-10-21,GT,24,Female,Screen Failure,Abnormal Laboratory Values,Yes,2026-07-30T20:12:28.577992
SCR-003630,CRC-GLB-301,SITE-0026,INV-0052,CAN,2025-09-20,JA,28,Male,Eligible,,Yes,2026-07-30T20:12:28.577992
SCR-003631,CRC-GLB-301,SITE-0011,INV-0021,SGP,2025-08-13,OJ,60,Male,Eligible,,Yes,2026-07-30T20:12:28.577992
SCR-003632,CRC-GLB-301,SITE-0027,INV-0053,CAN,2025-05-31,QN,65,Male,Eligible,,Yes,2026-07-30T20:12:28.577992
SCR-003633,CRC-GLB-301,SITE-0063,INV-0126,KEN,2025-06-29,NT,24,Male,Eligible,,Yes,2026-07-30T20:12:28.577992
SCR-003634,CRC-GLB-301,SITE-0050,INV-0100,ZAF,2025-08-01,DY,72,Male,Eligible,,Yes,2026-07-30T20:12:28.577992
SCR-003635,CRC-GLB-301,SITE-0033,INV-0066,GBR,2025-12-15,HQ,51,Female,Eligible,,Yes,2026-07-30T20:12:28.577992
SCR-003636,CRC-GLB-301,SITE-0049,INV-0097,ZAF,2025-04-30,CB,37,Male,Eligible,,Yes,2026-07-30T20:12:28.577992
SCR-003637,CRC-GLB-301,SITE-0029,INV-0058,CAN,2025-12-14,KM,24,Female,Screen Failure,Withdrew Consent,Yes,2026-07-30T20:12:28.577992
SCR-003638,CRC-GLB-301,SITE-0029,INV-0057,CAN,2025-08-17,HW,77,Female,Eligible,,Yes,2026-07-30T20:12:28.577992
SCR-003639,CRC-GLB-301,SITE-0055,INV-0109,ZAF,2025-12-12,KD,49,Female,Eligible,,Yes,2026-07-30T20:12:28.577992
SCR-003640,CRC-GLB-301,SITE-0057,INV-0114,KEN,2025-12-23,BP,80,Female,Eligible,,Yes,2026-07-30T20:12:28.577992
SCR-003641,CRC-GLB-301,SITE-0034,INV-0068,GBR,2025-07-11,PR,48,Female,Eligible,,Yes,2026-07-30T20:12:28.577992
SCR-003642,CRC-GLB-301,SITE-0043,INV-0085,DEU,2025-04-08,LL,50,Male,Screen Failure,Abnormal Laboratory Values,Yes,2026-07-30T20:12:28.577992
SCR-003643,CRC-GLB-301,SITE-0031,INV-0062,CAN,2025-07-19,MO,54,Male,Eligible,,Yes,2026-07-30T20:12:28.577992
SCR-003644,CRC-GLB-301,SITE-0034,INV-0067,GBR,2025-01-12,YM,77,Female,Eligible,,Yes,2026-07-30T20:12:28.577992
SCR-003645,CRC-GLB-301,SITE-0011,INV-0022,SGP,2025-11-02,LF,29,Male,Eligible,,Yes,2026-07-30T20:12:28.577992
SCR-003646,CRC-GLB-301,SITE-0041,INV-0082,DEU,2025-04-17,QF,25,Male,Eligible,,Yes,2026-07-30T20:12:28.577992
SCR-003647,CRC-GLB-301,SITE-0006,INV-0012,IND,2025-01-18,UJ,63,Male,Eligible,,Yes,2026-07-30T20:12:28.577992
SCR-003648,CRC-GLB-301,SITE-0031,INV-0062,CAN,2025-05-15,IN,60,Female,Eligible,,Yes,2026-07-30T20:12:28.577992
SCR-003649,CRC-GLB-301,SITE-0047,INV-0093,DEU,2025-06-25,YX,34,Female,Eligible,,Yes,2026-07-30T20:12:28.577992
SCR-003650,CRC-GLB-301,SITE-0056,INV-0111,ZAF,2025-01-19,GA,28,Male,Screen Failure,Inclusion Criteria Not Met,Yes,2026-07-30T20:12:28.577992
SCR-003651,CRC-GLB-301,SITE-0008,INV-0015,IND,2025-06-07,PT,64,Female,Eligible,,Yes,2026-07-30T20:12:28.577992
SCR-003652,CRC-GLB-301,SITE-0010,INV-0019,SGP,2025-11-04,RP,69,Female,Eligible,,Yes,2026-07-30T20:12:28.577992
SCR-003653,CRC-GLB-301,SITE-0011,INV-0021,SGP,2025-12-16,XN,75,Female,Screen Failure,Inclusion Criteria Not Met,Yes,2026-07-30T20:12:28.577992
SCR-003654,CRC-GLB-301,SITE-0052,INV-0104,ZAF,2025-02-09,IH,75,Female,Eligible,,Yes,2026-07-30T20:12:28.577992
SCR-003655,CRC-GLB-301,SITE-0012,INV-0024,SGP,2025-09-19,MA,77,Female,Eligible,,Yes,2026-07-30T20:12:28.577992
SCR-003656,CRC-GLB-301,SITE-0052,INV-0104,ZAF,2025-10-08,XS,20,Female,Eligible,,Yes,2026-07-30T20:12:28.577992
SCR-003657,CRC-GLB-301,SITE-0018,INV-0036,USA,2025-07-26,IP,65,Male,Eligible,,Yes,2026-07-30T20:12:28.577992
SCR-003658,CRC-GLB-301,SITE-0009,INV-0018,SGP,2025-03-26,SR,18,Male,Eligible,,Yes,2026-07-30T20:12:28.577992
SCR-003659,CRC-GLB-301,SITE-0024,INV-0048,USA,2025-08-05,XW,58,Female,Eligible,,Yes,2026-07-30T20:12:28.577992
SCR-003660,CRC-GLB-301,SITE-0062,INV-0123,KEN,2025-03-31,XB,25,Female,Screen Failure,Withdrew Consent,Yes,2026-07-30T20:12:28.577992
SCR-003661,CRC-GLB-301,SITE-0009,INV-0017,SGP,2025-02-15,NJ,57,Female,Eligible,,Yes,2026-07-30T20:12:28.577992
SCR-003662,CRC-GLB-301,SITE-0040,INV-0080,GBR,2025-05-05,FP,29,Female,Eligible,,Yes,2026-07-30T20:12:28.577992
SCR-003663,CRC-GLB-301,SITE-0059,INV-0118,KEN,2025-03-27,GH,56,Male,Eligible,,Yes,2026-07-30T20:12:28.577992
SCR-003664,CRC-GLB-301,SITE-0001,INV-0001,IND,2025-06-17,PH,20,Male,Eligible,,Yes,2026-07-30T20:12:28.577992
SCR-003665,CRC-GLB-301,SITE-0029,INV-0058,CAN,2025-11-27,FJ,28,Female,Eligible,,Yes,2026-07-30T20:12:28.577992
SCR-003666,CRC-GLB-301,SITE-0053,INV-0106,ZAF,2025-09-12,MC,29,Male,Eligible,,Yes,2026-07-30T20:12:28.577992
SCR-003667,CRC-GLB-301,SITE-0047,INV-0093,DEU,2025-01-05,DN,43,Female,Screen Failure,Exclusion Criteria Met,Yes,2026-07-30T20:12:28.577992
SCR-003668,CRC-GLB-301,SITE-0054,INV-0108,ZAF,2025-10-01,VJ,85,Female,Eligible,,Yes,2026-07-30T20:12:28.577992
SCR-003669,CRC-GLB-301,SITE-0022,INV-0043,USA,2025-09-08,OI,25,Female,Eligible,,Yes,2026-07-30T20:12:28.577992
SCR-003670,CRC-GLB-301,SITE-0010,INV-0019,SGP,2025-10-11,ZI,84,Male,Eligible,,Yes,2026-07-30T20:12:28.577992
SCR-003671,CRC-GLB-301,SITE-0049,INV-0098,ZAF,2025-06-26,TE,44,Male,Eligible,,Yes,2026-07-30T20:12:28.577992
SCR-003672,CRC-GLB-301,SITE-0029,INV-0058,CAN,2025-09-30,TO,23,Male,Eligible,,Yes,2026-07-30T20:12:28.577992
SCR-003673,CRC-GLB-301,SITE-0026,INV-0051,CAN,2025-05-13,WE,34,Male,Eligible,,Yes,2026-07-30T20:12:28.577992
SCR-003674,CRC-GLB-301,SITE-0040,INV-0079,GBR,2025-02-22,RW,77,Male,Eligible,,Yes,2026-07-30T20:12:28.577992
SCR-003675,CRC-GLB-301,SITE-0007,INV-0013,IND,2025-03-30,BI,78,Male,Eligible,,Yes,2026-07-30T20:12:28.577992
SCR-003676,CRC-GLB-301,SITE-0038,INV-0075,GBR,2025-02-14,HK,43,Male,Eligible,,Yes,2026-07-30T20:12:28.577992
SCR-003677,CRC-GLB-301,SITE-0011,INV-0022,SGP,2025-11-25,JF,24,Male,Eligible,,Yes,2026-07-30T20:12:28.577992
SCR-003678,CRC-GLB-301,SITE-0042,INV-0083,DEU,2025-01-20,EV,55,Male,Eligible,,Yes,2026-07-30T20:12:28.577992
SCR-003679,CRC-GLB-301,SITE-0058,INV-0116,KEN,2025-12-10,SX,70,Female,Screen Failure,Inclusion Criteria Not Met,Yes,2026-07-30T20:12:28.577992
SCR-003680,CRC-GLB-301,SITE-0039,INV-0078,GBR,2025-06-13,LT,73,Male,Eligible,,Yes,2026-07-30T20:12:28.577992
SCR-003681,CRC-GLB-301,SITE-0040,INV-0080,GBR,2025-06-05,DO,41,Male,Eligible,,Yes,2026-07-30T20:12:28.577992
SCR-003682,CRC-GLB-301,SITE-0019,INV-0038,USA,2025-11-11,WP,61,Male,Eligible,,Yes,2026-07-30T20:12:28.577992
SCR-003683,CRC-GLB-301,SITE-0008,INV-0016,IND,2025-06-07,RY,31,Male,Eligible,,Yes,2026-07-30T20:12:28.577992
SCR-003684,CRC-GLB-301,SITE-0054,INV-0107,ZAF,2025-12-22,TZ,66,Male,Eligible,,Yes,2026-07-30T20:12:28.577992
SCR-003685,CRC-GLB-301,SITE-0003,INV-0005,IND,2025-12-26,SQ,38,Female,Eligible,,Yes,2026-07-30T20:12:28.577992
SCR-003686,CRC-GLB-301,SITE-0018,INV-0035,USA,2025-07-27,NK,82,Male,Eligible,,Yes,2026-07-30T20:12:28.577992
SCR-003687,CRC-GLB-301,SITE-0020,INV-0039,USA,2025-07-02,YK,66,Female,Screen Failure,Withdrew Consent,Yes,2026-07-30T20:12:28.577992
SCR-003688,CRC-GLB-301,SITE-0019,INV-0037,USA,2025-09-28,FH,29,Male,Eligible,,Yes,2026-07-30T20:12:28.577992
SCR-003689,CRC-GLB-301,SITE-0002,INV-0004,IND,2025-10-19,FR,63,Female,Eligible,,Yes,2026-07-30T20:12:28.577992
SCR-003690,CRC-GLB-301,SITE-0017,INV-0033,USA,2025-10-10,QB,43,Male,Eligible,,Yes,2026-07-30T20:12:28.577992
SCR-003691,CRC-GLB-301,SITE-0019,INV-0037,USA,2025-11-27,RX,52,Female,Screen Failure,Inclusion Criteria Not Met,Yes,2026-07-30T20:12:28.577992
SCR-003692,CRC-GLB-301,SITE-0064,INV-0127,KEN,2025-05-11,UO,33,Male,Eligible,,Yes,2026-07-30T20:12:28.577992
SCR-003693,CRC-GLB-301,SITE-0045,INV-0089,DEU,2025-06-01,IX,23,Female,Eligible,,Yes,2026-07-30T20:12:28.577992
SCR-003694,CRC-GLB-301,SITE-0003,INV-0005,IND,2025-11-20,YK,66,Male,Eligible,,Yes,2026-07-30T20:12:28.577992
SCR-003695,CRC-GLB-301,SITE-0037,INV-0073,GBR,2025-03-30,UV,51,Male,Eligible,,Yes,2026-07-30T20:12:28.577992
SCR-003696,CRC-GLB-301,SITE-0054,INV-0108,ZAF,2025-06-03,XG,69,Female,Eligible,,Yes,2026-07-30T20:12:28.577992
SCR-003697,CRC-GLB-301,SITE-0006,INV-0011,IND,2025-02-12,QZ,82,Female,Screen Failure,Abnormal Laboratory Values,Yes,2026-07-30T20:12:28.577992
SCR-003698,CRC-GLB-301,SITE-0056,INV-0112,ZAF,2025-12-19,GA,67,Female,Eligible,,Yes,2026-07-30T20:12:28.577992
SCR-003699,CRC-GLB-301,SITE-0046,INV-0092,DEU,2025-04-23,NM,83,Female,Screen Failure,Exclusion Criteria Met,Yes,2026-07-30T20:12:28.577992
SCR-003700,CRC-GLB-301,SITE-0049,INV-0098,ZAF,2025-08-06,SX,48,Male,Eligible,,Yes,2026-07-30T20:12:28.577992
SCR-003701,CRC-GLB-301,SITE-0027,INV-0054,CAN,2025-12-04,YK,34,Male,Eligible,,Yes,2026-07-30T20:12:28.577992
SCR-003702,CRC-GLB-301,SITE-0003,INV-0005,IND,2025-02-20,UW,66,Male,Eligible,,Yes,2026-07-30T20:12:28.577992
SCR-003703,CRC-GLB-301,SITE-0036,INV-0072,GBR,2025-10-29,HT,28,Male,Eligible,,Yes,2026-07-30T20:12:28.577992
SCR-003704,CRC-GLB-301,SITE-0028,INV-0055,CAN,2025-06-18,DS,50,Female,Screen Failure,Exclusion Criteria Met,Yes,2026-07-30T20:12:28.577992
SCR-003705,CRC-GLB-301,SITE-0032,INV-0063,CAN,2025-06-07,BS,33,Female,Screen Failure,Abnormal Laboratory Values,Yes,2026-07-30T20:12:28.577992
SCR-003706,CRC-GLB-301,SITE-0059,INV-0117,KEN,2025-04-30,HD,48,Female,Screen Failure,Abnormal Laboratory Values,Yes,2026-07-30T20:12:28.577992
SCR-003707,CRC-GLB-301,SITE-0012,INV-0024,SGP,2025-08-31,FB,60,Male,Eligible,,Yes,2026-07-30T20:12:28.577992
SCR-003708,CRC-GLB-301,SITE-0017,INV-0034,USA,2025-09-10,AO,83,Female,Eligible,,Yes,2026-07-30T20:12:28.577992
SCR-003709,CRC-GLB-301,SITE-0053,INV-0106,ZAF,2025-07-14,RD,39,Female,Eligible,,Yes,2026-07-30T20:12:28.577992
SCR-003710,CRC-GLB-301,SITE-0024,INV-0047,USA,2025-10-02,XT,32,Male,Screen Failure,Exclusion Criteria Met,Yes,2026-07-30T20:12:28.577992
SCR-003711,CRC-GLB-301,SITE-0020,INV-0039,USA,2025-07-11,FL,83,Female,Eligible,,Yes,2026-07-30T20:12:28.577992
SCR-003712,CRC-GLB-301,SITE-0055,INV-0110,ZAF,2025-12-15,YK,70,Female,Eligible,,Yes,2026-07-30T20:12:28.577992
SCR-003713,CRC-GLB-301,SITE-0003,INV-0006,IND,2025-05-23,IO,79,Female,Eligible,,Yes,2026-07-30T20:12:28.577992
SCR-003714,CRC-GLB-301,SITE-0036,INV-0072,GBR,2025-10-22,MD,47,Female,Eligible,,Yes,2026-07-30T20:12:28.577992
SCR-003715,CRC-GLB-301,SITE-0026,INV-0051,CAN,2025-06-15,XR,60,Male,Screen Failure,Withdrew Consent,Yes,2026-07-30T20:12:28.577992
SCR-003716,CRC-GLB-301,SITE-0063,INV-0126,KEN,2025-10-03,SZ,29,Male,Eligible,,Yes,2026-07-30T20:12:28.577992
SCR-003717,CRC-GLB-301,SITE-0038,INV-0076,GBR,2025-12-17,XY,72,Female,Eligible,,Yes,2026-07-30T20:12:28.577992
SCR-003718,CRC-GLB-301,SITE-0042,INV-0083,DEU,2025-11-30,DQ,81,Female,Eligible,,Yes,2026-07-30T20:12:28.577992
SCR-003719,CRC-GLB-301,SITE-0033,INV-0066,GBR,2025-04-25,GK,58,Male,Eligible,,Yes,2026-07-30T20:12:28.577992
SCR-003720,CRC-GLB-301,SITE-0046,INV-0092,DEU,2025-06-09,XP,74,Female,Eligible,,Yes,2026-07-30T20:12:28.577992
SCR-003721,CRC-GLB-301,SITE-0031,INV-0061,CAN,2025-01-26,OF,82,Male,Eligible,,Yes,2026-07-30T20:12:28.577992
SCR-003722,CRC-GLB-301,SITE-0008,INV-0015,IND,2025-04-09,VC,59,Female,Screen Failure,Withdrew Consent,Yes,2026-07-30T20:12:28.577992
SCR-003723,CRC-GLB-301,SITE-0020,INV-0039,USA,2025-03-16,DH,45,Female,Screen Failure,Abnormal Laboratory Values,Yes,2026-07-30T20:12:28.577992
SCR-003724,CRC-GLB-301,SITE-0022,INV-0044,USA,2025-07-15,KB,84,Female,Eligible,,Yes,2026-07-30T20:12:28.577992
SCR-003725,CRC-GLB-301,SITE-0056,INV-0111,ZAF,2025-02-12,UW,22,Female,Eligible,,Yes,2026-07-30T20:12:28.577992
SCR-003726,CRC-GLB-301,SITE-0002,INV-0003,IND,2025-06-03,OB,60,Male,Screen Failure,Exclusion Criteria Met,Yes,2026-07-30T20:12:28.577992
SCR-003727,CRC-GLB-301,SITE-0057,INV-0113,KEN,2025-07-11,UN,69,Female,Eligible,,Yes,2026-07-30T20:12:28.577992
SCR-003728,CRC-GLB-301,SITE-0014,INV-0028,SGP,2025-06-17,GK,20,Female,Eligible,,Yes,2026-07-30T20:12:28.577992
SCR-003729,CRC-GLB-301,SITE-0032,INV-0063,CAN,2025-07-21,BX,80,Female,Eligible,,Yes,2026-07-30T20:12:28.577992
SCR-003730,CRC-GLB-301,SITE-0052,INV-0103,ZAF,2025-09-11,DQ,44,Female,Eligible,,Yes,2026-07-30T20:12:28.577992
SCR-003731,CRC-GLB-301,SITE-0039,INV-0077,GBR,2025-02-24,PD,85,Female,Eligible,,Yes,2026-07-30T20:12:28.577992
SCR-003732,CRC-GLB-301,SITE-0053,INV-0106,ZAF,2025-09-14,JB,28,Female,Screen Failure,Exclusion Criteria Met,Yes,2026-07-30T20:12:28.577992
SCR-003733,CRC-GLB-301,SITE-0042,INV-0083,DEU,2025-10-13,GA,81,Female,Eligible,,Yes,2026-07-30T20:12:28.577992
SCR-003734,CRC-GLB-301,SITE-0044,INV-0088,DEU,2025-10-09,DX,67,Male,Eligible,,Yes,2026-07-30T20:12:28.577992
SCR-003735,CRC-GLB-301,SITE-0054,INV-0108,ZAF,2025-04-22,YJ,79,Female,Eligible,,Yes,2026-07-30T20:12:28.577992
SCR-003736,CRC-GLB-301,SITE-0037,INV-0074,GBR,2025-01-02,LP,20,Female,Eligible,,Yes,2026-07-30T20:12:28.577992
SCR-003737,CRC-GLB-301,SITE-0044,INV-0087,DEU,2025-12-08,UO,30,Male,Eligible,,Yes,2026-07-30T20:12:28.577992
SCR-003738,CRC-GLB-301,SITE-0059,INV-0118,KEN,2025-07-11,JD,53,Female,Eligible,,Yes,2026-07-30T20:12:28.577992
SCR-003739,CRC-GLB-301,SITE-0013,INV-0026,SGP,2025-11-06,UI,30,Female,Eligible,,Yes,2026-07-30T20:12:28.577992
SCR-003740,CRC-GLB-301,SITE-0036,INV-0071,GBR,2025-09-24,TT,84,Female,Eligible,,Yes,2026-07-30T20:12:28.577992
SCR-003741,CRC-GLB-301,SITE-0061,INV-0122,KEN,2025-08-16,LJ,58,Male,Screen Failure,Withdrew Consent,Yes,2026-07-30T20:12:28.577992
SCR-003742,CRC-GLB-301,SITE-0062,INV-0123,KEN,2025-06-16,HP,44,Female,Screen Failure,Abnormal Laboratory Values,Yes,2026-07-30T20:12:28.577992
SCR-003743,CRC-GLB-301,SITE-0029,INV-0058,CAN,2025-10-02,MM,61,Female,Eligible,,Yes,2026-07-30T20:12:28.577992
SCR-003744,CRC-GLB-301,SITE-0023,INV-0045,USA,2025-01-02,VG,24,Female,Eligible,,Yes,2026-07-30T20:12:28.577992
SCR-003745,CRC-GLB-301,SITE-0052,INV-0103,ZAF,2025-06-02,WI,64,Female,Eligible,,Yes,2026-07-30T20:12:28.577992
SCR-003746,CRC-GLB-301,SITE-0060,INV-0119,KEN,2025-01-27,RC,60,Female,Eligible,,Yes,2026-07-30T20:12:28.577992
SCR-003747,CRC-GLB-301,SITE-0060,INV-0120,KEN,2025-04-28,TP,51,Male,Eligible,,Yes,2026-07-30T20:12:28.577992
SCR-003748,CRC-GLB-301,SITE-0010,INV-0020,SGP,2025-12-22,ND,63,Female,Eligible,,Yes,2026-07-30T20:12:28.577992
SCR-003749,CRC-GLB-301,SITE-0060,INV-0120,KEN,2025-07-25,GF,52,Female,Eligible,,Yes,2026-07-30T20:12:28.577992
SCR-003750,CRC-GLB-301,SITE-0040,INV-0079,GBR,2025-10-01,IQ,77,Male,Screen Failure,Withdrew Consent,Yes,2026-07-30T20:12:28.577992
SCR-003751,CRC-GLB-301,SITE-0041,INV-0081,DEU,2025-03-16,NZ,62,Male,Screen Failure,Exclusion Criteria Met,Yes,2026-07-30T20:12:28.577992
SCR-003752,CRC-GLB-301,SITE-0045,INV-0090,DEU,2025-09-07,JN,70,Female,Screen Failure,Abnormal Laboratory Values,Yes,2026-07-30T20:12:28.577992
SCR-003753,CRC-GLB-301,SITE-0006,INV-0011,IND,2025-09-29,UG,33,Male,Eligible,,Yes,2026-07-30T20:12:28.577992
SCR-003754,CRC-GLB-301,SITE-0053,INV-0105,ZAF,2025-05-03,FT,56,Female,Eligible,,Yes,2026-07-30T20:12:28.577992
SCR-003755,CRC-GLB-301,SITE-0001,INV-0002,IND,2025-01-10,MG,74,Male,Eligible,,Yes,2026-07-30T20:12:28.577992
SCR-003756,CRC-GLB-301,SITE-0033,INV-0066,GBR,2025-12-09,PS,49,Female,Eligible,,Yes,2026-07-30T20:12:28.577992
SCR-003757,CRC-GLB-301,SITE-0016,INV-0032,SGP,2025-06-13,OZ,84,Male,Eligible,,Yes,2026-07-30T20:12:28.577992
SCR-003758,CRC-GLB-301,SITE-0064,INV-0128,KEN,2025-07-10,SK,33,Female,Eligible,,Yes,2026-07-30T20:12:28.577992
SCR-003759,CRC-GLB-301,SITE-0004,INV-0007,IND,2025-11-08,VC,27,Female,Eligible,,Yes,2026-07-30T20:12:28.577992
SCR-003760,CRC-GLB-301,SITE-0045,INV-0089,DEU,2025-02-23,LA,67,Female,Screen Failure,Inclusion Criteria Not Met,Yes,2026-07-30T20:12:28.577992
SCR-003761,CRC-GLB-301,SITE-0035,INV-0069,GBR,2025-09-08,OS,40,Female,Eligible,,Yes,2026-07-30T20:12:28.577992
SCR-003762,CRC-GLB-301,SITE-0041,INV-0081,DEU,2025-07-23,XE,64,Male,Eligible,,Yes,2026-07-30T20:12:28.577992
SCR-003763,CRC-GLB-301,SITE-0055,INV-0110,ZAF,2025-07-25,RJ,43,Female,Eligible,,Yes,2026-07-30T20:12:28.577992
SCR-003764,CRC-GLB-301,SITE-0063,INV-0125,KEN,2025-07-08,WU,85,Female,Eligible,,Yes,2026-07-30T20:12:28.577992
SCR-003765,CRC-GLB-301,SITE-0006,INV-0012,IND,2025-01-30,LD,45,Female,Eligible,,Yes,2026-07-30T20:12:28.577992
SCR-003766,CRC-GLB-301,SITE-0011,INV-0021,SGP,2025-04-29,UV,42,Male,Eligible,,Yes,2026-07-30T20:12:28.577992
SCR-003767,CRC-GLB-301,SITE-0010,INV-0020,SGP,2025-04-08,BM,57,Male,Eligible,,Yes,2026-07-30T20:12:28.577992
SCR-003768,CRC-GLB-301,SITE-0064,INV-0128,KEN,2025-11-11,FK,46,Female,Eligible,,Yes,2026-07-30T20:12:28.577992
SCR-003769,CRC-GLB-301,SITE-0062,INV-0124,KEN,2025-08-15,TW,52,Male,Eligible,,Yes,2026-07-30T20:12:28.577992
SCR-003770,CRC-GLB-301,SITE-0026,INV-0051,CAN,2025-12-07,BL,47,Female,Eligible,,Yes,2026-07-30T20:12:28.577992
SCR-003771,CRC-GLB-301,SITE-0056,INV-0112,ZAF,2025-10-15,VK,21,Male,Eligible,,Yes,2026-07-30T20:12:28.577992
SCR-003772,CRC-GLB-301,SITE-0044,INV-0087,DEU,2025-05-02,XM,51,Male,Screen Failure,Withdrew Consent,Yes,2026-07-30T20:12:28.577992
SCR-003773,CRC-GLB-301,SITE-0019,INV-0038,USA,2025-08-08,YC,34,Male,Eligible,,Yes,2026-07-30T20:12:28.577992
SCR-003774,CRC-GLB-301,SITE-0026,INV-0051,CAN,2025-02-08,GR,59,Male,Eligible,,Yes,2026-07-30T20:12:28.577992
SCR-003775,CRC-GLB-301,SITE-0049,INV-0097,ZAF,2025-02-25,PU,36,Female,Eligible,,Yes,2026-07-30T20:12:28.577992
SCR-003776,CRC-GLB-301,SITE-0040,INV-0080,GBR,2025-08-20,ZQ,52,Female,Screen Failure,Abnormal Laboratory Values,Yes,2026-07-30T20:12:28.577992
SCR-003777,CRC-GLB-301,SITE-0048,INV-0095,DEU,2025-07-11,RI,54,Male,Screen Failure,Exclusion Criteria Met,Yes,2026-07-30T20:12:28.577992
SCR-003778,CRC-GLB-301,SITE-0015,INV-0029,SGP,2025-12-19,NW,61,Male,Eligible,,Yes,2026-07-30T20:12:28.577992
SCR-003779,CRC-GLB-301,SITE-0028,INV-0056,CAN,2025-08-19,EZ,61,Male,Eligible,,Yes,2026-07-30T20:12:28.577992
SCR-003780,CRC-GLB-301,SITE-0008,INV-0015,IND,2025-12-20,PL,72,Female,Screen Failure,Inclusion Criteria Not Met,Yes,2026-07-30T20:12:28.577992
SCR-003781,CRC-GLB-301,SITE-0013,INV-0026,SGP,2025-09-12,YG,35,Male,Eligible,,Yes,2026-07-30T20:12:28.577992
SCR-003782,CRC-GLB-301,SITE-0004,INV-0007,IND,2025-05-14,RG,49,Female,Eligible,,Yes,2026-07-30T20:12:28.577992
SCR-003783,CRC-GLB-301,SITE-0035,INV-0069,GBR,2025-02-19,CL,44,Female,Eligible,,Yes,2026-07-30T20:12:28.577992
SCR-003784,CRC-GLB-301,SITE-0002,INV-0003,IND,2025-09-18,MU,55,Female,Screen Failure,Inclusion Criteria Not Met,Yes,2026-07-30T20:12:28.577992
SCR-003785,CRC-GLB-301,SITE-0062,INV-0123,KEN,2025-08-04,RM,31,Male,Screen Failure,Inclusion Criteria Not Met,Yes,2026-07-30T20:12:28.577992
SCR-003786,CRC-GLB-301,SITE-0060,INV-0120,KEN,2025-03-15,TJ,79,Female,Eligible,,Yes,2026-07-30T20:12:28.577992
SCR-003787,CRC-GLB-301,SITE-0062,INV-0123,KEN,2025-11-22,KY,81,Male,Eligible,,Yes,2026-07-30T20:12:28.577992
SCR-003788,CRC-GLB-301,SITE-0006,INV-0012,IND,2025-10-07,NN,24,Female,Eligible,,Yes,2026-07-30T20:12:28.577992
SCR-003789,CRC-GLB-301,SITE-0014,INV-0028,SGP,2025-10-22,FF,38,Female,Eligible,,Yes,2026-07-30T20:12:28.577992
SCR-003790,CRC-GLB-301,SITE-0039,INV-0078,GBR,2025-05-12,PM,31,Male,Screen Failure,Withdrew Consent,Yes,2026-07-30T20:12:28.577992
SCR-003791,CRC-GLB-301,SITE-0052,INV-0103,ZAF,2025-06-15,SR,47,Male,Eligible,,Yes,2026-07-30T20:12:28.577992
SCR-003792,CRC-GLB-301,SITE-0050,INV-0100,ZAF,2025-10-19,AO,80,Male,Eligible,,Yes,2026-07-30T20:12:28.577992
SCR-003793,CRC-GLB-301,SITE-0030,INV-0060,CAN,2025-03-08,IR,32,Female,Eligible,,Yes,2026-07-30T20:12:28.577992
SCR-003794,CRC-GLB-301,SITE-0007,INV-0013,IND,2025-10-10,BW,30,Male,Eligible,,Yes,2026-07-30T20:12:28.577992
SCR-003795,CRC-GLB-301,SITE-0051,INV-0101,ZAF,2025-10-24,KY,77,Female,Eligible,,Yes,2026-07-30T20:12:28.577992
SCR-003796,CRC-GLB-301,SITE-0023,INV-0045,USA,2025-06-20,XB,49,Female,Eligible,,Yes,2026-07-30T20:12:28.577992
SCR-003797,CRC-GLB-301,SITE-0018,INV-0036,USA,2025-03-29,KA,40,Male,Eligible,,Yes,2026-07-30T20:12:28.577992
SCR-003798,CRC-GLB-301,SITE-0055,INV-0109,ZAF,2025-10-09,SL,53,Male,Eligible,,Yes,2026-07-30T20:12:28.577992
SCR-003799,CRC-GLB-301,SITE-0019,INV-0037,USA,2025-04-12,UJ,47,Female,Eligible,,Yes,2026-07-30T20:12:28.577992
SCR-003800,CRC-GLB-301,SITE-0025,INV-0049,CAN,2025-01-03,KL,59,Male,Eligible,,Yes,2026-07-30T20:12:28.577992
SCR-003801,CRC-GLB-301,SITE-0062,INV-0124,KEN,2025-06-23,XJ,45,Female,Eligible,,Yes,2026-07-30T20:12:28.577992
SCR-003802,CRC-GLB-301,SITE-0016,INV-0031,SGP,2025-02-11,HX,29,Male,Screen Failure,Exclusion Criteria Met,Yes,2026-07-30T20:12:28.577992
SCR-003803,CRC-GLB-301,SITE-0032,INV-0063,CAN,2025-10-20,IN,79,Male,Screen Failure,Inclusion Criteria Not Met,Yes,2026-07-30T20:12:28.577992
SCR-003804,CRC-GLB-301,SITE-0029,INV-0058,CAN,2025-02-21,MM,80,Male,Screen Failure,Withdrew Consent,Yes,2026-07-30T20:12:28.577992
SCR-003805,CRC-GLB-301,SITE-0025,INV-0049,CAN,2025-06-26,KL,25,Female,Eligible,,Yes,2026-07-30T20:12:28.577992
SCR-003806,CRC-GLB-301,SITE-0010,INV-0019,SGP,2025-12-24,JI,68,Female,Screen Failure,Abnormal Laboratory Values,Yes,2026-07-30T20:12:28.577992
SCR-003807,CRC-GLB-301,SITE-0030,INV-0060,CAN,2025-04-17,GK,51,Male,Eligible,,Yes,2026-07-30T20:12:28.577992
SCR-003808,CRC-GLB-301,SITE-0059,INV-0118,KEN,2025-08-23,MR,25,Male,Eligible,,Yes,2026-07-30T20:12:28.577992
SCR-003809,CRC-GLB-301,SITE-0050,INV-0100,ZAF,2025-04-25,IY,76,Male,Eligible,,Yes,2026-07-30T20:12:28.577992
SCR-003810,CRC-GLB-301,SITE-0011,INV-0022,SGP,2025-05-02,BF,51,Female,Eligible,,Yes,2026-07-30T20:12:28.577992
SCR-003811,CRC-GLB-301,SITE-0058,INV-0116,KEN,2025-09-13,XG,61,Male,Eligible,,Yes,2026-07-30T20:12:28.577992
SCR-003812,CRC-GLB-301,SITE-0001,INV-0002,IND,2025-10-05,HN,23,Female,Eligible,,Yes,2026-07-30T20:12:28.577992
SCR-003813,CRC-GLB-301,SITE-0057,INV-0113,KEN,2025-03-01,OZ,67,Male,Eligible,,Yes,2026-07-30T20:12:28.577992
SCR-003814,CRC-GLB-301,SITE-0044,INV-0088,DEU,2025-03-25,ML,64,Female,Eligible,,Yes,2026-07-30T20:12:28.577992
SCR-003815,CRC-GLB-301,SITE-0062,INV-0124,KEN,2025-03-02,CB,78,Female,Eligible,,Yes,2026-07-30T20:12:28.577992
SCR-003816,CRC-GLB-301,SITE-0040,INV-0080,GBR,2025-07-05,HT,71,Female,Eligible,,Yes,2026-07-30T20:12:28.577992
SCR-003817,CRC-GLB-301,SITE-0060,INV-0119,KEN,2025-09-20,OL,39,Female,Eligible,,Yes,2026-07-30T20:12:28.577992
SCR-003818,CRC-GLB-301,SITE-0027,INV-0054,CAN,2025-05-18,YR,44,Male,Screen Failure,Abnormal Laboratory Values,Yes,2026-07-30T20:12:28.577992
SCR-003819,CRC-GLB-301,SITE-0034,INV-0068,GBR,2025-08-02,AL,41,Female,Screen Failure,Abnormal Laboratory Values,Yes,2026-07-30T20:12:28.577992
SCR-003820,CRC-GLB-301,SITE-0009,INV-0017,SGP,2025-09-23,DK,78,Male,Eligible,,Yes,2026-07-30T20:12:28.577992
SCR-003821,CRC-GLB-301,SITE-0057,INV-0114,KEN,2025-08-22,LJ,23,Male,Eligible,,Yes,2026-07-30T20:12:28.577992
SCR-003822,CRC-GLB-301,SITE-0053,INV-0105,ZAF,2025-07-12,FM,41,Female,Eligible,,Yes,2026-07-30T20:12:28.577992
SCR-003823,CRC-GLB-301,SITE-0009,INV-0017,SGP,2025-08-13,TZ,33,Male,Screen Failure,Inclusion Criteria Not Met,Yes,2026-07-30T20:12:28.577992
SCR-003824,CRC-GLB-301,SITE-0054,INV-0107,ZAF,2025-04-06,RA,39,Female,Eligible,,Yes,2026-07-30T20:12:28.577992
SCR-003825,CRC-GLB-301,SITE-0026,INV-0051,CAN,2025-04-29,FY,48,Male,Eligible,,Yes,2026-07-30T20:12:28.577992
SCR-003826,CRC-GLB-301,SITE-0019,INV-0037,USA,2025-11-12,PF,53,Female,Eligible,,Yes,2026-07-30T20:12:28.577992
SCR-003827,CRC-GLB-301,SITE-0003,INV-0006,IND,2025-12-29,XV,66,Female,Eligible,,Yes,2026-07-30T20:12:28.577992
SCR-003828,CRC-GLB-301,SITE-0030,INV-0059,CAN,2025-07-24,PR,42,Female,Eligible,,Yes,2026-07-30T20:12:28.577992
SCR-003829,CRC-GLB-301,SITE-0057,INV-0114,KEN,2025-03-13,PC,82,Female,Screen Failure,Abnormal Laboratory Values,Yes,2026-07-30T20:12:28.577992
SCR-003830,CRC-GLB-301,SITE-0032,INV-0064,CAN,2025-01-25,AJ,51,Female,Eligible,,Yes,2026-07-30T20:12:28.577992
SCR-003831,CRC-GLB-301,SITE-0044,INV-0088,DEU,2025-09-30,MY,49,Male,Eligible,,Yes,2026-07-30T20:12:28.577992
SCR-003832,CRC-GLB-301,SITE-0015,INV-0029,SGP,2025-03-27,JZ,36,Male,Screen Failure,Abnormal Laboratory Values,Yes,2026-07-30T20:12:28.577992
SCR-003833,CRC-GLB-301,SITE-0042,INV-0083,DEU,2025-07-30,TH,34,Female,Screen Failure,Withdrew Consent,Yes,2026-07-30T20:12:28.577992
SCR-003834,CRC-GLB-301,SITE-0043,INV-0085,DEU,2025-09-03,OZ,72,Female,Eligible,,Yes,2026-07-30T20:12:28.577992
SCR-003835,CRC-GLB-301,SITE-0051,INV-0101,ZAF,2025-12-14,EF,34,Male,Eligible,,Yes,2026-07-30T20:12:28.577992
SCR-003836,CRC-GLB-301,SITE-0016,INV-0031,SGP,2025-02-08,XA,29,Female,Eligible,,Yes,2026-07-30T20:12:28.577992
SCR-003837,CRC-GLB-301,SITE-0052,INV-0104,ZAF,2025-10-31,UR,78,Female,Screen Failure,Exclusion Criteria Met,Yes,2026-07-30T20:12:28.577992
SCR-003838,CRC-GLB-301,SITE-0021,INV-0042,USA,2025-04-14,VS,50,Male,Eligible,,Yes,2026-07-30T20:12:28.577992
SCR-003839,CRC-GLB-301,SITE-0040,INV-0080,GBR,2025-03-30,OC,68,Female,Screen Failure,Withdrew Consent,Yes,2026-07-30T20:12:28.577992
SCR-003840,CRC-GLB-301,SITE-0039,INV-0077,GBR,2025-08-07,AF,41,Male,Eligible,,Yes,2026-07-30T20:12:28.577992
SCR-003841,CRC-GLB-301,SITE-0061,INV-0121,KEN,2025-01-10,IS,40,Female,Eligible,,Yes,2026-07-30T20:12:28.577992
SCR-003842,CRC-GLB-301,SITE-0040,INV-0080,GBR,2025-12-17,CY,36,Male,Eligible,,Yes,2026-07-30T20:12:28.577992
SCR-003843,CRC-GLB-301,SITE-0001,INV-0001,IND,2025-09-08,JJ,52,Male,Eligible,,Yes,2026-07-30T20:12:28.577992
SCR-003844,CRC-GLB-301,SITE-0051,INV-0102,ZAF,2025-09-29,MD,26,Male,Eligible,,Yes,2026-07-30T20:12:28.577992
SCR-003845,CRC-GLB-301,SITE-0035,INV-0070,GBR,2025-08-01,DM,20,Male,Eligible,,Yes,2026-07-30T20:12:28.577992
SCR-003846,CRC-GLB-301,SITE-0046,INV-0091,DEU,2025-07-27,RO,50,Female,Eligible,,Yes,2026-07-30T20:12:28.577992
SCR-003847,CRC-GLB-301,SITE-0022,INV-0043,USA,2025-07-23,BN,61,Female,Screen Failure,Exclusion Criteria Met,Yes,2026-07-30T20:12:28.577992
SCR-003848,CRC-GLB-301,SITE-0025,INV-0049,CAN,2025-01-07,OJ,81,Male,Eligible,,Yes,2026-07-30T20:12:28.577992
SCR-003849,CRC-GLB-301,SITE-0031,INV-0061,CAN,2025-07-23,NQ,72,Male,Eligible,,Yes,2026-07-30T20:12:28.577992
SCR-003850,CRC-GLB-301,SITE-0012,INV-0024,SGP,2025-06-21,LP,47,Male,Eligible,,Yes,2026-07-30T20:12:28.577992
SCR-003851,CRC-GLB-301,SITE-0052,INV-0104,ZAF,2025-02-08,GR,61,Male,Eligible,,Yes,2026-07-30T20:12:28.577992
SCR-003852,CRC-GLB-301,SITE-0059,INV-0117,KEN,2025-02-18,JS,73,Female,Eligible,,Yes,2026-07-30T20:12:28.577992
SCR-003853,CRC-GLB-301,SITE-0062,INV-0123,KEN,2025-01-15,QJ,34,Male,Eligible,,Yes,2026-07-30T20:12:28.577992
SCR-003854,CRC-GLB-301,SITE-0016,INV-0031,SGP,2025-03-06,GS,75,Male,Screen Failure,Abnormal Laboratory Values,Yes,2026-07-30T20:12:28.577992
SCR-003855,CRC-GLB-301,SITE-0035,INV-0069,GBR,2025-09-02,PN,31,Female,Eligible,,Yes,2026-07-30T20:12:28.577992
SCR-003856,CRC-GLB-301,SITE-0048,INV-0096,DEU,2025-03-05,CV,74,Male,Eligible,,Yes,2026-07-30T20:12:28.577992
SCR-003857,CRC-GLB-301,SITE-0037,INV-0073,GBR,2025-01-10,XM,76,Female,Eligible,,Yes,2026-07-30T20:12:28.577992
SCR-003858,CRC-GLB-301,SITE-0015,INV-0030,SGP,2025-04-04,HV,48,Female,Eligible,,Yes,2026-07-30T20:12:28.577992
SCR-003859,CRC-GLB-301,SITE-0021,INV-0042,USA,2025-03-08,IC,48,Male,Eligible,,Yes,2026-07-30T20:12:28.577992
SCR-003860,CRC-GLB-301,SITE-0023,INV-0046,USA,2025-08-19,GY,73,Female,Screen Failure,Withdrew Consent,Yes,2026-07-30T20:12:28.577992
SCR-003861,CRC-GLB-301,SITE-0062,INV-0123,KEN,2025-06-02,EH,61,Female,Screen Failure,Abnormal Laboratory Values,Yes,2026-07-30T20:12:28.577992
SCR-003862,CRC-GLB-301,SITE-0060,INV-0120,KEN,2025-03-26,PW,64,Female,Eligible,,Yes,2026-07-30T20:12:28.577992
SCR-003863,CRC-GLB-301,SITE-0015,INV-0030,SGP,2025-07-27,TW,46,Male,Eligible,,Yes,2026-07-30T20:12:28.577992
SCR-003864,CRC-GLB-301,SITE-0021,INV-0041,USA,2025-04-26,HN,20,Female,Eligible,,Yes,2026-07-30T20:12:28.577992
SCR-003865,CRC-GLB-301,SITE-0017,INV-0034,USA,2025-08-30,PK,24,Male,Eligible,,Yes,2026-07-30T20:12:28.577992
SCR-003866,CRC-GLB-301,SITE-0007,INV-0014,IND,2025-01-05,PK,63,Female,Eligible,,Yes,2026-07-30T20:12:28.577992
SCR-003867,CRC-GLB-301,SITE-0030,INV-0060,CAN,2025-08-01,DW,69,Female,Eligible,,Yes,2026-07-30T20:12:28.577992
SCR-003868,CRC-GLB-301,SITE-0018,INV-0035,USA,2025-07-07,GD,22,Male,Eligible,,Yes,2026-07-30T20:12:28.577992
SCR-003869,CRC-GLB-301,SITE-0053,INV-0105,ZAF,2025-01-28,PC,52,Male,Eligible,,Yes,2026-07-30T20:12:28.577992
SCR-003870,CRC-GLB-301,SITE-0013,INV-0026,SGP,2025-03-17,MC,32,Female,Eligible,,Yes,2026-07-30T20:12:28.577992
SCR-003871,CRC-GLB-301,SITE-0024,INV-0047,USA,2025-07-22,IB,80,Female,Eligible,,Yes,2026-07-30T20:12:28.577992
SCR-003872,CRC-GLB-301,SITE-0054,INV-0107,ZAF,2025-01-06,QN,34,Male,Eligible,,Yes,2026-07-30T20:12:28.577992
SCR-003873,CRC-GLB-301,SITE-0028,INV-0056,CAN,2025-11-09,NT,75,Female,Eligible,,Yes,2026-07-30T20:12:28.577992
SCR-003874,CRC-GLB-301,SITE-0021,INV-0041,USA,2025-11-28,TQ,71,Female,Screen Failure,Exclusion Criteria Met,Yes,2026-07-30T20:12:28.577992
SCR-003875,CRC-GLB-301,SITE-0062,INV-0123,KEN,2025-06-30,GP,39,Male,Eligible,,Yes,2026-07-30T20:12:28.577992
SCR-003876,CRC-GLB-301,SITE-0056,INV-0111,ZAF,2025-06-04,MU,69,Female,Eligible,,Yes,2026-07-30T20:12:28.577992
SCR-003877,CRC-GLB-301,SITE-0002,INV-0003,IND,2025-04-14,DO,22,Male,Eligible,,Yes,2026-07-30T20:12:28.577992
SCR-003878,CRC-GLB-301,SITE-0056,INV-0112,ZAF,2025-07-28,BV,57,Female,Screen Failure,Withdrew Consent,Yes,2026-07-30T20:12:28.577992
SCR-003879,CRC-GLB-301,SITE-0019,INV-0038,USA,2025-09-15,MV,59,Female,Eligible,,Yes,2026-07-30T20:12:28.577992
SCR-003880,CRC-GLB-301,SITE-0034,INV-0067,GBR,2025-05-26,EG,69,Female,Eligible,,Yes,2026-07-30T20:12:28.577992
SCR-003881,CRC-GLB-301,SITE-0019,INV-0037,USA,2025-08-10,LJ,52,Male,Eligible,,Yes,2026-07-30T20:12:28.577992
SCR-003882,CRC-GLB-301,SITE-0026,INV-0052,CAN,2025-04-29,RK,20,Female,Eligible,,Yes,2026-07-30T20:12:28.577992
SCR-003883,CRC-GLB-301,SITE-0041,INV-0081,DEU,2025-12-19,JN,46,Female,Screen Failure,Exclusion Criteria Met,Yes,2026-07-30T20:12:28.577992
SCR-003884,CRC-GLB-301,SITE-0059,INV-0117,KEN,2025-05-08,VV,30,Male,Eligible,,Yes,2026-07-30T20:12:28.577992
SCR-003885,CRC-GLB-301,SITE-0032,INV-0063,CAN,2025-04-30,HG,44,Male,Screen Failure,Withdrew Consent,Yes,2026-07-30T20:12:28.577992
SCR-003886,CRC-GLB-301,SITE-0024,INV-0047,USA,2025-06-08,CE,55,Female,Screen Failure,Withdrew Consent,Yes,2026-07-30T20:12:28.577992
SCR-003887,CRC-GLB-301,SITE-0033,INV-0065,GBR,2025-04-08,SL,25,Male,Screen Failure,Abnormal Laboratory Values,Yes,2026-07-30T20:12:28.577992
SCR-003888,CRC-GLB-301,SITE-0030,INV-0060,CAN,2025-01-23,IB,24,Male,Eligible,,Yes,2026-07-30T20:12:28.577992
SCR-003889,CRC-GLB-301,SITE-0032,INV-0063,CAN,2025-06-17,CA,29,Female,Eligible,,Yes,2026-07-30T20:12:28.577992
SCR-003890,CRC-GLB-301,SITE-0046,INV-0092,DEU,2025-10-01,WB,52,Male,Eligible,,Yes,2026-07-30T20:12:28.577992
SCR-003891,CRC-GLB-301,SITE-0035,INV-0069,GBR,2025-03-19,XV,56,Female,Eligible,,Yes,2026-07-30T20:12:28.577992
SCR-003892,CRC-GLB-301,SITE-0051,INV-0102,ZAF,2025-02-06,CQ,65,Female,Eligible,,Yes,2026-07-30T20:12:28.577992
SCR-003893,CRC-GLB-301,SITE-0012,INV-0023,SGP,2025-06-14,GU,22,Female,Eligible,,Yes,2026-07-30T20:12:28.577992
SCR-003894,CRC-GLB-301,SITE-0010,INV-0019,SGP,2025-05-08,VT,62,Male,Eligible,,Yes,2026-07-30T20:12:28.577992
SCR-003895,CRC-GLB-301,SITE-0045,INV-0089,DEU,2025-12-19,IY,26,Female,Eligible,,Yes,2026-07-30T20:12:28.577992
SCR-003896,CRC-GLB-301,SITE-0015,INV-0030,SGP,2025-06-10,JY,68,Female,Screen Failure,Withdrew Consent,Yes,2026-07-30T20:12:28.577992
SCR-003897,CRC-GLB-301,SITE-0030,INV-0059,CAN,2025-09-21,QD,53,Female,Eligible,,Yes,2026-07-30T20:12:28.577992
SCR-003898,CRC-GLB-301,SITE-0032,INV-0063,CAN,2025-03-03,TD,27,Female,Screen Failure,Withdrew Consent,Yes,2026-07-30T20:12:28.577992
SCR-003899,CRC-GLB-301,SITE-0056,INV-0111,ZAF,2025-06-11,DW,18,Female,Eligible,,Yes,2026-07-30T20:12:28.577992
SCR-003900,CRC-GLB-301,SITE-0056,INV-0111,ZAF,2025-01-22,HB,67,Female,Screen Failure,Abnormal Laboratory Values,Yes,2026-07-30T20:12:28.577992
SCR-003901,CRC-GLB-301,SITE-0054,INV-0108,ZAF,2025-08-24,WH,45,Female,Eligible,,Yes,2026-07-30T20:12:28.577992
SCR-003902,CRC-GLB-301,SITE-0004,INV-0007,IND,2025-10-31,AB,54,Female,Eligible,,Yes,2026-07-30T20:12:28.577992
SCR-003903,CRC-GLB-301,SITE-0013,INV-0025,SGP,2025-11-04,DV,85,Male,Screen Failure,Exclusion Criteria Met,Yes,2026-07-30T20:12:28.577992
SCR-003904,CRC-GLB-301,SITE-0027,INV-0053,CAN,2025-05-24,UX,32,Female,Eligible,,Yes,2026-07-30T20:12:28.577992
SCR-003905,CRC-GLB-301,SITE-0032,INV-0063,CAN,2025-09-18,MN,63,Male,Screen Failure,Withdrew Consent,Yes,2026-07-30T20:12:28.577992
SCR-003906,CRC-GLB-301,SITE-0046,INV-0092,DEU,2025-11-02,BJ,22,Female,Eligible,,Yes,2026-07-30T20:12:28.577992
SCR-003907,CRC-GLB-301,SITE-0043,INV-0086,DEU,2025-10-13,NE,79,Male,Eligible,,Yes,2026-07-30T20:12:28.577992
SCR-003908,CRC-GLB-301,SITE-0005,INV-0009,IND,2025-09-03,YS,38,Male,Eligible,,Yes,2026-07-30T20:12:28.577992
SCR-003909,CRC-GLB-301,SITE-0015,INV-0030,SGP,2025-08-18,EF,44,Female,Eligible,,Yes,2026-07-30T20:12:28.577992
SCR-003910,CRC-GLB-301,SITE-0054,INV-0108,ZAF,2025-01-10,MF,21,Male,Eligible,,Yes,2026-07-30T20:12:28.577992
SCR-003911,CRC-GLB-301,SITE-0007,INV-0014,IND,2025-11-06,LW,65,Male,Eligible,,Yes,2026-07-30T20:12:28.577992
SCR-003912,CRC-GLB-301,SITE-0033,INV-0066,GBR,2025-05-26,PF,77,Male,Eligible,,Yes,2026-07-30T20:12:28.577992
SCR-003913,CRC-GLB-301,SITE-0034,INV-0068,GBR,2025-09-04,GA,73,Female,Eligible,,Yes,2026-07-30T20:12:28.577992
SCR-003914,CRC-GLB-301,SITE-0054,INV-0108,ZAF,2025-02-05,WI,80,Male,Screen Failure,Abnormal Laboratory Values,Yes,2026-07-30T20:12:28.577992
SCR-003915,CRC-GLB-301,SITE-0011,INV-0022,SGP,2025-07-01,LJ,64,Female,Screen Failure,Abnormal Laboratory Values,Yes,2026-07-30T20:12:28.577992
SCR-003916,CRC-GLB-301,SITE-0027,INV-0054,CAN,2025-05-08,YC,24,Female,Eligible,,Yes,2026-07-30T20:12:28.577992
SCR-003917,CRC-GLB-301,SITE-0027,INV-0053,CAN,2025-01-09,SD,85,Female,Eligible,,Yes,2026-07-30T20:12:28.577992
SCR-003918,CRC-GLB-301,SITE-0055,INV-0110,ZAF,2025-04-20,GM,79,Female,Eligible,,Yes,2026-07-30T20:12:28.577992
SCR-003919,CRC-GLB-301,SITE-0031,INV-0061,CAN,2025-12-13,FJ,79,Male,Eligible,,Yes,2026-07-30T20:12:28.577992
SCR-003920,CRC-GLB-301,SITE-0021,INV-0042,USA,2025-07-10,HM,37,Male,Screen Failure,Inclusion Criteria Not Met,Yes,2026-07-30T20:12:28.577992
SCR-003921,CRC-GLB-301,SITE-0014,INV-0027,SGP,2025-12-07,BY,55,Female,Screen Failure,Abnormal Laboratory Values,Yes,2026-07-30T20:12:28.577992
SCR-003922,CRC-GLB-301,SITE-0042,INV-0083,DEU,2025-12-03,BI,22,Male,Eligible,,Yes,2026-07-30T20:12:28.577992
SCR-003923,CRC-GLB-301,SITE-0027,INV-0054,CAN,2025-11-20,LN,79,Male,Screen Failure,Withdrew Consent,Yes,2026-07-30T20:12:28.577992
SCR-003924,CRC-GLB-301,SITE-0040,INV-0080,GBR,2025-02-19,KA,54,Male,Eligible,,Yes,2026-07-30T20:12:28.577992
SCR-003925,CRC-GLB-301,SITE-0029,INV-0057,CAN,2025-01-16,PH,58,Male,Screen Failure,Inclusion Criteria Not Met,Yes,2026-07-30T20:12:28.577992
SCR-003926,CRC-GLB-301,SITE-0040,INV-0079,GBR,2025-01-10,MZ,53,Male,Eligible,,Yes,2026-07-30T20:12:28.577992
SCR-003927,CRC-GLB-301,SITE-0057,INV-0114,KEN,2025-06-10,ZK,67,Male,Eligible,,Yes,2026-07-30T20:12:28.577992
SCR-003928,CRC-GLB-301,SITE-0064,INV-0127,KEN,2025-07-03,CP,66,Male,Eligible,,Yes,2026-07-30T20:12:28.577992
SCR-003929,CRC-GLB-301,SITE-0019,INV-0038,USA,2025-03-21,LI,69,Male,Eligible,,Yes,2026-07-30T20:12:28.577992
SCR-003930,CRC-GLB-301,SITE-0001,INV-0001,IND,2025-03-07,GD,54,Male,Eligible,,Yes,2026-07-30T20:12:28.577992
SCR-003931,CRC-GLB-301,SITE-0048,INV-0096,DEU,2025-08-20,WZ,31,Male,Screen Failure,Withdrew Consent,Yes,2026-07-30T20:12:28.577992
SCR-003932,CRC-GLB-301,SITE-0047,INV-0093,DEU,2025-12-04,JO,23,Female,Eligible,,Yes,2026-07-30T20:12:28.577992
SCR-003933,CRC-GLB-301,SITE-0014,INV-0027,SGP,2025-09-17,WA,26,Female,Eligible,,Yes,2026-07-30T20:12:28.577992
SCR-003934,CRC-GLB-301,SITE-0052,INV-0104,ZAF,2025-01-23,SU,41,Male,Eligible,,Yes,2026-07-30T20:12:28.577992
SCR-003935,CRC-GLB-301,SITE-0017,INV-0034,USA,2025-09-27,OU,80,Male,Eligible,,Yes,2026-07-30T20:12:28.577992
SCR-003936,CRC-GLB-301,SITE-0049,INV-0097,ZAF,2025-08-02,CD,68,Female,Eligible,,Yes,2026-07-30T20:12:28.577992
SCR-003937,CRC-GLB-301,SITE-0037,INV-0074,GBR,2025-06-05,ED,51,Male,Eligible,,Yes,2026-07-30T20:12:28.577992
SCR-003938,CRC-GLB-301,SITE-0033,INV-0066,GBR,2025-04-08,SG,77,Male,Eligible,,Yes,2026-07-30T20:12:28.577992
SCR-003939,CRC-GLB-301,SITE-0060,INV-0119,KEN,2025-06-03,JF,27,Male,Eligible,,Yes,2026-07-30T20:12:28.577992
SCR-003940,CRC-GLB-301,SITE-0005,INV-0009,IND,2025-07-14,RQ,33,Female,Eligible,,Yes,2026-07-30T20:12:28.577992
SCR-003941,CRC-GLB-301,SITE-0016,INV-0031,SGP,2025-12-09,OA,28,Male,Eligible,,Yes,2026-07-30T20:12:28.577992
SCR-003942,CRC-GLB-301,SITE-0034,INV-0068,GBR,2025-09-14,OT,31,Male,Screen Failure,Inclusion Criteria Not Met,Yes,2026-07-30T20:12:28.577992
SCR-003943,CRC-GLB-301,SITE-0041,INV-0082,DEU,2025-12-03,RD,56,Female,Eligible,,Yes,2026-07-30T20:12:28.577992
SCR-003944,CRC-GLB-301,SITE-0053,INV-0105,ZAF,2025-05-29,BB,51,Male,Eligible,,Yes,2026-07-30T20:12:28.577992
SCR-003945,CRC-GLB-301,SITE-0036,INV-0071,GBR,2025-04-12,TN,32,Male,Eligible,,Yes,2026-07-30T20:12:28.577992
SCR-003946,CRC-GLB-301,SITE-0040,INV-0079,GBR,2025-06-25,XS,47,Male,Eligible,,Yes,2026-07-30T20:12:28.577992
SCR-003947,CRC-GLB-301,SITE-0041,INV-0081,DEU,2025-08-16,WR,57,Female,Eligible,,Yes,2026-07-30T20:12:28.577992
SCR-003948,CRC-GLB-301,SITE-0058,INV-0115,KEN,2025-09-15,JA,53,Male,Eligible,,Yes,2026-07-30T20:12:28.577992
SCR-003949,CRC-GLB-301,SITE-0050,INV-0100,ZAF,2025-02-21,HV,76,Male,Eligible,,Yes,2026-07-30T20:12:28.577992
SCR-003950,CRC-GLB-301,SITE-0009,INV-0017,SGP,2025-04-12,CV,63,Female,Eligible,,Yes,2026-07-30T20:12:28.577992
SCR-003951,CRC-GLB-301,SITE-0035,INV-0070,GBR,2025-08-31,DT,76,Female,Eligible,,Yes,2026-07-30T20:12:28.577992
SCR-003952,CRC-GLB-301,SITE-0061,INV-0122,KEN,2025-08-21,SA,45,Female,Screen Failure,Inclusion Criteria Not Met,Yes,2026-07-30T20:12:28.577992
SCR-003953,CRC-GLB-301,SITE-0034,INV-0068,GBR,2025-01-02,PF,31,Male,Screen Failure,Withdrew Consent,Yes,2026-07-30T20:12:28.577992
SCR-003954,CRC-GLB-301,SITE-0051,INV-0102,ZAF,2025-02-15,EQ,56,Male,Eligible,,Yes,2026-07-30T20:12:28.577992
SCR-003955,CRC-GLB-301,SITE-0001,INV-0002,IND,2025-01-09,FL,75,Female,Eligible,,Yes,2026-07-30T20:12:28.577992
SCR-003956,CRC-GLB-301,SITE-0030,INV-0059,CAN,2025-06-28,MY,48,Male,Screen Failure,Inclusion Criteria Not Met,Yes,2026-07-30T20:12:28.577992
SCR-003957,CRC-GLB-301,SITE-0005,INV-0009,IND,2025-10-01,PQ,55,Female,Screen Failure,Inclusion Criteria Not Met,Yes,2026-07-30T20:12:28.577992
SCR-003958,CRC-GLB-301,SITE-0013,INV-0025,SGP,2025-06-14,FA,54,Male,Eligible,,Yes,2026-07-30T20:12:28.577992
SCR-003959,CRC-GLB-301,SITE-0008,INV-0016,IND,2025-08-14,HN,77,Female,Eligible,,Yes,2026-07-30T20:12:28.577992
SCR-003960,CRC-GLB-301,SITE-0049,INV-0098,ZAF,2025-09-18,GB,19,Male,Eligible,,Yes,2026-07-30T20:12:28.577992
SCR-003961,CRC-GLB-301,SITE-0052,INV-0103,ZAF,2025-01-13,ZX,76,Female,Eligible,,Yes,2026-07-30T20:12:28.577992
SCR-003962,CRC-GLB-301,SITE-0001,INV-0001,IND,2025-08-16,MY,46,Female,Eligible,,Yes,2026-07-30T20:12:28.577992
SCR-003963,CRC-GLB-301,SITE-0041,INV-0082,DEU,2025-11-01,FF,22,Female,Eligible,,Yes,2026-07-30T20:12:28.577992
SCR-003964,CRC-GLB-301,SITE-0014,INV-0027,SGP,2025-02-07,LO,72,Male,Eligible,,Yes,2026-07-30T20:12:28.577992
SCR-003965,CRC-GLB-301,SITE-0005,INV-0010,IND,2025-11-12,AX,52,Female,Eligible,,Yes,2026-07-30T20:12:28.577992
SCR-003966,CRC-GLB-301,SITE-0038,INV-0075,GBR,2025-06-21,WK,53,Male,Screen Failure,Abnormal Laboratory Values,Yes,2026-07-30T20:12:28.577992
SCR-003967,CRC-GLB-301,SITE-0030,INV-0059,CAN,2025-12-07,RH,70,Female,Eligible,,Yes,2026-07-30T20:12:28.577992
SCR-003968,CRC-GLB-301,SITE-0048,INV-0095,DEU,2025-04-28,OC,21,Male,Eligible,,Yes,2026-07-30T20:12:28.577992
SCR-003969,CRC-GLB-301,SITE-0030,INV-0060,CAN,2025-05-05,XW,25,Female,Eligible,,Yes,2026-07-30T20:12:28.577992
SCR-003970,CRC-GLB-301,SITE-0024,INV-0048,USA,2025-11-17,KJ,67,Male,Eligible,,Yes,2026-07-30T20:12:28.577992
SCR-003971,CRC-GLB-301,SITE-0062,INV-0124,KEN,2025-02-23,ZF,56,Female,Screen Failure,Exclusion Criteria Met,Yes,2026-07-30T20:12:28.577992
SCR-003972,CRC-GLB-301,SITE-0020,INV-0040,USA,2025-09-17,MS,43,Female,Eligible,,Yes,2026-07-30T20:12:28.577992
SCR-003973,CRC-GLB-301,SITE-0049,INV-0098,ZAF,2025-12-05,GQ,79,Female,Eligible,,Yes,2026-07-30T20:12:28.577992
SCR-003974,CRC-GLB-301,SITE-0059,INV-0117,KEN,2025-05-14,SZ,48,Female,Eligible,,Yes,2026-07-30T20:12:28.577992
SCR-003975,CRC-GLB-301,SITE-0026,INV-0051,CAN,2025-09-04,XK,22,Female,Eligible,,Yes,2026-07-30T20:12:28.577992
SCR-003976,CRC-GLB-301,SITE-0001,INV-0002,IND,2025-10-14,QM,47,Female,Screen Failure,Abnormal Laboratory Values,Yes,2026-07-30T20:12:28.577992
SCR-003977,CRC-GLB-301,SITE-0060,INV-0119,KEN,2025-03-02,WD,35,Female,Eligible,,Yes,2026-07-30T20:12:28.577992
SCR-003978,CRC-GLB-301,SITE-0004,INV-0008,IND,2025-12-24,VO,42,Female,Eligible,,Yes,2026-07-30T20:12:28.577992
SCR-003979,CRC-GLB-301,SITE-0034,INV-0068,GBR,2025-06-04,KV,75,Male,Eligible,,Yes,2026-07-30T20:12:28.577992
SCR-003980,CRC-GLB-301,SITE-0014,INV-0028,SGP,2025-12-06,ZQ,64,Female,Eligible,,Yes,2026-07-30T20:12:28.577992
SCR-003981,CRC-GLB-301,SITE-0001,INV-0001,IND,2025-05-09,RM,30,Female,Screen Failure,Exclusion Criteria Met,Yes,2026-07-30T20:12:28.577992
SCR-003982,CRC-GLB-301,SITE-0051,INV-0101,ZAF,2025-06-14,DV,25,Female,Screen Failure,Abnormal Laboratory Values,Yes,2026-07-30T20:12:28.577992
SCR-003983,CRC-GLB-301,SITE-0004,INV-0007,IND,2025-07-19,ZA,28,Male,Eligible,,Yes,2026-07-30T20:12:28.577992
SCR-003984,CRC-GLB-301,SITE-0008,INV-0015,IND,2025-06-17,LK,76,Male,Eligible,,Yes,2026-07-30T20:12:28.577992
SCR-003985,CRC-GLB-301,SITE-0034,INV-0068,GBR,2025-03-13,YW,18,Male,Screen Failure,Inclusion Criteria Not Met,Yes,2026-07-30T20:12:28.577992
SCR-003986,CRC-GLB-301,SITE-0018,INV-0035,USA,2025-12-07,ZV,24,Female,Screen Failure,Abnormal Laboratory Values,Yes,2026-07-30T20:12:28.577992
SCR-003987,CRC-GLB-301,SITE-0062,INV-0123,KEN,2025-04-11,RF,25,Female,Eligible,,Yes,2026-07-30T20:12:28.577992
SCR-003988,CRC-GLB-301,SITE-0034,INV-0067,GBR,2025-09-10,RY,77,Male,Eligible,,Yes,2026-07-30T20:12:28.577992
SCR-003989,CRC-GLB-301,SITE-0053,INV-0106,ZAF,2025-06-12,SB,35,Male,Eligible,,Yes,2026-07-30T20:12:28.577992
SCR-003990,CRC-GLB-301,SITE-0010,INV-0019,SGP,2025-01-11,KT,85,Female,Screen Failure,Exclusion Criteria Met,Yes,2026-07-30T20:12:28.577992
SCR-003991,CRC-GLB-301,SITE-0037,INV-0073,GBR,2025-09-04,JQ,46,Male,Eligible,,Yes,2026-07-30T20:12:28.577992
SCR-003992,CRC-GLB-301,SITE-0020,INV-0039,USA,2025-07-31,GD,73,Male,Eligible,,Yes,2026-07-30T20:12:28.577992
SCR-003993,CRC-GLB-301,SITE-0055,INV-0109,ZAF,2025-06-12,XP,26,Female,Eligible,,Yes,2026-07-30T20:12:28.577992
SCR-003994,CRC-GLB-301,SITE-0060,INV-0120,KEN,2025-05-21,AG,46,Male,Eligible,,Yes,2026-07-30T20:12:28.577992
SCR-003995,CRC-GLB-301,SITE-0030,INV-0059,CAN,2025-06-25,DX,37,Female,Eligible,,Yes,2026-07-30T20:12:28.577992
SCR-003996,CRC-GLB-301,SITE-0059,INV-0117,KEN,2025-03-31,JP,77,Female,Eligible,,Yes,2026-07-30T20:12:28.577992
SCR-003997,CRC-GLB-301,SITE-0042,INV-0083,DEU,2025-04-06,IX,71,Female,Eligible,,Yes,2026-07-30T20:12:28.577992
SCR-003998,CRC-GLB-301,SITE-0034,INV-0068,GBR,2025-12-17,NT,49,Female,Eligible,,Yes,2026-07-30T20:12:28.577992
SCR-003999,CRC-GLB-301,SITE-0056,INV-0111,ZAF,2025-03-01,BU,46,Male,Eligible,,Yes,2026-07-30T20:12:28.577992
SCR-004000,CRC-GLB-301,SITE-0006,INV-0012,IND,2025-05-12,AS,21,Female,Eligible,,Yes,2026-07-30T20:12:28.577992
SCR-004001,CRC-GLB-301,SITE-0064,INV-0128,KEN,2025-02-13,VI,62,Male,Eligible,,Yes,2026-07-30T20:12:28.577992
SCR-004002,CRC-GLB-301,SITE-0050,INV-0099,ZAF,2025-09-29,MP,39,Female,Screen Failure,Withdrew Consent,Yes,2026-07-30T20:12:28.577992
SCR-004003,CRC-GLB-301,SITE-0013,INV-0025,SGP,2025-01-09,SG,67,Male,Eligible,,Yes,2026-07-30T20:12:28.577992
SCR-004004,CRC-GLB-301,SITE-0060,INV-0119,KEN,2025-03-01,KX,68,Female,Eligible,,Yes,2026-07-30T20:12:28.577992
SCR-004005,CRC-GLB-301,SITE-0003,INV-0005,IND,2025-03-16,EN,27,Male,Eligible,,Yes,2026-07-30T20:12:28.577992
SCR-004006,CRC-GLB-301,SITE-0023,INV-0046,USA,2025-06-26,RP,80,Female,Eligible,,Yes,2026-07-30T20:12:28.577992
SCR-004007,CRC-GLB-301,SITE-0030,INV-0060,CAN,2025-10-20,FV,80,Female,Eligible,,Yes,2026-07-30T20:12:28.577992
SCR-004008,CRC-GLB-301,SITE-0045,INV-0089,DEU,2025-10-16,ZV,50,Female,Eligible,,Yes,2026-07-30T20:12:28.577992
SCR-004009,CRC-GLB-301,SITE-0035,INV-0069,GBR,2025-02-07,BR,68,Female,Eligible,,Yes,2026-07-30T20:12:28.577992
SCR-004010,CRC-GLB-301,SITE-0002,INV-0003,IND,2025-12-30,ND,63,Female,Eligible,,Yes,2026-07-30T20:12:28.577992
SCR-004011,CRC-GLB-301,SITE-0060,INV-0120,KEN,2025-02-23,CJ,55,Male,Eligible,,Yes,2026-07-30T20:12:28.577992
SCR-004012,CRC-GLB-301,SITE-0027,INV-0053,CAN,2025-01-16,UO,64,Female,Eligible,,Yes,2026-07-30T20:12:28.577992
SCR-004013,CRC-GLB-301,SITE-0032,INV-0063,CAN,2025-09-18,SP,39,Female,Eligible,,Yes,2026-07-30T20:12:28.577992
SCR-004014,CRC-GLB-301,SITE-0018,INV-0036,USA,2025-04-25,ZV,39,Male,Eligible,,Yes,2026-07-30T20:12:28.577992
SCR-004015,CRC-GLB-301,SITE-0006,INV-0012,IND,2025-12-16,SN,28,Male,Eligible,,Yes,2026-07-30T20:12:28.577992
SCR-004016,CRC-GLB-301,SITE-0057,INV-0113,KEN,2025-08-07,ZT,55,Female,Eligible,,Yes,2026-07-30T20:12:28.577992
SCR-004017,CRC-GLB-301,SITE-0020,INV-0039,USA,2025-08-30,DB,75,Male,Screen Failure,Inclusion Criteria Not Met,Yes,2026-07-30T20:12:28.577992
SCR-004018,CRC-GLB-301,SITE-0038,INV-0075,GBR,2025-05-10,VB,38,Female,Screen Failure,Withdrew Consent,Yes,2026-07-30T20:12:28.577992
SCR-004019,CRC-GLB-301,SITE-0056,INV-0111,ZAF,2025-11-19,KB,59,Female,Eligible,,Yes,2026-07-30T20:12:28.577992
SCR-004020,CRC-GLB-301,SITE-0043,INV-0085,DEU,2025-12-17,SA,64,Male,Eligible,,Yes,2026-07-30T20:12:28.577992
SCR-004021,CRC-GLB-301,SITE-0005,INV-0009,IND,2025-11-13,HN,50,Male,Eligible,,Yes,2026-07-30T20:12:28.577992
SCR-004022,CRC-GLB-301,SITE-0017,INV-0034,USA,2025-03-30,FB,44,Female,Eligible,,Yes,2026-07-30T20:12:28.577992
SCR-004023,CRC-GLB-301,SITE-0002,INV-0004,IND,2025-03-10,DI,37,Male,Eligible,,Yes,2026-07-30T20:12:28.577992
SCR-004024,CRC-GLB-301,SITE-0001,INV-0001,IND,2025-12-16,DV,53,Male,Screen Failure,Abnormal Laboratory Values,Yes,2026-07-30T20:12:28.577992
SCR-004025,CRC-GLB-301,SITE-0059,INV-0118,KEN,2025-04-15,OZ,36,Male,Eligible,,Yes,2026-07-30T20:12:28.577992
SCR-004026,CRC-GLB-301,SITE-0015,INV-0030,SGP,2025-04-24,DV,72,Female,Screen Failure,Withdrew Consent,Yes,2026-07-30T20:12:28.577992
SCR-004027,CRC-GLB-301,SITE-0061,INV-0122,KEN,2025-01-05,GW,50,Female,Eligible,,Yes,2026-07-30T20:12:28.577992
SCR-004028,CRC-GLB-301,SITE-0036,INV-0072,GBR,2025-02-02,YK,73,Female,Eligible,,Yes,2026-07-30T20:12:28.577992
SCR-004029,CRC-GLB-301,SITE-0034,INV-0068,GBR,2025-01-03,AO,55,Female,Eligible,,Yes,2026-07-30T20:12:28.577992
SCR-004030,CRC-GLB-301,SITE-0004,INV-0007,IND,2025-06-18,SC,70,Female,Eligible,,Yes,2026-07-30T20:12:28.577992
SCR-004031,CRC-GLB-301,SITE-0019,INV-0038,USA,2025-12-21,EA,34,Female,Eligible,,Yes,2026-07-30T20:12:28.577992
SCR-004032,CRC-GLB-301,SITE-0013,INV-0025,SGP,2025-07-03,AV,70,Female,Eligible,,Yes,2026-07-30T20:12:28.577992
SCR-004033,CRC-GLB-301,SITE-0013,INV-0025,SGP,2025-03-04,IE,60,Female,Eligible,,Yes,2026-07-30T20:12:28.577992
SCR-004034,CRC-GLB-301,SITE-0021,INV-0041,USA,2025-03-10,RZ,24,Female,Screen Failure,Exclusion Criteria Met,Yes,2026-07-30T20:12:28.577992
SCR-004035,CRC-GLB-301,SITE-0025,INV-0050,CAN,2025-11-28,LH,62,Female,Eligible,,Yes,2026-07-30T20:12:28.577992
SCR-004036,CRC-GLB-301,SITE-0008,INV-0016,IND,2025-07-27,EI,43,Female,Screen Failure,Withdrew Consent,Yes,2026-07-30T20:12:28.577992
SCR-004037,CRC-GLB-301,SITE-0006,INV-0011,IND,2025-03-01,XU,59,Female,Screen Failure,Inclusion Criteria Not Met,Yes,2026-07-30T20:12:28.577992
SCR-004038,CRC-GLB-301,SITE-0056,INV-0111,ZAF,2025-08-17,SO,40,Female,Screen Failure,Withdrew Consent,Yes,2026-07-30T20:12:28.577992
SCR-004039,CRC-GLB-301,SITE-0006,INV-0011,IND,2025-02-12,ZH,20,Male,Eligible,,Yes,2026-07-30T20:12:28.577992
SCR-004040,CRC-GLB-301,SITE-0003,INV-0006,IND,2025-07-03,UN,82,Male,Eligible,,Yes,2026-07-30T20:12:28.577992
SCR-004041,CRC-GLB-301,SITE-0061,INV-0121,KEN,2025-02-04,UW,57,Male,Screen Failure,Withdrew Consent,Yes,2026-07-30T20:12:28.577992
SCR-004042,CRC-GLB-301,SITE-0023,INV-0045,USA,2025-07-08,YI,55,Female,Eligible,,Yes,2026-07-30T20:12:28.577992
SCR-004043,CRC-GLB-301,SITE-0024,INV-0047,USA,2025-06-16,TJ,70,Female,Eligible,,Yes,2026-07-30T20:12:28.577992
SCR-004044,CRC-GLB-301,SITE-0042,INV-0084,DEU,2025-09-11,PZ,29,Male,Eligible,,Yes,2026-07-30T20:12:28.577992
SCR-004045,CRC-GLB-301,SITE-0025,INV-0050,CAN,2025-10-31,UF,57,Female,Eligible,,Yes,2026-07-30T20:12:28.577992
SCR-004046,CRC-GLB-301,SITE-0060,INV-0120,KEN,2025-03-15,LG,31,Male,Eligible,,Yes,2026-07-30T20:12:28.577992
SCR-004047,CRC-GLB-301,SITE-0050,INV-0099,ZAF,2025-10-09,OX,63,Female,Eligible,,Yes,2026-07-30T20:12:28.577992
SCR-004048,CRC-GLB-301,SITE-0005,INV-0009,IND,2025-06-28,RZ,41,Male,Eligible,,Yes,2026-07-30T20:12:28.577992
SCR-004049,CRC-GLB-301,SITE-0027,INV-0053,CAN,2025-12-30,NU,25,Male,Screen Failure,Withdrew Consent,Yes,2026-07-30T20:12:28.577992
SCR-004050,CRC-GLB-301,SITE-0026,INV-0052,CAN,2025-08-23,LT,34,Male,Eligible,,Yes,2026-07-30T20:12:28.577992
SCR-004051,CRC-GLB-301,SITE-0001,INV-0002,IND,2025-07-19,XT,49,Female,Screen Failure,Abnormal Laboratory Values,Yes,2026-07-30T20:12:28.577992
SCR-004052,CRC-GLB-301,SITE-0017,INV-0034,USA,2025-02-23,QY,68,Male,Eligible,,Yes,2026-07-30T20:12:28.577992
SCR-004053,CRC-GLB-301,SITE-0029,INV-0057,CAN,2025-10-04,WR,36,Female,Screen Failure,Withdrew Consent,Yes,2026-07-30T20:12:28.577992
SCR-004054,CRC-GLB-301,SITE-0051,INV-0101,ZAF,2025-10-07,UG,48,Female,Eligible,,Yes,2026-07-30T20:12:28.577992
SCR-004055,CRC-GLB-301,SITE-0051,INV-0101,ZAF,2025-01-27,SX,19,Male,Eligible,,Yes,2026-07-30T20:12:28.577992
SCR-004056,CRC-GLB-301,SITE-0061,INV-0121,KEN,2025-09-12,PQ,56,Female,Eligible,,Yes,2026-07-30T20:12:28.577992
SCR-004057,CRC-GLB-301,SITE-0041,INV-0082,DEU,2025-06-08,HW,23,Female,Screen Failure,Abnormal Laboratory Values,Yes,2026-07-30T20:12:28.577992
SCR-004058,CRC-GLB-301,SITE-0052,INV-0103,ZAF,2025-08-07,DQ,61,Female,Eligible,,Yes,2026-07-30T20:12:28.577992
SCR-004059,CRC-GLB-301,SITE-0030,INV-0060,CAN,2025-07-01,ZC,68,Male,Screen Failure,Withdrew Consent,Yes,2026-07-30T20:12:28.577992
SCR-004060,CRC-GLB-301,SITE-0034,INV-0067,GBR,2025-10-24,QN,84,Female,Screen Failure,Abnormal Laboratory Values,Yes,2026-07-30T20:12:28.577992
SCR-004061,CRC-GLB-301,SITE-0007,INV-0014,IND,2025-11-07,SO,72,Female,Eligible,,Yes,2026-07-30T20:12:28.577992
SCR-004062,CRC-GLB-301,SITE-0041,INV-0082,DEU,2025-09-17,TX,81,Female,Eligible,,Yes,2026-07-30T20:12:28.577992
SCR-004063,CRC-GLB-301,SITE-0054,INV-0107,ZAF,2025-07-13,MI,45,Female,Eligible,,Yes,2026-07-30T20:12:28.577992
SCR-004064,CRC-GLB-301,SITE-0005,INV-0010,IND,2025-12-22,FZ,30,Female,Eligible,,Yes,2026-07-30T20:12:28.577992
SCR-004065,CRC-GLB-301,SITE-0060,INV-0120,KEN,2025-12-18,QF,21,Male,Screen Failure,Inclusion Criteria Not Met,Yes,2026-07-30T20:12:28.577992
SCR-004066,CRC-GLB-301,SITE-0063,INV-0125,KEN,2025-07-18,PD,43,Female,Eligible,,Yes,2026-07-30T20:12:28.577992
SCR-004067,CRC-GLB-301,SITE-0037,INV-0073,GBR,2025-05-01,XK,61,Male,Eligible,,Yes,2026-07-30T20:12:28.577992
SCR-004068,CRC-GLB-301,SITE-0043,INV-0085,DEU,2025-04-25,CZ,35,Female,Screen Failure,Exclusion Criteria Met,Yes,2026-07-30T20:12:28.577992
SCR-004069,CRC-GLB-301,SITE-0041,INV-0081,DEU,2025-03-23,LI,60,Male,Eligible,,Yes,2026-07-30T20:12:28.577992
SCR-004070,CRC-GLB-301,SITE-0037,INV-0074,GBR,2025-05-15,PB,35,Male,Screen Failure,Exclusion Criteria Met,Yes,2026-07-30T20:12:28.577992
SCR-004071,CRC-GLB-301,SITE-0032,INV-0064,CAN,2025-09-04,MH,60,Male,Eligible,,Yes,2026-07-30T20:12:28.577992
SCR-004072,CRC-GLB-301,SITE-0032,INV-0064,CAN,2025-06-10,JS,23,Male,Eligible,,Yes,2026-07-30T20:12:28.577992
SCR-004073,CRC-GLB-301,SITE-0005,INV-0009,IND,2025-07-30,CG,42,Female,Eligible,,Yes,2026-07-30T20:12:28.577992
SCR-004074,CRC-GLB-301,SITE-0040,INV-0080,GBR,2025-07-04,OU,68,Male,Eligible,,Yes,2026-07-30T20:12:28.577992
SCR-004075,CRC-GLB-301,SITE-0021,INV-0041,USA,2025-10-10,OY,29,Male,Eligible,,Yes,2026-07-30T20:12:28.577992
SCR-004076,CRC-GLB-301,SITE-0062,INV-0123,KEN,2025-08-03,IL,69,Male,Eligible,,Yes,2026-07-30T20:12:28.577992
SCR-004077,CRC-GLB-301,SITE-0020,INV-0039,USA,2025-03-18,XO,48,Male,Eligible,,Yes,2026-07-30T20:12:28.577992
SCR-004078,CRC-GLB-301,SITE-0047,INV-0094,DEU,2025-06-01,HO,63,Male,Eligible,,Yes,2026-07-30T20:12:28.577992
SCR-004079,CRC-GLB-301,SITE-0001,INV-0002,IND,2025-07-09,JV,61,Female,Eligible,,Yes,2026-07-30T20:12:28.577992
SCR-004080,CRC-GLB-301,SITE-0007,INV-0013,IND,2025-07-28,FI,18,Female,Eligible,,Yes,2026-07-30T20:12:28.577992
SCR-004081,CRC-GLB-301,SITE-0064,INV-0128,KEN,2025-10-03,PR,45,Male,Eligible,,Yes,2026-07-30T20:12:28.577992
SCR-004082,CRC-GLB-301,SITE-0018,INV-0036,USA,2025-07-29,WE,25,Female,Eligible,,Yes,2026-07-30T20:12:28.577992
SCR-004083,CRC-GLB-301,SITE-0053,INV-0105,ZAF,2025-01-15,NS,49,Female,Eligible,,Yes,2026-07-30T20:12:28.577992
SCR-004084,CRC-GLB-301,SITE-0049,INV-0097,ZAF,2025-08-06,XO,41,Male,Eligible,,Yes,2026-07-30T20:12:28.577992
SCR-004085,CRC-GLB-301,SITE-0020,INV-0039,USA,2025-10-16,LY,20,Female,Eligible,,Yes,2026-07-30T20:12:28.577992
SCR-004086,CRC-GLB-301,SITE-0014,INV-0028,SGP,2025-11-07,AQ,77,Male,Eligible,,Yes,2026-07-30T20:12:28.577992
SCR-004087,CRC-GLB-301,SITE-0009,INV-0018,SGP,2025-12-14,CB,44,Male,Eligible,,Yes,2026-07-30T20:12:28.577992
SCR-004088,CRC-GLB-301,SITE-0033,INV-0066,GBR,2025-11-10,AL,78,Male,Eligible,,Yes,2026-07-30T20:12:28.577992
SCR-004089,CRC-GLB-301,SITE-0015,INV-0030,SGP,2025-02-07,OF,48,Male,Screen Failure,Exclusion Criteria Met,Yes,2026-07-30T20:12:28.577992
SCR-004090,CRC-GLB-301,SITE-0010,INV-0019,SGP,2025-10-23,XU,36,Male,Eligible,,Yes,2026-07-30T20:12:28.577992
SCR-004091,CRC-GLB-301,SITE-0001,INV-0002,IND,2025-04-25,AC,40,Female,Eligible,,Yes,2026-07-30T20:12:28.577992
SCR-004092,CRC-GLB-301,SITE-0006,INV-0011,IND,2025-10-14,DD,47,Female,Eligible,,Yes,2026-07-30T20:12:28.577992
SCR-004093,CRC-GLB-301,SITE-0057,INV-0114,KEN,2025-04-04,LB,54,Female,Eligible,,Yes,2026-07-30T20:12:28.577992
SCR-004094,CRC-GLB-301,SITE-0063,INV-0126,KEN,2025-10-08,YB,42,Male,Screen Failure,Exclusion Criteria Met,Yes,2026-07-30T20:12:28.577992
SCR-004095,CRC-GLB-301,SITE-0021,INV-0041,USA,2025-02-10,ZE,24,Female,Eligible,,Yes,2026-07-30T20:12:28.577992
SCR-004096,CRC-GLB-301,SITE-0034,INV-0068,GBR,2025-12-27,KN,59,Male,Eligible,,Yes,2026-07-30T20:12:28.577992
SCR-004097,CRC-GLB-301,SITE-0035,INV-0070,GBR,2025-07-29,AO,20,Female,Eligible,,Yes,2026-07-30T20:12:28.577992
SCR-004098,CRC-GLB-301,SITE-0034,INV-0068,GBR,2025-03-21,SG,61,Male,Eligible,,Yes,2026-07-30T20:12:28.577992
SCR-004099,CRC-GLB-301,SITE-0047,INV-0094,DEU,2025-04-22,LM,50,Female,Eligible,,Yes,2026-07-30T20:12:28.577992
SCR-004100,CRC-GLB-301,SITE-0064,INV-0128,KEN,2025-01-08,LV,52,Female,Eligible,,Yes,2026-07-30T20:12:28.577992
SCR-004101,CRC-GLB-301,SITE-0041,INV-0082,DEU,2025-08-28,LW,73,Male,Eligible,,Yes,2026-07-30T20:12:28.577992
SCR-004102,CRC-GLB-301,SITE-0019,INV-0038,USA,2025-03-20,OE,84,Male,Eligible,,Yes,2026-07-30T20:12:28.577992
SCR-004103,CRC-GLB-301,SITE-0018,INV-0035,USA,2025-07-25,RB,66,Female,Eligible,,Yes,2026-07-30T20:12:28.577992
SCR-004104,CRC-GLB-301,SITE-0016,INV-0032,SGP,2025-01-14,AF,81,Male,Eligible,,Yes,2026-07-30T20:12:28.577992
SCR-004105,CRC-GLB-301,SITE-0055,INV-0109,ZAF,2025-06-21,KS,83,Male,Eligible,,Yes,2026-07-30T20:12:28.577992
SCR-004106,CRC-GLB-301,SITE-0026,INV-0051,CAN,2025-12-20,VQ,66,Female,Eligible,,Yes,2026-07-30T20:12:28.577992
SCR-004107,CRC-GLB-301,SITE-0061,INV-0122,KEN,2025-03-15,MN,33,Male,Screen Failure,Inclusion Criteria Not Met,Yes,2026-07-30T20:12:28.577992
SCR-004108,CRC-GLB-301,SITE-0034,INV-0067,GBR,2025-10-13,RG,65,Female,Eligible,,Yes,2026-07-30T20:12:28.577992
SCR-004109,CRC-GLB-301,SITE-0011,INV-0022,SGP,2025-02-13,OC,51,Male,Screen Failure,Inclusion Criteria Not Met,Yes,2026-07-30T20:12:28.577992
SCR-004110,CRC-GLB-301,SITE-0057,INV-0113,KEN,2025-12-26,DA,83,Female,Eligible,,Yes,2026-07-30T20:12:28.577992
SCR-004111,CRC-GLB-301,SITE-0063,INV-0125,KEN,2025-07-07,EM,31,Male,Eligible,,Yes,2026-07-30T20:12:28.577992
SCR-004112,CRC-GLB-301,SITE-0061,INV-0122,KEN,2025-01-30,HF,65,Female,Eligible,,Yes,2026-07-30T20:12:28.577992
SCR-004113,CRC-GLB-301,SITE-0049,INV-0098,ZAF,2025-12-25,DX,70,Male,Eligible,,Yes,2026-07-30T20:12:28.577992
SCR-004114,CRC-GLB-301,SITE-0007,INV-0014,IND,2025-02-04,CY,18,Male,Eligible,,Yes,2026-07-30T20:12:28.577992
SCR-004115,CRC-GLB-301,SITE-0061,INV-0121,KEN,2025-02-24,MT,21,Male,Eligible,,Yes,2026-07-30T20:12:28.577992
SCR-004116,CRC-GLB-301,SITE-0002,INV-0004,IND,2025-01-25,DR,78,Male,Eligible,,Yes,2026-07-30T20:12:28.577992
SCR-004117,CRC-GLB-301,SITE-0030,INV-0059,CAN,2025-02-11,AR,78,Female,Screen Failure,Inclusion Criteria Not Met,Yes,2026-07-30T20:12:28.577992
SCR-004118,CRC-GLB-301,SITE-0061,INV-0122,KEN,2025-11-28,LS,60,Male,Eligible,,Yes,2026-07-30T20:12:28.577992
SCR-004119,CRC-GLB-301,SITE-0055,INV-0110,ZAF,2025-11-01,WZ,57,Female,Eligible,,Yes,2026-07-30T20:12:28.577992
SCR-004120,CRC-GLB-301,SITE-0022,INV-0044,USA,2025-03-19,JR,51,Male,Eligible,,Yes,2026-07-30T20:12:28.577992
SCR-004121,CRC-GLB-301,SITE-0008,INV-0016,IND,2025-02-12,KC,45,Female,Eligible,,Yes,2026-07-30T20:12:28.577992
SCR-004122,CRC-GLB-301,SITE-0038,INV-0075,GBR,2025-12-15,WC,42,Male,Eligible,,Yes,2026-07-30T20:12:28.577992
SCR-004123,CRC-GLB-301,SITE-0059,INV-0117,KEN,2025-08-16,UU,68,Female,Eligible,,Yes,2026-07-30T20:12:28.577992
SCR-004124,CRC-GLB-301,SITE-0049,INV-0097,ZAF,2025-01-03,VI,81,Male,Screen Failure,Withdrew Consent,Yes,2026-07-30T20:12:28.577992
SCR-004125,CRC-GLB-301,SITE-0059,INV-0118,KEN,2025-07-05,NP,68,Male,Screen Failure,Inclusion Criteria Not Met,Yes,2026-07-30T20:12:28.577992
SCR-004126,CRC-GLB-301,SITE-0036,INV-0072,GBR,2025-10-29,PN,45,Female,Eligible,,Yes,2026-07-30T20:12:28.577992
SCR-004127,CRC-GLB-301,SITE-0052,INV-0103,ZAF,2025-05-26,TR,74,Female,Eligible,,Yes,2026-07-30T20:12:28.577992
SCR-004128,CRC-GLB-301,SITE-0034,INV-0068,GBR,2025-10-17,QO,44,Male,Screen Failure,Inclusion Criteria Not Met,Yes,2026-07-30T20:12:28.577992
SCR-004129,CRC-GLB-301,SITE-0034,INV-0068,GBR,2025-05-05,IZ,31,Male,Eligible,,Yes,2026-07-30T20:12:28.577992
SCR-004130,CRC-GLB-301,SITE-0015,INV-0029,SGP,2025-12-21,ZX,84,Female,Eligible,,Yes,2026-07-30T20:12:28.577992
SCR-004131,CRC-GLB-301,SITE-0010,INV-0020,SGP,2025-07-30,RX,59,Male,Eligible,,Yes,2026-07-30T20:12:28.577992
SCR-004132,CRC-GLB-301,SITE-0022,INV-0043,USA,2025-05-05,JO,33,Male,Eligible,,Yes,2026-07-30T20:12:28.577992
SCR-004133,CRC-GLB-301,SITE-0007,INV-0014,IND,2025-12-22,FH,19,Male,Eligible,,Yes,2026-07-30T20:12:28.577992
SCR-004134,CRC-GLB-301,SITE-0020,INV-0039,USA,2025-12-03,WG,62,Female,Eligible,,Yes,2026-07-30T20:12:28.577992
SCR-004135,CRC-GLB-301,SITE-0018,INV-0035,USA,2025-06-21,WH,38,Female,Eligible,,Yes,2026-07-30T20:12:28.577992
SCR-004136,CRC-GLB-301,SITE-0014,INV-0027,SGP,2025-02-02,WU,78,Female,Eligible,,Yes,2026-07-30T20:12:28.577992
SCR-004137,CRC-GLB-301,SITE-0036,INV-0072,GBR,2025-06-06,KH,49,Female,Eligible,,Yes,2026-07-30T20:12:28.577992
SCR-004138,CRC-GLB-301,SITE-0014,INV-0028,SGP,2025-10-08,XR,41,Male,Eligible,,Yes,2026-07-30T20:12:28.577992
SCR-004139,CRC-GLB-301,SITE-0034,INV-0068,GBR,2025-02-10,LM,24,Female,Eligible,,Yes,2026-07-30T20:12:28.577992
SCR-004140,CRC-GLB-301,SITE-0045,INV-0089,DEU,2025-11-15,VE,75,Female,Eligible,,Yes,2026-07-30T20:12:28.577992
SCR-004141,CRC-GLB-301,SITE-0059,INV-0118,KEN,2025-08-29,IH,83,Female,Eligible,,Yes,2026-07-30T20:12:28.577992
SCR-004142,CRC-GLB-301,SITE-0058,INV-0116,KEN,2025-02-05,GA,35,Male,Eligible,,Yes,2026-07-30T20:12:28.577992
SCR-004143,CRC-GLB-301,SITE-0054,INV-0107,ZAF,2025-12-20,IP,41,Female,Eligible,,Yes,2026-07-30T20:12:28.577992
SCR-004144,CRC-GLB-301,SITE-0043,INV-0085,DEU,2025-05-09,JG,21,Male,Screen Failure,Exclusion Criteria Met,Yes,2026-07-30T20:12:28.577992
SCR-004145,CRC-GLB-301,SITE-0020,INV-0040,USA,2025-05-31,MG,62,Female,Screen Failure,Abnormal Laboratory Values,Yes,2026-07-30T20:12:28.577992
SCR-004146,CRC-GLB-301,SITE-0016,INV-0031,SGP,2025-07-04,KU,35,Male,Eligible,,Yes,2026-07-30T20:12:28.577992
SCR-004147,CRC-GLB-301,SITE-0031,INV-0061,CAN,2025-08-27,AK,50,Male,Eligible,,Yes,2026-07-30T20:12:28.577992
SCR-004148,CRC-GLB-301,SITE-0041,INV-0081,DEU,2025-02-22,JD,34,Female,Eligible,,Yes,2026-07-30T20:12:28.577992
SCR-004149,CRC-GLB-301,SITE-0039,INV-0077,GBR,2025-05-08,BV,40,Female,Eligible,,Yes,2026-07-30T20:12:28.577992
SCR-004150,CRC-GLB-301,SITE-0009,INV-0018,SGP,2025-11-22,QH,76,Female,Eligible,,Yes,2026-07-30T20:12:28.577992
SCR-004151,CRC-GLB-301,SITE-0054,INV-0107,ZAF,2025-02-02,UC,27,Male,Eligible,,Yes,2026-07-30T20:12:28.577992
SCR-004152,CRC-GLB-301,SITE-0002,INV-0004,IND,2025-10-06,WO,80,Male,Eligible,,Yes,2026-07-30T20:12:28.577992
SCR-004153,CRC-GLB-301,SITE-0051,INV-0102,ZAF,2025-02-09,IW,62,Female,Eligible,,Yes,2026-07-30T20:12:28.577992
SCR-004154,CRC-GLB-301,SITE-0052,INV-0104,ZAF,2025-04-29,JI,55,Male,Eligible,,Yes,2026-07-30T20:12:28.577992
SCR-004155,CRC-GLB-301,SITE-0004,INV-0007,IND,2025-11-18,WR,40,Female,Eligible,,Yes,2026-07-30T20:12:28.577992
SCR-004156,CRC-GLB-301,SITE-0018,INV-0035,USA,2025-03-29,XN,66,Female,Eligible,,Yes,2026-07-30T20:12:28.577992
SCR-004157,CRC-GLB-301,SITE-0006,INV-0012,IND,2025-11-11,HP,85,Female,Eligible,,Yes,2026-07-30T20:12:28.577992
SCR-004158,CRC-GLB-301,SITE-0023,INV-0045,USA,2025-08-18,WI,23,Male,Screen Failure,Abnormal Laboratory Values,Yes,2026-07-30T20:12:28.577992
SCR-004159,CRC-GLB-301,SITE-0011,INV-0021,SGP,2025-11-12,OW,76,Male,Screen Failure,Exclusion Criteria Met,Yes,2026-07-30T20:12:28.577992
SCR-004160,CRC-GLB-301,SITE-0022,INV-0043,USA,2025-03-23,XF,73,Female,Eligible,,Yes,2026-07-30T20:12:28.577992
SCR-004161,CRC-GLB-301,SITE-0056,INV-0112,ZAF,2025-03-06,UY,79,Female,Eligible,,Yes,2026-07-30T20:12:28.577992
SCR-004162,CRC-GLB-301,SITE-0018,INV-0036,USA,2025-10-05,SU,41,Female,Eligible,,Yes,2026-07-30T20:12:28.577992
SCR-004163,CRC-GLB-301,SITE-0019,INV-0038,USA,2025-07-13,ZS,37,Male,Eligible,,Yes,2026-07-30T20:12:28.577992
SCR-004164,CRC-GLB-301,SITE-0062,INV-0124,KEN,2025-10-15,FG,28,Male,Eligible,,Yes,2026-07-30T20:12:28.577992
SCR-004165,CRC-GLB-301,SITE-0053,INV-0105,ZAF,2025-12-07,NV,52,Female,Eligible,,Yes,2026-07-30T20:12:28.577992
SCR-004166,CRC-GLB-301,SITE-0048,INV-0096,DEU,2025-05-05,IL,42,Male,Eligible,,Yes,2026-07-30T20:12:28.577992
SCR-004167,CRC-GLB-301,SITE-0058,INV-0116,KEN,2025-11-26,SA,50,Female,Eligible,,Yes,2026-07-30T20:12:28.577992
SCR-004168,CRC-GLB-301,SITE-0028,INV-0056,CAN,2025-09-29,JP,45,Male,Eligible,,Yes,2026-07-30T20:12:28.577992
SCR-004169,CRC-GLB-301,SITE-0017,INV-0034,USA,2025-04-23,TR,34,Male,Eligible,,Yes,2026-07-30T20:12:28.577992
SCR-004170,CRC-GLB-301,SITE-0045,INV-0090,DEU,2025-01-12,IE,50,Male,Eligible,,Yes,2026-07-30T20:12:28.577992
SCR-004171,CRC-GLB-301,SITE-0020,INV-0040,USA,2025-06-25,IX,84,Male,Eligible,,Yes,2026-07-30T20:12:28.577992
SCR-004172,CRC-GLB-301,SITE-0058,INV-0116,KEN,2025-05-31,CK,26,Female,Screen Failure,Inclusion Criteria Not Met,Yes,2026-07-30T20:12:28.577992
SCR-004173,CRC-GLB-301,SITE-0054,INV-0108,ZAF,2025-07-24,WL,85,Female,Eligible,,Yes,2026-07-30T20:12:28.577992
SCR-004174,CRC-GLB-301,SITE-0044,INV-0088,DEU,2025-11-08,AZ,53,Female,Eligible,,Yes,2026-07-30T20:12:28.577992
SCR-004175,CRC-GLB-301,SITE-0056,INV-0112,ZAF,2025-04-17,EE,27,Male,Screen Failure,Exclusion Criteria Met,Yes,2026-07-30T20:12:28.577992
SCR-004176,CRC-GLB-301,SITE-0037,INV-0074,GBR,2025-10-01,MR,21,Male,Screen Failure,Abnormal Laboratory Values,Yes,2026-07-30T20:12:28.577992
SCR-004177,CRC-GLB-301,SITE-0055,INV-0109,ZAF,2025-05-03,RG,58,Female,Eligible,,Yes,2026-07-30T20:12:28.577992
SCR-004178,CRC-GLB-301,SITE-0021,INV-0042,USA,2025-01-17,MA,59,Male,Screen Failure,Abnormal Laboratory Values,Yes,2026-07-30T20:12:28.577992
SCR-004179,CRC-GLB-301,SITE-0008,INV-0015,IND,2025-03-07,YB,49,Male,Eligible,,Yes,2026-07-30T20:12:28.577992
SCR-004180,CRC-GLB-301,SITE-0016,INV-0031,SGP,2025-09-16,MW,66,Male,Eligible,,Yes,2026-07-30T20:12:28.577992
SCR-004181,CRC-GLB-301,SITE-0029,INV-0057,CAN,2025-07-02,LQ,59,Male,Eligible,,Yes,2026-07-30T20:12:28.577992
SCR-004182,CRC-GLB-301,SITE-0005,INV-0009,IND,2025-03-01,JF,76,Female,Eligible,,Yes,2026-07-30T20:12:28.577992
SCR-004183,CRC-GLB-301,SITE-0026,INV-0052,CAN,2025-07-26,LD,75,Female,Eligible,,Yes,2026-07-30T20:12:28.577992
SCR-004184,CRC-GLB-301,SITE-0022,INV-0044,USA,2025-02-06,ZY,64,Female,Eligible,,Yes,2026-07-30T20:12:28.577992
SCR-004185,CRC-GLB-301,SITE-0048,INV-0096,DEU,2025-12-23,XR,55,Female,Eligible,,Yes,2026-07-30T20:12:28.577992
SCR-004186,CRC-GLB-301,SITE-0064,INV-0128,KEN,2025-10-18,IO,65,Male,Eligible,,Yes,2026-07-30T20:12:28.577992
SCR-004187,CRC-GLB-301,SITE-0044,INV-0088,DEU,2025-11-29,GQ,35,Male,Eligible,,Yes,2026-07-30T20:12:28.577992
SCR-004188,CRC-GLB-301,SITE-0057,INV-0113,KEN,2025-06-03,NW,54,Male,Eligible,,Yes,2026-07-30T20:12:28.577992
SCR-004189,CRC-GLB-301,SITE-0029,INV-0058,CAN,2025-03-24,RD,64,Male,Eligible,,Yes,2026-07-30T20:12:28.577992
SCR-004190,CRC-GLB-301,SITE-0008,INV-0016,IND,2025-12-09,UQ,82,Male,Eligible,,Yes,2026-07-30T20:12:28.577992
SCR-004191,CRC-GLB-301,SITE-0010,INV-0020,SGP,2025-11-29,IW,41,Male,Eligible,,Yes,2026-07-30T20:12:28.577992
SCR-004192,CRC-GLB-301,SITE-0039,INV-0078,GBR,2025-06-01,SI,25,Male,Screen Failure,Withdrew Consent,Yes,2026-07-30T20:12:28.577992
SCR-004193,CRC-GLB-301,SITE-0006,INV-0011,IND,2025-08-31,QT,51,Female,Eligible,,Yes,2026-07-30T20:12:28.577992
SCR-004194,CRC-GLB-301,SITE-0026,INV-0051,CAN,2025-09-20,SO,56,Male,Eligible,,Yes,2026-07-30T20:12:28.577992
SCR-004195,CRC-GLB-301,SITE-0025,INV-0050,CAN,2025-12-16,WE,29,Male,Eligible,,Yes,2026-07-30T20:12:28.577992
SCR-004196,CRC-GLB-301,SITE-0037,INV-0074,GBR,2025-01-05,TE,43,Female,Eligible,,Yes,2026-07-30T20:12:28.577992
SCR-004197,CRC-GLB-301,SITE-0030,INV-0060,CAN,2025-11-26,VU,50,Male,Eligible,,Yes,2026-07-30T20:12:28.577992
SCR-004198,CRC-GLB-301,SITE-0023,INV-0045,USA,2025-10-10,XJ,39,Female,Eligible,,Yes,2026-07-30T20:12:28.577992
SCR-004199,CRC-GLB-301,SITE-0062,INV-0124,KEN,2025-10-26,OS,54,Female,Eligible,,Yes,2026-07-30T20:12:28.577992
SCR-004200,CRC-GLB-301,SITE-0033,INV-0065,GBR,2025-03-11,UR,37,Female,Eligible,,Yes,2026-07-30T20:12:28.577992
SCR-004201,CRC-GLB-301,SITE-0039,INV-0078,GBR,2025-02-14,OP,32,Male,Screen Failure,Inclusion Criteria Not Met,Yes,2026-07-30T20:12:28.577992
SCR-004202,CRC-GLB-301,SITE-0039,INV-0077,GBR,2025-05-15,US,78,Male,Eligible,,Yes,2026-07-30T20:12:28.577992
SCR-004203,CRC-GLB-301,SITE-0026,INV-0051,CAN,2025-11-04,TQ,40,Female,Eligible,,Yes,2026-07-30T20:12:28.577992
SCR-004204,CRC-GLB-301,SITE-0055,INV-0110,ZAF,2025-04-06,MH,34,Male,Screen Failure,Inclusion Criteria Not Met,Yes,2026-07-30T20:12:28.577992
SCR-004205,CRC-GLB-301,SITE-0015,INV-0029,SGP,2025-01-14,UQ,44,Male,Eligible,,Yes,2026-07-30T20:12:28.577992
SCR-004206,CRC-GLB-301,SITE-0029,INV-0057,CAN,2025-02-17,HW,22,Male,Eligible,,Yes,2026-07-30T20:12:28.577992
SCR-004207,CRC-GLB-301,SITE-0007,INV-0013,IND,2025-10-24,JK,64,Male,Eligible,,Yes,2026-07-30T20:12:28.577992
SCR-004208,CRC-GLB-301,SITE-0025,INV-0049,CAN,2025-10-21,CO,22,Male,Eligible,,Yes,2026-07-30T20:12:28.577992
SCR-004209,CRC-GLB-301,SITE-0009,INV-0017,SGP,2025-04-09,IZ,44,Male,Eligible,,Yes,2026-07-30T20:12:28.577992
SCR-004210,CRC-GLB-301,SITE-0057,INV-0113,KEN,2025-04-30,TW,69,Female,Eligible,,Yes,2026-07-30T20:12:28.577992
SCR-004211,CRC-GLB-301,SITE-0007,INV-0014,IND,2025-12-31,WZ,79,Male,Eligible,,Yes,2026-07-30T20:12:28.577992
SCR-004212,CRC-GLB-301,SITE-0002,INV-0003,IND,2025-12-20,OO,32,Female,Eligible,,Yes,2026-07-30T20:12:28.577992
SCR-004213,CRC-GLB-301,SITE-0038,INV-0075,GBR,2025-06-14,VA,48,Male,Eligible,,Yes,2026-07-30T20:12:28.577992
SCR-004214,CRC-GLB-301,SITE-0021,INV-0041,USA,2025-05-08,HU,65,Female,Eligible,,Yes,2026-07-30T20:12:28.577992
SCR-004215,CRC-GLB-301,SITE-0004,INV-0008,IND,2025-02-09,GN,68,Female,Eligible,,Yes,2026-07-30T20:12:28.577992
SCR-004216,CRC-GLB-301,SITE-0008,INV-0016,IND,2025-06-27,TD,76,Male,Screen Failure,Withdrew Consent,Yes,2026-07-30T20:12:28.577992
SCR-004217,CRC-GLB-301,SITE-0029,INV-0057,CAN,2025-07-13,TF,68,Male,Eligible,,Yes,2026-07-30T20:12:28.577992
SCR-004218,CRC-GLB-301,SITE-0026,INV-0052,CAN,2025-11-25,NB,25,Female,Eligible,,Yes,2026-07-30T20:12:28.577992
SCR-004219,CRC-GLB-301,SITE-0057,INV-0113,KEN,2025-04-07,TO,66,Male,Eligible,,Yes,2026-07-30T20:12:28.577992
SCR-004220,CRC-GLB-301,SITE-0008,INV-0016,IND,2025-07-24,WA,62,Female,Eligible,,Yes,2026-07-30T20:12:28.577992
SCR-004221,CRC-GLB-301,SITE-0052,INV-0104,ZAF,2025-07-23,RG,35,Male,Eligible,,Yes,2026-07-30T20:12:28.577992
SCR-004222,CRC-GLB-301,SITE-0028,INV-0056,CAN,2025-01-31,AC,58,Male,Eligible,,Yes,2026-07-30T20:12:28.577992
SCR-004223,CRC-GLB-301,SITE-0004,INV-0008,IND,2025-05-21,RO,43,Male,Screen Failure,Inclusion Criteria Not Met,Yes,2026-07-30T20:12:28.577992
SCR-004224,CRC-GLB-301,SITE-0024,INV-0047,USA,2025-04-21,VU,69,Female,Screen Failure,Abnormal Laboratory Values,Yes,2026-07-30T20:12:28.577992
SCR-004225,CRC-GLB-301,SITE-0063,INV-0126,KEN,2025-05-27,WO,85,Male,Eligible,,Yes,2026-07-30T20:12:28.577992
SCR-004226,CRC-GLB-301,SITE-0022,INV-0043,USA,2025-08-28,IT,81,Male,Eligible,,Yes,2026-07-30T20:12:28.577992
SCR-004227,CRC-GLB-301,SITE-0019,INV-0038,USA,2025-10-05,VD,65,Female,Eligible,,Yes,2026-07-30T20:12:28.577992
SCR-004228,CRC-GLB-301,SITE-0036,INV-0072,GBR,2025-06-11,ZC,32,Female,Eligible,,Yes,2026-07-30T20:12:28.577992
SCR-004229,CRC-GLB-301,SITE-0004,INV-0007,IND,2025-06-09,NE,48,Female,Eligible,,Yes,2026-07-30T20:12:28.577992
SCR-004230,CRC-GLB-301,SITE-0064,INV-0127,KEN,2025-10-08,SF,42,Male,Eligible,,Yes,2026-07-30T20:12:28.577992
SCR-004231,CRC-GLB-301,SITE-0031,INV-0061,CAN,2025-01-17,GG,50,Female,Eligible,,Yes,2026-07-30T20:12:28.577992
SCR-004232,CRC-GLB-301,SITE-0047,INV-0094,DEU,2025-07-31,KU,84,Female,Eligible,,Yes,2026-07-30T20:12:28.577992
SCR-004233,CRC-GLB-301,SITE-0062,INV-0124,KEN,2025-02-20,KM,29,Male,Eligible,,Yes,2026-07-30T20:12:28.577992
SCR-004234,CRC-GLB-301,SITE-0005,INV-0010,IND,2025-02-24,LI,39,Female,Screen Failure,Exclusion Criteria Met,Yes,2026-07-30T20:12:28.577992
SCR-004235,CRC-GLB-301,SITE-0062,INV-0124,KEN,2025-01-20,DJ,56,Male,Eligible,,Yes,2026-07-30T20:12:28.577992
SCR-004236,CRC-GLB-301,SITE-0014,INV-0027,SGP,2025-05-18,GC,74,Male,Eligible,,Yes,2026-07-30T20:12:28.577992
SCR-004237,CRC-GLB-301,SITE-0015,INV-0030,SGP,2025-12-31,FJ,26,Male,Eligible,,Yes,2026-07-30T20:12:28.577992
SCR-004238,CRC-GLB-301,SITE-0054,INV-0108,ZAF,2025-03-02,CK,21,Male,Eligible,,Yes,2026-07-30T20:12:28.577992
SCR-004239,CRC-GLB-301,SITE-0049,INV-0097,ZAF,2025-02-15,NE,20,Female,Eligible,,Yes,2026-07-30T20:12:28.577992
SCR-004240,CRC-GLB-301,SITE-0044,INV-0088,DEU,2025-12-30,QJ,62,Female,Eligible,,Yes,2026-07-30T20:12:28.577992
SCR-004241,CRC-GLB-301,SITE-0023,INV-0046,USA,2025-09-14,ZJ,50,Male,Eligible,,Yes,2026-07-30T20:12:28.577992
SCR-004242,CRC-GLB-301,SITE-0064,INV-0128,KEN,2025-02-15,ZU,43,Female,Eligible,,Yes,2026-07-30T20:12:28.577992
SCR-004243,CRC-GLB-301,SITE-0035,INV-0070,GBR,2025-05-24,ZW,63,Female,Eligible,,Yes,2026-07-30T20:12:28.577992
SCR-004244,CRC-GLB-301,SITE-0055,INV-0109,ZAF,2025-01-05,GA,29,Male,Eligible,,Yes,2026-07-30T20:12:28.577992
SCR-004245,CRC-GLB-301,SITE-0053,INV-0105,ZAF,2025-03-19,MD,46,Female,Eligible,,Yes,2026-07-30T20:12:28.577992
SCR-004246,CRC-GLB-301,SITE-0061,INV-0122,KEN,2025-12-20,CW,74,Male,Screen Failure,Exclusion Criteria Met,Yes,2026-07-30T20:12:28.577992
SCR-004247,CRC-GLB-301,SITE-0050,INV-0099,ZAF,2025-10-01,JU,25,Female,Eligible,,Yes,2026-07-30T20:12:28.577992
SCR-004248,CRC-GLB-301,SITE-0058,INV-0115,KEN,2025-10-27,FA,28,Female,Eligible,,Yes,2026-07-30T20:12:28.577992
SCR-004249,CRC-GLB-301,SITE-0047,INV-0093,DEU,2025-10-06,CE,51,Male,Eligible,,Yes,2026-07-30T20:12:28.577992
SCR-004250,CRC-GLB-301,SITE-0031,INV-0062,CAN,2025-10-15,HW,78,Female,Screen Failure,Abnormal Laboratory Values,Yes,2026-07-30T20:12:28.577992
SCR-004251,CRC-GLB-301,SITE-0005,INV-0009,IND,2025-12-20,KV,60,Female,Eligible,,Yes,2026-07-30T20:12:28.577992
SCR-004252,CRC-GLB-301,SITE-0016,INV-0032,SGP,2025-04-03,PJ,54,Female,Eligible,,Yes,2026-07-30T20:12:28.577992
SCR-004253,CRC-GLB-301,SITE-0055,INV-0110,ZAF,2025-05-31,DC,78,Female,Eligible,,Yes,2026-07-30T20:12:28.577992
SCR-004254,CRC-GLB-301,SITE-0056,INV-0111,ZAF,2025-09-01,IN,19,Male,Eligible,,Yes,2026-07-30T20:12:28.577992
SCR-004255,CRC-GLB-301,SITE-0054,INV-0107,ZAF,2025-11-28,ZF,57,Female,Eligible,,Yes,2026-07-30T20:12:28.577992
SCR-004256,CRC-GLB-301,SITE-0037,INV-0074,GBR,2025-10-27,EI,33,Female,Eligible,,Yes,2026-07-30T20:12:28.577992
SCR-004257,CRC-GLB-301,SITE-0028,INV-0055,CAN,2025-08-05,HT,80,Male,Screen Failure,Exclusion Criteria Met,Yes,2026-07-30T20:12:28.577992
SCR-004258,CRC-GLB-301,SITE-0006,INV-0011,IND,2025-02-16,LM,31,Male,Eligible,,Yes,2026-07-30T20:12:28.577992
SCR-004259,CRC-GLB-301,SITE-0037,INV-0074,GBR,2025-08-18,KB,48,Male,Eligible,,Yes,2026-07-30T20:12:28.577992
SCR-004260,CRC-GLB-301,SITE-0035,INV-0070,GBR,2025-10-14,HS,54,Male,Eligible,,Yes,2026-07-30T20:12:28.577992
SCR-004261,CRC-GLB-301,SITE-0032,INV-0064,CAN,2025-06-29,UU,43,Male,Eligible,,Yes,2026-07-30T20:12:28.577992
SCR-004262,CRC-GLB-301,SITE-0062,INV-0123,KEN,2025-07-03,WR,33,Male,Screen Failure,Withdrew Consent,Yes,2026-07-30T20:12:28.577992
SCR-004263,CRC-GLB-301,SITE-0007,INV-0013,IND,2025-08-01,XJ,76,Female,Eligible,,Yes,2026-07-30T20:12:28.577992
SCR-004264,CRC-GLB-301,SITE-0013,INV-0025,SGP,2025-06-24,ND,26,Female,Eligible,,Yes,2026-07-30T20:12:28.577992
SCR-004265,CRC-GLB-301,SITE-0005,INV-0010,IND,2025-02-07,YY,80,Male,Eligible,,Yes,2026-07-30T20:12:28.577992
SCR-004266,CRC-GLB-301,SITE-0015,INV-0030,SGP,2025-03-03,BY,50,Female,Eligible,,Yes,2026-07-30T20:12:28.577992
SCR-004267,CRC-GLB-301,SITE-0049,INV-0097,ZAF,2025-02-22,ZW,48,Male,Eligible,,Yes,2026-07-30T20:12:28.577992
SCR-004268,CRC-GLB-301,SITE-0059,INV-0118,KEN,2025-06-05,ET,80,Male,Eligible,,Yes,2026-07-30T20:12:28.577992
SCR-004269,CRC-GLB-301,SITE-0044,INV-0087,DEU,2025-09-12,ZR,55,Female,Screen Failure,Exclusion Criteria Met,Yes,2026-07-30T20:12:28.577992
SCR-004270,CRC-GLB-301,SITE-0059,INV-0117,KEN,2025-08-29,OX,36,Female,Screen Failure,Inclusion Criteria Not Met,Yes,2026-07-30T20:12:28.577992
SCR-004271,CRC-GLB-301,SITE-0032,INV-0063,CAN,2025-06-21,YE,21,Male,Eligible,,Yes,2026-07-30T20:12:28.577992
SCR-004272,CRC-GLB-301,SITE-0022,INV-0044,USA,2025-10-20,ZB,70,Female,Screen Failure,Withdrew Consent,Yes,2026-07-30T20:12:28.577992
SCR-004273,CRC-GLB-301,SITE-0053,INV-0105,ZAF,2025-03-17,OJ,44,Male,Eligible,,Yes,2026-07-30T20:12:28.577992
SCR-004274,CRC-GLB-301,SITE-0047,INV-0094,DEU,2025-02-02,KK,85,Male,Eligible,,Yes,2026-07-30T20:12:28.577992
SCR-004275,CRC-GLB-301,SITE-0014,INV-0027,SGP,2025-01-08,EZ,78,Male,Eligible,,Yes,2026-07-30T20:12:28.577992
SCR-004276,CRC-GLB-301,SITE-0003,INV-0006,IND,2025-01-24,VM,25,Female,Eligible,,Yes,2026-07-30T20:12:28.577992
SCR-004277,CRC-GLB-301,SITE-0056,INV-0111,ZAF,2025-03-26,AU,22,Male,Eligible,,Yes,2026-07-30T20:12:28.577992
SCR-004278,CRC-GLB-301,SITE-0035,INV-0070,GBR,2025-11-01,ES,73,Female,Eligible,,Yes,2026-07-30T20:12:28.577992
SCR-004279,CRC-GLB-301,SITE-0039,INV-0078,GBR,2025-07-29,YE,70,Female,Eligible,,Yes,2026-07-30T20:12:28.577992
SCR-004280,CRC-GLB-301,SITE-0008,INV-0016,IND,2025-05-27,RG,61,Female,Eligible,,Yes,2026-07-30T20:12:28.577992
SCR-004281,CRC-GLB-301,SITE-0041,INV-0082,DEU,2025-03-10,LK,53,Male,Eligible,,Yes,2026-07-30T20:12:28.577992
SCR-004282,CRC-GLB-301,SITE-0021,INV-0041,USA,2025-08-17,ZH,79,Female,Eligible,,Yes,2026-07-30T20:12:28.577992
SCR-004283,CRC-GLB-301,SITE-0001,INV-0001,IND,2025-04-10,HT,37,Male,Eligible,,Yes,2026-07-30T20:12:28.577992
SCR-004284,CRC-GLB-301,SITE-0024,INV-0048,USA,2025-04-02,KZ,46,Male,Eligible,,Yes,2026-07-30T20:12:28.577992
SCR-004285,CRC-GLB-301,SITE-0028,INV-0055,CAN,2025-07-19,RX,62,Male,Eligible,,Yes,2026-07-30T20:12:28.577992
SCR-004286,CRC-GLB-301,SITE-0048,INV-0096,DEU,2025-04-25,GP,22,Female,Eligible,,Yes,2026-07-30T20:12:28.577992
SCR-004287,CRC-GLB-301,SITE-0034,INV-0067,GBR,2025-04-27,IL,61,Male,Screen Failure,Withdrew Consent,Yes,2026-07-30T20:12:28.577992
SCR-004288,CRC-GLB-301,SITE-0020,INV-0040,USA,2025-08-27,KM,33,Male,Eligible,,Yes,2026-07-30T20:12:28.577992
SCR-004289,CRC-GLB-301,SITE-0044,INV-0087,DEU,2025-09-04,TO,21,Male,Eligible,,Yes,2026-07-30T20:12:28.577992
SCR-004290,CRC-GLB-301,SITE-0046,INV-0091,DEU,2025-07-28,PF,35,Female,Screen Failure,Withdrew Consent,Yes,2026-07-30T20:12:28.577992
SCR-004291,CRC-GLB-301,SITE-0056,INV-0111,ZAF,2025-04-22,ZD,63,Female,Eligible,,Yes,2026-07-30T20:12:28.577992
SCR-004292,CRC-GLB-301,SITE-0021,INV-0041,USA,2025-08-27,DU,46,Female,Eligible,,Yes,2026-07-30T20:12:28.577992
SCR-004293,CRC-GLB-301,SITE-0023,INV-0045,USA,2025-06-22,TF,22,Male,Eligible,,Yes,2026-07-30T20:12:28.577992
SCR-004294,CRC-GLB-301,SITE-0030,INV-0060,CAN,2025-01-04,OP,36,Male,Screen Failure,Inclusion Criteria Not Met,Yes,2026-07-30T20:12:28.577992
SCR-004295,CRC-GLB-301,SITE-0033,INV-0065,GBR,2025-04-15,TA,43,Male,Eligible,,Yes,2026-07-30T20:12:28.577992
SCR-004296,CRC-GLB-301,SITE-0030,INV-0059,CAN,2025-12-16,DQ,83,Male,Eligible,,Yes,2026-07-30T20:12:28.577992
SCR-004297,CRC-GLB-301,SITE-0036,INV-0072,GBR,2025-07-24,QZ,34,Female,Eligible,,Yes,2026-07-30T20:12:28.577992
SCR-004298,CRC-GLB-301,SITE-0063,INV-0125,KEN,2025-05-18,ML,85,Female,Eligible,,Yes,2026-07-30T20:12:28.577992
SCR-004299,CRC-GLB-301,SITE-0015,INV-0030,SGP,2025-08-04,OK,20,Female,Eligible,,Yes,2026-07-30T20:12:28.577992
SCR-004300,CRC-GLB-301,SITE-0038,INV-0076,GBR,2025-12-28,JH,36,Male,Eligible,,Yes,2026-07-30T20:12:28.577992
SCR-004301,CRC-GLB-301,SITE-0048,INV-0096,DEU,2025-12-07,SU,77,Male,Eligible,,Yes,2026-07-30T20:12:28.577992
SCR-004302,CRC-GLB-301,SITE-0056,INV-0112,ZAF,2025-06-15,FD,75,Male,Screen Failure,Inclusion Criteria Not Met,Yes,2026-07-30T20:12:28.577992
SCR-004303,CRC-GLB-301,SITE-0055,INV-0110,ZAF,2025-11-12,FS,34,Male,Eligible,,Yes,2026-07-30T20:12:28.577992
SCR-004304,CRC-GLB-301,SITE-0005,INV-0009,IND,2025-11-05,LX,77,Male,Eligible,,Yes,2026-07-30T20:12:28.577992
SCR-004305,CRC-GLB-301,SITE-0028,INV-0055,CAN,2025-01-12,GC,83,Female,Screen Failure,Abnormal Laboratory Values,Yes,2026-07-30T20:12:28.577992
SCR-004306,CRC-GLB-301,SITE-0054,INV-0108,ZAF,2025-07-05,UR,21,Male,Eligible,,Yes,2026-07-30T20:12:28.577992
SCR-004307,CRC-GLB-301,SITE-0043,INV-0085,DEU,2025-07-22,LW,85,Female,Eligible,,Yes,2026-07-30T20:12:28.577992
SCR-004308,CRC-GLB-301,SITE-0005,INV-0010,IND,2025-11-27,LZ,81,Female,Eligible,,Yes,2026-07-30T20:12:28.577992
SCR-004309,CRC-GLB-301,SITE-0061,INV-0121,KEN,2025-10-18,PN,49,Male,Screen Failure,Abnormal Laboratory Values,Yes,2026-07-30T20:12:28.577992
SCR-004310,CRC-GLB-301,SITE-0046,INV-0091,DEU,2025-04-29,NE,36,Female,Screen Failure,Inclusion Criteria Not Met,Yes,2026-07-30T20:12:28.577992
SCR-004311,CRC-GLB-301,SITE-0049,INV-0097,ZAF,2025-03-20,CJ,69,Male,Eligible,,Yes,2026-07-30T20:12:28.577992
SCR-004312,CRC-GLB-301,SITE-0057,INV-0114,KEN,2025-10-21,RK,50,Female,Screen Failure,Exclusion Criteria Met,Yes,2026-07-30T20:12:28.577992
SCR-004313,CRC-GLB-301,SITE-0037,INV-0073,GBR,2025-04-13,OJ,54,Female,Eligible,,Yes,2026-07-30T20:12:28.577992
SCR-004314,CRC-GLB-301,SITE-0047,INV-0094,DEU,2025-04-12,BB,80,Male,Screen Failure,Abnormal Laboratory Values,Yes,2026-07-30T20:12:28.577992
SCR-004315,CRC-GLB-301,SITE-0005,INV-0009,IND,2025-02-16,AD,77,Male,Screen Failure,Exclusion Criteria Met,Yes,2026-07-30T20:12:28.577992
SCR-004316,CRC-GLB-301,SITE-0049,INV-0098,ZAF,2025-04-24,RZ,62,Female,Eligible,,Yes,2026-07-30T20:12:28.577992
SCR-004317,CRC-GLB-301,SITE-0060,INV-0119,KEN,2025-12-27,VE,44,Female,Eligible,,Yes,2026-07-30T20:12:28.577992
SCR-004318,CRC-GLB-301,SITE-0058,INV-0116,KEN,2025-10-16,FZ,72,Female,Eligible,,Yes,2026-07-30T20:12:28.577992
SCR-004319,CRC-GLB-301,SITE-0001,INV-0001,IND,2025-10-25,DP,56,Female,Eligible,,Yes,2026-07-30T20:12:28.577992
SCR-004320,CRC-GLB-301,SITE-0051,INV-0101,ZAF,2025-08-15,FW,37,Female,Eligible,,Yes,2026-07-30T20:12:28.577992
SCR-004321,CRC-GLB-301,SITE-0040,INV-0080,GBR,2025-08-18,UO,43,Female,Eligible,,Yes,2026-07-30T20:12:28.577992
SCR-004322,CRC-GLB-301,SITE-0046,INV-0092,DEU,2025-02-16,ML,25,Male,Screen Failure,Abnormal Laboratory Values,Yes,2026-07-30T20:12:28.577992
SCR-004323,CRC-GLB-301,SITE-0026,INV-0052,CAN,2025-02-19,XH,64,Male,Eligible,,Yes,2026-07-30T20:12:28.577992
SCR-004324,CRC-GLB-301,SITE-0002,INV-0004,IND,2025-06-29,TV,52,Female,Eligible,,Yes,2026-07-30T20:12:28.577992
SCR-004325,CRC-GLB-301,SITE-0056,INV-0112,ZAF,2025-09-10,UR,47,Female,Screen Failure,Abnormal Laboratory Values,Yes,2026-07-30T20:12:28.577992
SCR-004326,CRC-GLB-301,SITE-0008,INV-0016,IND,2025-09-14,YA,60,Female,Screen Failure,Exclusion Criteria Met,Yes,2026-07-30T20:12:28.577992
SCR-004327,CRC-GLB-301,SITE-0056,INV-0112,ZAF,2025-02-14,OL,56,Female,Eligible,,Yes,2026-07-30T20:12:28.577992
SCR-004328,CRC-GLB-301,SITE-0057,INV-0113,KEN,2025-08-16,HV,63,Male,Screen Failure,Exclusion Criteria Met,Yes,2026-07-30T20:12:28.577992
SCR-004329,CRC-GLB-301,SITE-0052,INV-0104,ZAF,2025-11-13,FB,38,Female,Eligible,,Yes,2026-07-30T20:12:28.577992
SCR-004330,CRC-GLB-301,SITE-0008,INV-0015,IND,2025-01-24,NO,67,Female,Screen Failure,Exclusion Criteria Met,Yes,2026-07-30T20:12:28.577992
SCR-004331,CRC-GLB-301,SITE-0051,INV-0101,ZAF,2025-05-16,YH,47,Female,Eligible,,Yes,2026-07-30T20:12:28.577992
SCR-004332,CRC-GLB-301,SITE-0033,INV-0066,GBR,2025-11-01,IZ,41,Male,Eligible,,Yes,2026-07-30T20:12:28.577992
SCR-004333,CRC-GLB-301,SITE-0046,INV-0092,DEU,2025-01-17,VN,26,Male,Eligible,,Yes,2026-07-30T20:12:28.577992
SCR-004334,CRC-GLB-301,SITE-0006,INV-0011,IND,2025-06-19,WK,55,Female,Eligible,,Yes,2026-07-30T20:12:28.577992
SCR-004335,CRC-GLB-301,SITE-0055,INV-0109,ZAF,2025-06-03,PB,79,Female,Eligible,,Yes,2026-07-30T20:12:28.577992
SCR-004336,CRC-GLB-301,SITE-0034,INV-0068,GBR,2025-05-22,LT,33,Male,Eligible,,Yes,2026-07-30T20:12:28.577992
SCR-004337,CRC-GLB-301,SITE-0055,INV-0109,ZAF,2025-04-06,EV,23,Male,Eligible,,Yes,2026-07-30T20:12:28.577992
SCR-004338,CRC-GLB-301,SITE-0052,INV-0104,ZAF,2025-10-10,US,26,Male,Screen Failure,Abnormal Laboratory Values,Yes,2026-07-30T20:12:28.577992
SCR-004339,CRC-GLB-301,SITE-0006,INV-0012,IND,2025-03-04,IP,45,Male,Eligible,,Yes,2026-07-30T20:12:28.577992
SCR-004340,CRC-GLB-301,SITE-0048,INV-0095,DEU,2025-10-06,KS,69,Male,Eligible,,Yes,2026-07-30T20:12:28.577992
SCR-004341,CRC-GLB-301,SITE-0013,INV-0025,SGP,2025-09-21,IT,21,Male,Eligible,,Yes,2026-07-30T20:12:28.577992
SCR-004342,CRC-GLB-301,SITE-0044,INV-0088,DEU,2025-04-09,UA,21,Male,Eligible,,Yes,2026-07-30T20:12:28.577992
SCR-004343,CRC-GLB-301,SITE-0024,INV-0048,USA,2025-08-27,CO,65,Male,Screen Failure,Abnormal Laboratory Values,Yes,2026-07-30T20:12:28.577992
SCR-004344,CRC-GLB-301,SITE-0050,INV-0099,ZAF,2025-11-08,OP,42,Female,Screen Failure,Abnormal Laboratory Values,Yes,2026-07-30T20:12:28.577992
SCR-004345,CRC-GLB-301,SITE-0048,INV-0095,DEU,2025-07-02,IO,46,Female,Eligible,,Yes,2026-07-30T20:12:28.577992
SCR-004346,CRC-GLB-301,SITE-0057,INV-0113,KEN,2025-09-14,LR,27,Female,Eligible,,Yes,2026-07-30T20:12:28.577992
SCR-004347,CRC-GLB-301,SITE-0001,INV-0001,IND,2025-11-09,YP,44,Male,Screen Failure,Abnormal Laboratory Values,Yes,2026-07-30T20:12:28.577992
SCR-004348,CRC-GLB-301,SITE-0047,INV-0093,DEU,2025-09-09,XS,72,Male,Eligible,,Yes,2026-07-30T20:12:28.577992
SCR-004349,CRC-GLB-301,SITE-0020,INV-0039,USA,2025-03-13,BF,63,Male,Screen Failure,Exclusion Criteria Met,Yes,2026-07-30T20:12:28.577992
SCR-004350,CRC-GLB-301,SITE-0018,INV-0035,USA,2025-10-16,WW,51,Male,Eligible,,Yes,2026-07-30T20:12:28.577992
SCR-004351,CRC-GLB-301,SITE-0007,INV-0013,IND,2025-12-13,BY,81,Female,Screen Failure,Withdrew Consent,Yes,2026-07-30T20:12:28.577992
SCR-004352,CRC-GLB-301,SITE-0045,INV-0090,DEU,2025-03-21,SG,18,Female,Eligible,,Yes,2026-07-30T20:12:28.577992
SCR-004353,CRC-GLB-301,SITE-0052,INV-0103,ZAF,2025-02-04,RX,41,Female,Eligible,,Yes,2026-07-30T20:12:28.577992
SCR-004354,CRC-GLB-301,SITE-0017,INV-0033,USA,2025-01-31,ZP,65,Male,Screen Failure,Exclusion Criteria Met,Yes,2026-07-30T20:12:28.577992
SCR-004355,CRC-GLB-301,SITE-0055,INV-0110,ZAF,2025-09-09,RE,33,Female,Eligible,,Yes,2026-07-30T20:12:28.577992
SCR-004356,CRC-GLB-301,SITE-0007,INV-0013,IND,2025-10-05,CD,34,Male,Eligible,,Yes,2026-07-30T20:12:28.577992
SCR-004357,CRC-GLB-301,SITE-0029,INV-0057,CAN,2025-01-31,EJ,83,Female,Eligible,,Yes,2026-07-30T20:12:28.577992
SCR-004358,CRC-GLB-301,SITE-0018,INV-0035,USA,2025-08-08,UF,54,Female,Eligible,,Yes,2026-07-30T20:12:28.577992
SCR-004359,CRC-GLB-301,SITE-0056,INV-0111,ZAF,2025-01-11,WS,31,Female,Eligible,,Yes,2026-07-30T20:12:28.577992
SCR-004360,CRC-GLB-301,SITE-0007,INV-0014,IND,2025-07-03,AE,26,Male,Eligible,,Yes,2026-07-30T20:12:28.577992
SCR-004361,CRC-GLB-301,SITE-0007,INV-0013,IND,2025-08-05,AD,53,Male,Eligible,,Yes,2026-07-30T20:12:28.577992
SCR-004362,CRC-GLB-301,SITE-0002,INV-0004,IND,2025-05-11,TU,23,Male,Eligible,,Yes,2026-07-30T20:12:28.577992
SCR-004363,CRC-GLB-301,SITE-0064,INV-0127,KEN,2025-05-12,AU,48,Female,Eligible,,Yes,2026-07-30T20:12:28.577992
SCR-004364,CRC-GLB-301,SITE-0055,INV-0110,ZAF,2025-05-15,HW,21,Female,Eligible,,Yes,2026-07-30T20:12:28.577992
SCR-004365,CRC-GLB-301,SITE-0002,INV-0004,IND,2025-09-14,AV,76,Female,Eligible,,Yes,2026-07-30T20:12:28.577992
SCR-004366,CRC-GLB-301,SITE-0044,INV-0088,DEU,2025-08-10,PF,62,Male,Eligible,,Yes,2026-07-30T20:12:28.577992
SCR-004367,CRC-GLB-301,SITE-0063,INV-0126,KEN,2025-03-14,PH,57,Male,Eligible,,Yes,2026-07-30T20:12:28.577992
SCR-004368,CRC-GLB-301,SITE-0003,INV-0006,IND,2025-11-14,JY,74,Female,Eligible,,Yes,2026-07-30T20:12:28.577992
SCR-004369,CRC-GLB-301,SITE-0023,INV-0046,USA,2025-04-08,RQ,54,Female,Eligible,,Yes,2026-07-30T20:12:28.577992
SCR-004370,CRC-GLB-301,SITE-0052,INV-0104,ZAF,2025-11-06,CP,62,Male,Eligible,,Yes,2026-07-30T20:12:28.577992
SCR-004371,CRC-GLB-301,SITE-0006,INV-0011,IND,2025-07-20,YZ,81,Male,Eligible,,Yes,2026-07-30T20:12:28.577992
SCR-004372,CRC-GLB-301,SITE-0052,INV-0103,ZAF,2025-08-29,ZR,66,Female,Eligible,,Yes,2026-07-30T20:12:28.577992
SCR-004373,CRC-GLB-301,SITE-0002,INV-0003,IND,2025-12-18,KP,75,Female,Eligible,,Yes,2026-07-30T20:12:28.577992
SCR-004374,CRC-GLB-301,SITE-0011,INV-0021,SGP,2025-07-19,KT,69,Female,Eligible,,Yes,2026-07-30T20:12:28.577992
SCR-004375,CRC-GLB-301,SITE-0002,INV-0003,IND,2025-06-07,PD,69,Female,Eligible,,Yes,2026-07-30T20:12:28.577992
SCR-004376,CRC-GLB-301,SITE-0062,INV-0123,KEN,2025-03-05,KJ,81,Female,Eligible,,Yes,2026-07-30T20:12:28.577992
SCR-004377,CRC-GLB-301,SITE-0038,INV-0075,GBR,2025-03-22,BJ,81,Male,Eligible,,Yes,2026-07-30T20:12:28.577992
SCR-004378,CRC-GLB-301,SITE-0027,INV-0053,CAN,2025-06-15,DE,43,Female,Screen Failure,Exclusion Criteria Met,Yes,2026-07-30T20:12:28.577992
SCR-004379,CRC-GLB-301,SITE-0020,INV-0040,USA,2025-07-19,VA,59,Female,Eligible,,Yes,2026-07-30T20:12:28.577992
SCR-004380,CRC-GLB-301,SITE-0050,INV-0099,ZAF,2025-08-20,EJ,25,Female,Eligible,,Yes,2026-07-30T20:12:28.577992
SCR-004381,CRC-GLB-301,SITE-0020,INV-0039,USA,2025-11-17,JT,47,Female,Eligible,,Yes,2026-07-30T20:12:28.577992
SCR-004382,CRC-GLB-301,SITE-0026,INV-0051,CAN,2025-04-07,SN,65,Female,Eligible,,Yes,2026-07-30T20:12:28.577992
SCR-004383,CRC-GLB-301,SITE-0003,INV-0006,IND,2025-11-10,YQ,54,Male,Eligible,,Yes,2026-07-30T20:12:28.577992
SCR-004384,CRC-GLB-301,SITE-0032,INV-0063,CAN,2025-03-06,SS,18,Male,Eligible,,Yes,2026-07-30T20:12:28.577992
SCR-004385,CRC-GLB-301,SITE-0019,INV-0038,USA,2025-04-26,SU,53,Male,Screen Failure,Abnormal Laboratory Values,Yes,2026-07-30T20:12:28.577992
SCR-004386,CRC-GLB-301,SITE-0036,INV-0071,GBR,2025-10-03,YM,46,Female,Eligible,,Yes,2026-07-30T20:12:28.577992
SCR-004387,CRC-GLB-301,SITE-0026,INV-0052,CAN,2025-10-30,TD,56,Male,Screen Failure,Withdrew Consent,Yes,2026-07-30T20:12:28.577992
SCR-004388,CRC-GLB-301,SITE-0020,INV-0039,USA,2025-02-28,LN,47,Male,Eligible,,Yes,2026-07-30T20:12:28.577992
SCR-004389,CRC-GLB-301,SITE-0028,INV-0056,CAN,2025-11-15,YW,84,Male,Eligible,,Yes,2026-07-30T20:12:28.577992
SCR-004390,CRC-GLB-301,SITE-0014,INV-0027,SGP,2025-01-22,UO,37,Female,Eligible,,Yes,2026-07-30T20:12:28.577992
SCR-004391,CRC-GLB-301,SITE-0021,INV-0042,USA,2025-06-26,ZN,73,Male,Eligible,,Yes,2026-07-30T20:12:28.577992
SCR-004392,CRC-GLB-301,SITE-0043,INV-0086,DEU,2025-09-16,MZ,62,Male,Eligible,,Yes,2026-07-30T20:12:28.577992
SCR-004393,CRC-GLB-301,SITE-0054,INV-0107,ZAF,2025-12-26,HN,36,Male,Eligible,,Yes,2026-07-30T20:12:28.577992
SCR-004394,CRC-GLB-301,SITE-0064,INV-0127,KEN,2025-06-11,IT,34,Female,Eligible,,Yes,2026-07-30T20:12:28.577992
SCR-004395,CRC-GLB-301,SITE-0026,INV-0052,CAN,2025-02-04,XZ,41,Male,Screen Failure,Inclusion Criteria Not Met,Yes,2026-07-30T20:12:28.577992
SCR-004396,CRC-GLB-301,SITE-0043,INV-0085,DEU,2025-05-09,IF,85,Male,Screen Failure,Exclusion Criteria Met,Yes,2026-07-30T20:12:28.577992
SCR-004397,CRC-GLB-301,SITE-0061,INV-0121,KEN,2025-01-04,ZL,78,Female,Eligible,,Yes,2026-07-30T20:12:28.577992
SCR-004398,CRC-GLB-301,SITE-0049,INV-0098,ZAF,2025-12-29,BD,81,Female,Eligible,,Yes,2026-07-30T20:12:28.577992
SCR-004399,CRC-GLB-301,SITE-0042,INV-0084,DEU,2025-02-10,SD,78,Female,Eligible,,Yes,2026-07-30T20:12:28.577992
SCR-004400,CRC-GLB-301,SITE-0027,INV-0053,CAN,2025-12-17,VF,67,Female,Eligible,,Yes,2026-07-30T20:12:28.577992
SCR-004401,CRC-GLB-301,SITE-0025,INV-0049,CAN,2025-07-10,US,68,Male,Eligible,,Yes,2026-07-30T20:12:28.577992
SCR-004402,CRC-GLB-301,SITE-0013,INV-0025,SGP,2025-09-04,VS,28,Female,Eligible,,Yes,2026-07-30T20:12:28.577992
SCR-004403,CRC-GLB-301,SITE-0034,INV-0067,GBR,2025-01-02,QD,67,Male,Eligible,,Yes,2026-07-30T20:12:28.577992
SCR-004404,CRC-GLB-301,SITE-0036,INV-0072,GBR,2025-07-02,DU,66,Female,Eligible,,Yes,2026-07-30T20:12:28.577992
SCR-004405,CRC-GLB-301,SITE-0046,INV-0092,DEU,2025-05-19,YF,79,Male,Screen Failure,Abnormal Laboratory Values,Yes,2026-07-30T20:12:28.577992
SCR-004406,CRC-GLB-301,SITE-0016,INV-0032,SGP,2025-04-27,FG,53,Female,Eligible,,Yes,2026-07-30T20:12:28.577992
SCR-004407,CRC-GLB-301,SITE-0022,INV-0044,USA,2025-01-15,CT,44,Female,Screen Failure,Withdrew Consent,Yes,2026-07-30T20:12:28.577992
SCR-004408,CRC-GLB-301,SITE-0029,INV-0058,CAN,2025-06-04,PM,63,Female,Eligible,,Yes,2026-07-30T20:12:28.577992
SCR-004409,CRC-GLB-301,SITE-0009,INV-0017,SGP,2025-09-01,NB,34,Male,Eligible,,Yes,2026-07-30T20:12:28.577992
SCR-004410,CRC-GLB-301,SITE-0047,INV-0093,DEU,2025-09-13,PF,73,Male,Eligible,,Yes,2026-07-30T20:12:28.577992
SCR-004411,CRC-GLB-301,SITE-0017,INV-0034,USA,2025-05-28,PB,44,Male,Eligible,,Yes,2026-07-30T20:12:28.577992
SCR-004412,CRC-GLB-301,SITE-0016,INV-0031,SGP,2025-03-27,EW,59,Female,Eligible,,Yes,2026-07-30T20:12:28.577992
SCR-004413,CRC-GLB-301,SITE-0006,INV-0012,IND,2025-01-08,HF,33,Female,Eligible,,Yes,2026-07-30T20:12:28.577992
SCR-004414,CRC-GLB-301,SITE-0028,INV-0056,CAN,2025-10-12,ML,81,Female,Eligible,,Yes,2026-07-30T20:12:28.577992
SCR-004415,CRC-GLB-301,SITE-0001,INV-0002,IND,2025-01-10,FK,63,Female,Eligible,,Yes,2026-07-30T20:12:28.577992
SCR-004416,CRC-GLB-301,SITE-0002,INV-0003,IND,2025-12-11,ZJ,35,Male,Eligible,,Yes,2026-07-30T20:12:28.577992
SCR-004417,CRC-GLB-301,SITE-0020,INV-0039,USA,2025-04-03,UQ,34,Male,Eligible,,Yes,2026-07-30T20:12:28.577992
SCR-004418,CRC-GLB-301,SITE-0028,INV-0056,CAN,2025-10-03,EO,51,Female,Eligible,,Yes,2026-07-30T20:12:28.577992
SCR-004419,CRC-GLB-301,SITE-0018,INV-0036,USA,2025-05-14,SF,44,Male,Eligible,,Yes,2026-07-30T20:12:28.577992
SCR-004420,CRC-GLB-301,SITE-0002,INV-0004,IND,2025-07-04,QZ,73,Male,Eligible,,Yes,2026-07-30T20:12:28.577992
SCR-004421,CRC-GLB-301,SITE-0005,INV-0010,IND,2025-07-25,RK,52,Female,Eligible,,Yes,2026-07-30T20:12:28.577992
SCR-004422,CRC-GLB-301,SITE-0030,INV-0059,CAN,2025-04-14,GX,44,Female,Screen Failure,Exclusion Criteria Met,Yes,2026-07-30T20:12:28.577992
SCR-004423,CRC-GLB-301,SITE-0036,INV-0071,GBR,2025-02-27,ZR,73,Female,Eligible,,Yes,2026-07-30T20:12:28.577992
SCR-004424,CRC-GLB-301,SITE-0013,INV-0025,SGP,2025-05-14,EA,67,Male,Eligible,,Yes,2026-07-30T20:12:28.577992
SCR-004425,CRC-GLB-301,SITE-0060,INV-0119,KEN,2025-08-31,TA,46,Female,Eligible,,Yes,2026-07-30T20:12:28.577992
SCR-004426,CRC-GLB-301,SITE-0033,INV-0065,GBR,2025-02-12,RS,62,Female,Eligible,,Yes,2026-07-30T20:12:28.577992
SCR-004427,CRC-GLB-301,SITE-0048,INV-0096,DEU,2025-03-27,BG,43,Male,Eligible,,Yes,2026-07-30T20:12:28.577992
SCR-004428,CRC-GLB-301,SITE-0027,INV-0054,CAN,2025-04-10,XK,81,Male,Eligible,,Yes,2026-07-30T20:12:28.577992
SCR-004429,CRC-GLB-301,SITE-0063,INV-0126,KEN,2025-08-25,LM,80,Female,Eligible,,Yes,2026-07-30T20:12:28.577992
SCR-004430,CRC-GLB-301,SITE-0027,INV-0054,CAN,2025-02-06,FU,29,Female,Screen Failure,Withdrew Consent,Yes,2026-07-30T20:12:28.577992
SCR-004431,CRC-GLB-301,SITE-0033,INV-0065,GBR,2025-10-27,IU,21,Female,Eligible,,Yes,2026-07-30T20:12:28.577992
SCR-004432,CRC-GLB-301,SITE-0023,INV-0046,USA,2025-09-09,WE,19,Female,Eligible,,Yes,2026-07-30T20:12:28.577992
SCR-004433,CRC-GLB-301,SITE-0052,INV-0103,ZAF,2025-07-06,WA,27,Male,Eligible,,Yes,2026-07-30T20:12:28.577992
SCR-004434,CRC-GLB-301,SITE-0029,INV-0057,CAN,2025-06-07,NA,54,Male,Screen Failure,Abnormal Laboratory Values,Yes,2026-07-30T20:12:28.577992
SCR-004435,CRC-GLB-301,SITE-0026,INV-0052,CAN,2025-05-09,ME,27,Female,Eligible,,Yes,2026-07-30T20:12:28.577992
SCR-004436,CRC-GLB-301,SITE-0002,INV-0003,IND,2025-01-02,WN,68,Male,Eligible,,Yes,2026-07-30T20:12:28.577992
SCR-004437,CRC-GLB-301,SITE-0050,INV-0100,ZAF,2025-08-24,SA,29,Female,Eligible,,Yes,2026-07-30T20:12:28.577992
SCR-004438,CRC-GLB-301,SITE-0062,INV-0123,KEN,2025-07-15,LY,66,Female,Screen Failure,Inclusion Criteria Not Met,Yes,2026-07-30T20:12:28.577992
SCR-004439,CRC-GLB-301,SITE-0030,INV-0060,CAN,2025-04-03,ZP,68,Male,Screen Failure,Withdrew Consent,Yes,2026-07-30T20:12:28.577992
SCR-004440,CRC-GLB-301,SITE-0006,INV-0011,IND,2025-04-10,LL,46,Male,Eligible,,Yes,2026-07-30T20:12:28.577992
SCR-004441,CRC-GLB-301,SITE-0008,INV-0016,IND,2025-10-18,OZ,52,Female,Screen Failure,Withdrew Consent,Yes,2026-07-30T20:12:28.577992
SCR-004442,CRC-GLB-301,SITE-0061,INV-0121,KEN,2025-07-05,XL,43,Male,Screen Failure,Abnormal Laboratory Values,Yes,2026-07-30T20:12:28.577992
SCR-004443,CRC-GLB-301,SITE-0063,INV-0126,KEN,2025-01-04,DR,57,Male,Eligible,,Yes,2026-07-30T20:12:28.577992
SCR-004444,CRC-GLB-301,SITE-0060,INV-0120,KEN,2025-04-16,QE,70,Male,Eligible,,Yes,2026-07-30T20:12:28.577992
SCR-004445,CRC-GLB-301,SITE-0055,INV-0110,ZAF,2025-07-28,NR,71,Male,Eligible,,Yes,2026-07-30T20:12:28.577992
SCR-004446,CRC-GLB-301,SITE-0005,INV-0010,IND,2025-04-13,YN,79,Female,Screen Failure,Withdrew Consent,Yes,2026-07-30T20:12:28.577992
SCR-004447,CRC-GLB-301,SITE-0028,INV-0055,CAN,2025-07-30,HW,24,Male,Eligible,,Yes,2026-07-30T20:12:28.577992
SCR-004448,CRC-GLB-301,SITE-0049,INV-0097,ZAF,2025-09-08,KM,72,Female,Screen Failure,Exclusion Criteria Met,Yes,2026-07-30T20:12:28.577992
SCR-004449,CRC-GLB-301,SITE-0051,INV-0102,ZAF,2025-06-21,NR,67,Female,Eligible,,Yes,2026-07-30T20:12:28.577992
SCR-004450,CRC-GLB-301,SITE-0034,INV-0068,GBR,2025-08-15,TJ,48,Female,Eligible,,Yes,2026-07-30T20:12:28.577992
SCR-004451,CRC-GLB-301,SITE-0057,INV-0114,KEN,2025-06-13,QS,34,Female,Eligible,,Yes,2026-07-30T20:12:28.577992
SCR-004452,CRC-GLB-301,SITE-0004,INV-0008,IND,2025-05-04,LE,18,Female,Eligible,,Yes,2026-07-30T20:12:28.577992
SCR-004453,CRC-GLB-301,SITE-0051,INV-0102,ZAF,2025-11-25,QI,21,Male,Screen Failure,Exclusion Criteria Met,Yes,2026-07-30T20:12:28.577992
SCR-004454,CRC-GLB-301,SITE-0057,INV-0114,KEN,2025-10-11,WA,79,Male,Screen Failure,Abnormal Laboratory Values,Yes,2026-07-30T20:12:28.577992
SCR-004455,CRC-GLB-301,SITE-0048,INV-0095,DEU,2025-04-12,SJ,69,Male,Screen Failure,Exclusion Criteria Met,Yes,2026-07-30T20:12:28.577992
SCR-004456,CRC-GLB-301,SITE-0024,INV-0047,USA,2025-05-07,KJ,85,Male,Eligible,,Yes,2026-07-30T20:12:28.577992
SCR-004457,CRC-GLB-301,SITE-0036,INV-0071,GBR,2025-09-01,FF,53,Male,Eligible,,Yes,2026-07-30T20:12:28.577992
SCR-004458,CRC-GLB-301,SITE-0046,INV-0091,DEU,2025-07-17,FV,50,Male,Eligible,,Yes,2026-07-30T20:12:28.577992
SCR-004459,CRC-GLB-301,SITE-0041,INV-0081,DEU,2025-01-24,UW,70,Female,Eligible,,Yes,2026-07-30T20:12:28.577992
SCR-004460,CRC-GLB-301,SITE-0030,INV-0060,CAN,2025-11-20,PF,55,Female,Eligible,,Yes,2026-07-30T20:12:28.577992
SCR-004461,CRC-GLB-301,SITE-0060,INV-0120,KEN,2025-11-28,LR,68,Female,Eligible,,Yes,2026-07-30T20:12:28.577992
SCR-004462,CRC-GLB-301,SITE-0005,INV-0009,IND,2025-04-22,WY,80,Male,Eligible,,Yes,2026-07-30T20:12:28.577992
SCR-004463,CRC-GLB-301,SITE-0061,INV-0122,KEN,2025-06-21,PU,54,Male,Screen Failure,Inclusion Criteria Not Met,Yes,2026-07-30T20:12:28.577992
SCR-004464,CRC-GLB-301,SITE-0007,INV-0013,IND,2025-01-11,EM,23,Female,Eligible,,Yes,2026-07-30T20:12:28.577992
SCR-004465,CRC-GLB-301,SITE-0015,INV-0030,SGP,2025-02-28,KZ,51,Female,Eligible,,Yes,2026-07-30T20:12:28.577992
SCR-004466,CRC-GLB-301,SITE-0061,INV-0122,KEN,2025-04-14,NZ,20,Female,Eligible,,Yes,2026-07-30T20:12:28.577992
SCR-004467,CRC-GLB-301,SITE-0012,INV-0024,SGP,2025-05-09,FI,65,Female,Eligible,,Yes,2026-07-30T20:12:28.577992
SCR-004468,CRC-GLB-301,SITE-0061,INV-0121,KEN,2025-06-24,AV,62,Male,Eligible,,Yes,2026-07-30T20:12:28.577992
SCR-004469,CRC-GLB-301,SITE-0053,INV-0105,ZAF,2025-08-28,AK,85,Female,Screen Failure,Exclusion Criteria Met,Yes,2026-07-30T20:12:28.577992
SCR-004470,CRC-GLB-301,SITE-0043,INV-0086,DEU,2025-01-31,MQ,33,Male,Screen Failure,Withdrew Consent,Yes,2026-07-30T20:12:28.577992
SCR-004471,CRC-GLB-301,SITE-0024,INV-0047,USA,2025-02-18,WO,34,Male,Screen Failure,Withdrew Consent,Yes,2026-07-30T20:12:28.577992
SCR-004472,CRC-GLB-301,SITE-0063,INV-0126,KEN,2025-07-06,PP,56,Male,Screen Failure,Abnormal Laboratory Values,Yes,2026-07-30T20:12:28.577992
SCR-004473,CRC-GLB-301,SITE-0027,INV-0053,CAN,2025-09-13,KN,19,Female,Eligible,,Yes,2026-07-30T20:12:28.577992
SCR-004474,CRC-GLB-301,SITE-0002,INV-0004,IND,2025-10-24,BB,69,Female,Eligible,,Yes,2026-07-30T20:12:28.577992
SCR-004475,CRC-GLB-301,SITE-0016,INV-0031,SGP,2025-08-07,GM,76,Male,Eligible,,Yes,2026-07-30T20:12:28.577992
SCR-004476,CRC-GLB-301,SITE-0039,INV-0078,GBR,2025-09-29,SN,43,Male,Eligible,,Yes,2026-07-30T20:12:28.577992
SCR-004477,CRC-GLB-301,SITE-0030,INV-0060,CAN,2025-09-22,VJ,45,Female,Eligible,,Yes,2026-07-30T20:12:28.577992
SCR-004478,CRC-GLB-301,SITE-0043,INV-0086,DEU,2025-12-20,RW,51,Male,Eligible,,Yes,2026-07-30T20:12:28.577992
SCR-004479,CRC-GLB-301,SITE-0062,INV-0123,KEN,2025-09-21,BA,33,Female,Eligible,,Yes,2026-07-30T20:12:28.577992
SCR-004480,CRC-GLB-301,SITE-0032,INV-0064,CAN,2025-05-12,GY,72,Female,Eligible,,Yes,2026-07-30T20:12:28.577992
SCR-004481,CRC-GLB-301,SITE-0042,INV-0084,DEU,2025-05-14,ZX,58,Male,Eligible,,Yes,2026-07-30T20:12:28.577992
SCR-004482,CRC-GLB-301,SITE-0004,INV-0007,IND,2025-04-06,ZA,65,Female,Eligible,,Yes,2026-07-30T20:12:28.577992
SCR-004483,CRC-GLB-301,SITE-0001,INV-0002,IND,2025-03-21,LQ,24,Male,Eligible,,Yes,2026-07-30T20:12:28.577992
SCR-004484,CRC-GLB-301,SITE-0047,INV-0093,DEU,2025-04-16,VQ,34,Female,Eligible,,Yes,2026-07-30T20:12:28.577992
SCR-004485,CRC-GLB-301,SITE-0049,INV-0097,ZAF,2025-04-23,AP,39,Male,Eligible,,Yes,2026-07-30T20:12:28.577992
SCR-004486,CRC-GLB-301,SITE-0046,INV-0092,DEU,2025-06-30,GA,49,Male,Eligible,,Yes,2026-07-30T20:12:28.577992
SCR-004487,CRC-GLB-301,SITE-0057,INV-0113,KEN,2025-06-30,HU,25,Male,Eligible,,Yes,2026-07-30T20:12:28.577992
SCR-004488,CRC-GLB-301,SITE-0060,INV-0119,KEN,2025-03-25,AD,63,Male,Eligible,,Yes,2026-07-30T20:12:28.577992
SCR-004489,CRC-GLB-301,SITE-0012,INV-0024,SGP,2025-01-12,HF,35,Male,Screen Failure,Inclusion Criteria Not Met,Yes,2026-07-30T20:12:28.577992
SCR-004490,CRC-GLB-301,SITE-0050,INV-0099,ZAF,2025-01-29,HW,22,Male,Eligible,,Yes,2026-07-30T20:12:28.577992
SCR-004491,CRC-GLB-301,SITE-0008,INV-0016,IND,2025-06-02,NS,45,Female,Eligible,,Yes,2026-07-30T20:12:28.577992
SCR-004492,CRC-GLB-301,SITE-0057,INV-0114,KEN,2025-11-04,LF,85,Male,Eligible,,Yes,2026-07-30T20:12:28.577992
SCR-004493,CRC-GLB-301,SITE-0035,INV-0070,GBR,2025-11-23,RG,31,Female,Eligible,,Yes,2026-07-30T20:12:28.577992
SCR-004494,CRC-GLB-301,SITE-0011,INV-0021,SGP,2025-03-16,WE,83,Male,Screen Failure,Withdrew Consent,Yes,2026-07-30T20:12:28.577992
SCR-004495,CRC-GLB-301,SITE-0056,INV-0112,ZAF,2025-03-09,PW,30,Female,Eligible,,Yes,2026-07-30T20:12:28.577992
SCR-004496,CRC-GLB-301,SITE-0024,INV-0048,USA,2025-07-06,QR,85,Male,Eligible,,Yes,2026-07-30T20:12:28.577992
SCR-004497,CRC-GLB-301,SITE-0044,INV-0088,DEU,2025-10-30,BB,83,Male,Eligible,,Yes,2026-07-30T20:12:28.577992
SCR-004498,CRC-GLB-301,SITE-0055,INV-0110,ZAF,2025-06-05,GN,67,Male,Eligible,,Yes,2026-07-30T20:12:28.577992
SCR-004499,CRC-GLB-301,SITE-0044,INV-0087,DEU,2025-12-29,TN,54,Male,Eligible,,Yes,2026-07-30T20:12:28.577992
SCR-004500,CRC-GLB-301,SITE-0042,INV-0083,DEU,2025-09-19,OR,54,Female,Eligible,,Yes,2026-07-30T20:12:28.577992
SCR-004501,CRC-GLB-301,SITE-0038,INV-0075,GBR,2025-05-02,XA,70,Female,Eligible,,Yes,2026-07-30T20:12:28.577992
SCR-004502,CRC-GLB-301,SITE-0045,INV-0090,DEU,2025-11-04,SU,44,Female,Eligible,,Yes,2026-07-30T20:12:28.577992
SCR-004503,CRC-GLB-301,SITE-0043,INV-0085,DEU,2025-02-01,NS,37,Female,Eligible,,Yes,2026-07-30T20:12:28.577992
SCR-004504,CRC-GLB-301,SITE-0057,INV-0114,KEN,2025-06-03,LV,81,Female,Eligible,,Yes,2026-07-30T20:12:28.577992
SCR-004505,CRC-GLB-301,SITE-0035,INV-0070,GBR,2025-10-22,WJ,33,Male,Eligible,,Yes,2026-07-30T20:12:28.577992
SCR-004506,CRC-GLB-301,SITE-0028,INV-0056,CAN,2025-03-17,WT,49,Female,Eligible,,Yes,2026-07-30T20:12:28.577992
SCR-004507,CRC-GLB-301,SITE-0061,INV-0121,KEN,2025-01-09,MS,60,Female,Eligible,,Yes,2026-07-30T20:12:28.577992
SCR-004508,CRC-GLB-301,SITE-0037,INV-0074,GBR,2025-10-19,RK,51,Male,Eligible,,Yes,2026-07-30T20:12:28.577992
SCR-004509,CRC-GLB-301,SITE-0056,INV-0112,ZAF,2025-03-09,FO,71,Female,Eligible,,Yes,2026-07-30T20:12:28.577992
SCR-004510,CRC-GLB-301,SITE-0016,INV-0031,SGP,2025-07-06,PI,21,Male,Screen Failure,Abnormal Laboratory Values,Yes,2026-07-30T20:12:28.577992
SCR-004511,CRC-GLB-301,SITE-0058,INV-0116,KEN,2025-08-17,GT,20,Female,Eligible,,Yes,2026-07-30T20:12:28.577992
SCR-004512,CRC-GLB-301,SITE-0039,INV-0077,GBR,2025-03-21,XZ,80,Male,Eligible,,Yes,2026-07-30T20:12:28.577992
SCR-004513,CRC-GLB-301,SITE-0062,INV-0124,KEN,2025-07-04,FB,54,Female,Eligible,,Yes,2026-07-30T20:12:28.577992
SCR-004514,CRC-GLB-301,SITE-0015,INV-0029,SGP,2025-05-22,CX,24,Male,Eligible,,Yes,2026-07-30T20:12:28.577992
SCR-004515,CRC-GLB-301,SITE-0044,INV-0088,DEU,2025-07-06,IG,55,Female,Eligible,,Yes,2026-07-30T20:12:28.577992
SCR-004516,CRC-GLB-301,SITE-0046,INV-0092,DEU,2025-07-06,YU,33,Female,Eligible,,Yes,2026-07-30T20:12:28.577992
SCR-004517,CRC-GLB-301,SITE-0028,INV-0055,CAN,2025-07-10,UY,79,Female,Eligible,,Yes,2026-07-30T20:12:28.577992
SCR-004518,CRC-GLB-301,SITE-0054,INV-0107,ZAF,2025-01-04,HU,29,Male,Screen Failure,Abnormal Laboratory Values,Yes,2026-07-30T20:12:28.577992
SCR-004519,CRC-GLB-301,SITE-0054,INV-0107,ZAF,2025-05-31,FM,65,Female,Eligible,,Yes,2026-07-30T20:12:28.577992
SCR-004520,CRC-GLB-301,SITE-0061,INV-0122,KEN,2025-03-23,CS,76,Male,Eligible,,Yes,2026-07-30T20:12:28.577992
SCR-004521,CRC-GLB-301,SITE-0029,INV-0058,CAN,2025-01-24,UQ,49,Male,Screen Failure,Withdrew Consent,Yes,2026-07-30T20:12:28.577992
SCR-004522,CRC-GLB-301,SITE-0054,INV-0107,ZAF,2025-09-26,OZ,84,Female,Eligible,,Yes,2026-07-30T20:12:28.577992
SCR-004523,CRC-GLB-301,SITE-0004,INV-0007,IND,2025-07-08,JT,43,Male,Screen Failure,Inclusion Criteria Not Met,Yes,2026-07-30T20:12:28.577992
SCR-004524,CRC-GLB-301,SITE-0012,INV-0023,SGP,2025-07-09,VE,38,Female,Eligible,,Yes,2026-07-30T20:12:28.577992
SCR-004525,CRC-GLB-301,SITE-0037,INV-0073,GBR,2025-11-09,SR,48,Male,Screen Failure,Inclusion Criteria Not Met,Yes,2026-07-30T20:12:28.577992
SCR-004526,CRC-GLB-301,SITE-0056,INV-0111,ZAF,2025-09-13,PE,18,Male,Eligible,,Yes,2026-07-30T20:12:28.577992
SCR-004527,CRC-GLB-301,SITE-0058,INV-0115,KEN,2025-12-02,ZB,45,Female,Eligible,,Yes,2026-07-30T20:12:28.577992
SCR-004528,CRC-GLB-301,SITE-0037,INV-0074,GBR,2025-07-31,UL,49,Female,Screen Failure,Inclusion Criteria Not Met,Yes,2026-07-30T20:12:28.577992
SCR-004529,CRC-GLB-301,SITE-0018,INV-0035,USA,2025-10-06,GN,29,Male,Eligible,,Yes,2026-07-30T20:12:28.577992
SCR-004530,CRC-GLB-301,SITE-0038,INV-0075,GBR,2025-07-27,LM,37,Female,Eligible,,Yes,2026-07-30T20:12:28.577992
SCR-004531,CRC-GLB-301,SITE-0040,INV-0080,GBR,2025-01-16,GQ,42,Male,Eligible,,Yes,2026-07-30T20:12:28.577992
SCR-004532,CRC-GLB-301,SITE-0064,INV-0128,KEN,2025-07-28,GP,59,Male,Eligible,,Yes,2026-07-30T20:12:28.577992
SCR-004533,CRC-GLB-301,SITE-0061,INV-0122,KEN,2025-06-04,HO,57,Female,Eligible,,Yes,2026-07-30T20:12:28.577992
SCR-004534,CRC-GLB-301,SITE-0058,INV-0115,KEN,2025-06-06,YG,45,Female,Eligible,,Yes,2026-07-30T20:12:28.577992
SCR-004535,CRC-GLB-301,SITE-0032,INV-0063,CAN,2025-06-17,IL,57,Male,Eligible,,Yes,2026-07-30T20:12:28.577992
SCR-004536,CRC-GLB-301,SITE-0026,INV-0052,CAN,2025-01-06,YQ,19,Female,Eligible,,Yes,2026-07-30T20:12:28.577992
SCR-004537,CRC-GLB-301,SITE-0035,INV-0070,GBR,2025-07-19,KZ,84,Male,Eligible,,Yes,2026-07-30T20:12:28.577992
SCR-004538,CRC-GLB-301,SITE-0016,INV-0031,SGP,2025-03-13,OU,49,Male,Eligible,,Yes,2026-07-30T20:12:28.577992
SCR-004539,CRC-GLB-301,SITE-0035,INV-0070,GBR,2025-10-14,ME,24,Male,Eligible,,Yes,2026-07-30T20:12:28.577992
SCR-004540,CRC-GLB-301,SITE-0060,INV-0119,KEN,2025-04-28,MO,52,Male,Eligible,,Yes,2026-07-30T20:12:28.577992
SCR-004541,CRC-GLB-301,SITE-0050,INV-0099,ZAF,2025-04-15,NM,56,Female,Eligible,,Yes,2026-07-30T20:12:28.577992
SCR-004542,CRC-GLB-301,SITE-0064,INV-0127,KEN,2025-01-27,YU,59,Female,Eligible,,Yes,2026-07-30T20:12:28.577992
SCR-004543,CRC-GLB-301,SITE-0042,INV-0084,DEU,2025-12-06,KV,65,Female,Eligible,,Yes,2026-07-30T20:12:28.577992
SCR-004544,CRC-GLB-301,SITE-0050,INV-0099,ZAF,2025-01-28,XI,34,Female,Eligible,,Yes,2026-07-30T20:12:28.577992
SCR-004545,CRC-GLB-301,SITE-0062,INV-0124,KEN,2025-05-14,QY,51,Male,Eligible,,Yes,2026-07-30T20:12:28.577992
SCR-004546,CRC-GLB-301,SITE-0054,INV-0107,ZAF,2025-08-28,AK,50,Female,Screen Failure,Exclusion Criteria Met,Yes,2026-07-30T20:12:28.577992
SCR-004547,CRC-GLB-301,SITE-0046,INV-0091,DEU,2025-05-09,UE,25,Female,Eligible,,Yes,2026-07-30T20:12:28.577992
SCR-004548,CRC-GLB-301,SITE-0020,INV-0039,USA,2025-12-17,NL,76,Male,Eligible,,Yes,2026-07-30T20:12:28.577992
SCR-004549,CRC-GLB-301,SITE-0048,INV-0095,DEU,2025-01-26,GC,29,Female,Eligible,,Yes,2026-07-30T20:12:28.577992
SCR-004550,CRC-GLB-301,SITE-0003,INV-0006,IND,2025-07-11,QG,58,Female,Screen Failure,Withdrew Consent,Yes,2026-07-30T20:12:28.577992
SCR-004551,CRC-GLB-301,SITE-0007,INV-0013,IND,2025-04-07,XV,82,Female,Screen Failure,Abnormal Laboratory Values,Yes,2026-07-30T20:12:28.577992
SCR-004552,CRC-GLB-301,SITE-0055,INV-0110,ZAF,2025-12-30,ZE,80,Male,Eligible,,Yes,2026-07-30T20:12:28.577992
SCR-004553,CRC-GLB-301,SITE-0036,INV-0071,GBR,2025-04-17,FC,69,Male,Eligible,,Yes,2026-07-30T20:12:28.577992
SCR-004554,CRC-GLB-301,SITE-0010,INV-0020,SGP,2025-01-20,JD,28,Female,Screen Failure,Inclusion Criteria Not Met,Yes,2026-07-30T20:12:28.577992
SCR-004555,CRC-GLB-301,SITE-0045,INV-0090,DEU,2025-12-02,UX,70,Female,Eligible,,Yes,2026-07-30T20:12:28.577992
SCR-004556,CRC-GLB-301,SITE-0003,INV-0006,IND,2025-03-09,MS,62,Female,Eligible,,Yes,2026-07-30T20:12:28.577992
SCR-004557,CRC-GLB-301,SITE-0013,INV-0025,SGP,2025-05-29,FX,82,Male,Eligible,,Yes,2026-07-30T20:12:28.577992
SCR-004558,CRC-GLB-301,SITE-0006,INV-0012,IND,2025-01-04,QM,64,Male,Eligible,,Yes,2026-07-30T20:12:28.577992
SCR-004559,CRC-GLB-301,SITE-0029,INV-0057,CAN,2025-02-09,AT,35,Male,Screen Failure,Withdrew Consent,Yes,2026-07-30T20:12:28.577992
SCR-004560,CRC-GLB-301,SITE-0052,INV-0104,ZAF,2025-06-23,UF,76,Male,Screen Failure,Abnormal Laboratory Values,Yes,2026-07-30T20:12:28.577992
SCR-004561,CRC-GLB-301,SITE-0037,INV-0074,GBR,2025-05-03,ZE,54,Male,Eligible,,Yes,2026-07-30T20:12:28.577992
SCR-004562,CRC-GLB-301,SITE-0011,INV-0021,SGP,2025-08-16,HU,40,Female,Eligible,,Yes,2026-07-30T20:12:28.577992
SCR-004563,CRC-GLB-301,SITE-0055,INV-0110,ZAF,2025-07-23,WE,43,Female,Screen Failure,Abnormal Laboratory Values,Yes,2026-07-30T20:12:28.577992
SCR-004564,CRC-GLB-301,SITE-0012,INV-0024,SGP,2025-07-02,IA,36,Female,Eligible,,Yes,2026-07-30T20:12:28.577992
SCR-004565,CRC-GLB-301,SITE-0059,INV-0118,KEN,2025-06-19,IK,35,Male,Eligible,,Yes,2026-07-30T20:12:28.577992
SCR-004566,CRC-GLB-301,SITE-0031,INV-0062,CAN,2025-01-30,DS,32,Male,Screen Failure,Withdrew Consent,Yes,2026-07-30T20:12:28.577992
SCR-004567,CRC-GLB-301,SITE-0001,INV-0002,IND,2025-12-17,YO,23,Female,Eligible,,Yes,2026-07-30T20:12:28.577992
SCR-004568,CRC-GLB-301,SITE-0001,INV-0002,IND,2025-08-25,YU,40,Male,Eligible,,Yes,2026-07-30T20:12:28.577992
SCR-004569,CRC-GLB-301,SITE-0012,INV-0024,SGP,2025-08-21,WP,41,Male,Eligible,,Yes,2026-07-30T20:12:28.577992
SCR-004570,CRC-GLB-301,SITE-0047,INV-0093,DEU,2025-12-23,XA,65,Female,Screen Failure,Exclusion Criteria Met,Yes,2026-07-30T20:12:28.577992
SCR-004571,CRC-GLB-301,SITE-0037,INV-0074,GBR,2025-02-11,WK,78,Male,Eligible,,Yes,2026-07-30T20:12:28.577992
SCR-004572,CRC-GLB-301,SITE-0057,INV-0114,KEN,2025-04-07,DC,85,Male,Eligible,,Yes,2026-07-30T20:12:28.577992
SCR-004573,CRC-GLB-301,SITE-0005,INV-0009,IND,2025-05-19,ER,70,Female,Eligible,,Yes,2026-07-30T20:12:28.577992
SCR-004574,CRC-GLB-301,SITE-0043,INV-0085,DEU,2025-10-21,AS,56,Male,Eligible,,Yes,2026-07-30T20:12:28.577992
SCR-004575,CRC-GLB-301,SITE-0009,INV-0018,SGP,2025-12-30,HN,58,Male,Eligible,,Yes,2026-07-30T20:12:28.577992
SCR-004576,CRC-GLB-301,SITE-0007,INV-0013,IND,2025-04-08,HU,49,Male,Eligible,,Yes,2026-07-30T20:12:28.577992
SCR-004577,CRC-GLB-301,SITE-0054,INV-0107,ZAF,2025-05-02,AM,65,Female,Eligible,,Yes,2026-07-30T20:12:28.577992
SCR-004578,CRC-GLB-301,SITE-0025,INV-0050,CAN,2025-12-25,WA,54,Male,Eligible,,Yes,2026-07-30T20:12:28.577992
SCR-004579,CRC-GLB-301,SITE-0052,INV-0104,ZAF,2025-08-19,YA,36,Male,Screen Failure,Exclusion Criteria Met,Yes,2026-07-30T20:12:28.577992
SCR-004580,CRC-GLB-301,SITE-0060,INV-0119,KEN,2025-05-19,LC,41,Female,Eligible,,Yes,2026-07-30T20:12:28.577992
SCR-004581,CRC-GLB-301,SITE-0022,INV-0043,USA,2025-11-18,VT,29,Female,Screen Failure,Exclusion Criteria Met,Yes,2026-07-30T20:12:28.577992
SCR-004582,CRC-GLB-301,SITE-0048,INV-0096,DEU,2025-09-28,CJ,74,Female,Eligible,,Yes,2026-07-30T20:12:28.577992
SCR-004583,CRC-GLB-301,SITE-0005,INV-0010,IND,2025-09-10,YG,48,Male,Screen Failure,Inclusion Criteria Not Met,Yes,2026-07-30T20:12:28.577992
SCR-004584,CRC-GLB-301,SITE-0009,INV-0017,SGP,2025-12-18,JJ,28,Female,Eligible,,Yes,2026-07-30T20:12:28.577992
SCR-004585,CRC-GLB-301,SITE-0025,INV-0049,CAN,2025-11-30,BP,66,Female,Eligible,,Yes,2026-07-30T20:12:28.577992
SCR-004586,CRC-GLB-301,SITE-0064,INV-0127,KEN,2025-06-03,BJ,55,Female,Screen Failure,Abnormal Laboratory Values,Yes,2026-07-30T20:12:28.577992
SCR-004587,CRC-GLB-301,SITE-0020,INV-0040,USA,2025-10-20,FV,77,Male,Eligible,,Yes,2026-07-30T20:12:28.577992
SCR-004588,CRC-GLB-301,SITE-0064,INV-0128,KEN,2025-07-08,AG,41,Male,Eligible,,Yes,2026-07-30T20:12:28.577992
SCR-004589,CRC-GLB-301,SITE-0061,INV-0122,KEN,2025-08-06,DY,41,Female,Eligible,,Yes,2026-07-30T20:12:28.577992
SCR-004590,CRC-GLB-301,SITE-0015,INV-0029,SGP,2025-07-30,AD,67,Male,Eligible,,Yes,2026-07-30T20:12:28.577992
SCR-004591,CRC-GLB-301,SITE-0016,INV-0032,SGP,2025-09-20,WA,33,Male,Eligible,,Yes,2026-07-30T20:12:28.577992
SCR-004592,CRC-GLB-301,SITE-0029,INV-0058,CAN,2025-01-02,PB,53,Male,Eligible,,Yes,2026-07-30T20:12:28.577992
SCR-004593,CRC-GLB-301,SITE-0009,INV-0018,SGP,2025-01-26,BF,35,Female,Eligible,,Yes,2026-07-30T20:12:28.577992
SCR-004594,CRC-GLB-301,SITE-0052,INV-0103,ZAF,2025-09-28,AY,85,Female,Eligible,,Yes,2026-07-30T20:12:28.577992
SCR-004595,CRC-GLB-301,SITE-0060,INV-0120,KEN,2025-09-11,UC,77,Male,Eligible,,Yes,2026-07-30T20:12:28.577992
SCR-004596,CRC-GLB-301,SITE-0050,INV-0099,ZAF,2025-02-21,CI,69,Female,Eligible,,Yes,2026-07-30T20:12:28.577992
SCR-004597,CRC-GLB-301,SITE-0056,INV-0111,ZAF,2025-09-09,LQ,64,Female,Eligible,,Yes,2026-07-30T20:12:28.577992
SCR-004598,CRC-GLB-301,SITE-0015,INV-0029,SGP,2025-03-18,AW,33,Male,Eligible,,Yes,2026-07-30T20:12:28.577992
SCR-004599,CRC-GLB-301,SITE-0048,INV-0096,DEU,2025-05-03,WS,76,Female,Eligible,,Yes,2026-07-30T20:12:28.577992
SCR-004600,CRC-GLB-301,SITE-0023,INV-0046,USA,2025-01-23,BJ,72,Female,Eligible,,Yes,2026-07-30T20:12:28.577992
SCR-004601,CRC-GLB-301,SITE-0035,INV-0070,GBR,2025-11-24,MJ,33,Male,Eligible,,Yes,2026-07-30T20:12:28.577992
SCR-004602,CRC-GLB-301,SITE-0015,INV-0030,SGP,2025-05-15,NY,54,Female,Screen Failure,Withdrew Consent,Yes,2026-07-30T20:12:28.577992
SCR-004603,CRC-GLB-301,SITE-0058,INV-0115,KEN,2025-11-11,YR,60,Female,Screen Failure,Abnormal Laboratory Values,Yes,2026-07-30T20:12:28.577992
SCR-004604,CRC-GLB-301,SITE-0028,INV-0055,CAN,2025-07-10,KP,78,Male,Eligible,,Yes,2026-07-30T20:12:28.577992
SCR-004605,CRC-GLB-301,SITE-0023,INV-0046,USA,2025-03-16,UV,43,Male,Eligible,,Yes,2026-07-30T20:12:28.577992
SCR-004606,CRC-GLB-301,SITE-0049,INV-0098,ZAF,2025-11-24,PD,80,Male,Screen Failure,Withdrew Consent,Yes,2026-07-30T20:12:28.577992
SCR-004607,CRC-GLB-301,SITE-0012,INV-0024,SGP,2025-04-18,JR,45,Male,Screen Failure,Exclusion Criteria Met,Yes,2026-07-30T20:12:28.577992
SCR-004608,CRC-GLB-301,SITE-0032,INV-0064,CAN,2025-10-13,FI,68,Male,Eligible,,Yes,2026-07-30T20:12:28.577992
SCR-004609,CRC-GLB-301,SITE-0062,INV-0124,KEN,2025-05-01,II,72,Male,Screen Failure,Exclusion Criteria Met,Yes,2026-07-30T20:12:28.577992
SCR-004610,CRC-GLB-301,SITE-0007,INV-0013,IND,2025-11-03,RU,80,Female,Eligible,,Yes,2026-07-30T20:12:28.577992
SCR-004611,CRC-GLB-301,SITE-0062,INV-0123,KEN,2025-02-28,EE,43,Female,Eligible,,Yes,2026-07-30T20:12:28.577992
SCR-004612,CRC-GLB-301,SITE-0048,INV-0095,DEU,2025-08-20,FZ,34,Male,Eligible,,Yes,2026-07-30T20:12:28.577992
SCR-004613,CRC-GLB-301,SITE-0029,INV-0057,CAN,2025-08-14,QN,60,Male,Eligible,,Yes,2026-07-30T20:12:28.577992
SCR-004614,CRC-GLB-301,SITE-0032,INV-0064,CAN,2025-12-18,SV,65,Male,Eligible,,Yes,2026-07-30T20:12:28.577992
SCR-004615,CRC-GLB-301,SITE-0041,INV-0082,DEU,2025-09-04,SM,79,Male,Eligible,,Yes,2026-07-30T20:12:28.577992
SCR-004616,CRC-GLB-301,SITE-0059,INV-0118,KEN,2025-04-15,BD,56,Male,Eligible,,Yes,2026-07-30T20:12:28.577992
SCR-004617,CRC-GLB-301,SITE-0039,INV-0078,GBR,2025-06-29,GY,27,Male,Screen Failure,Exclusion Criteria Met,Yes,2026-07-30T20:12:28.577992
SCR-004618,CRC-GLB-301,SITE-0043,INV-0086,DEU,2025-01-17,WD,76,Male,Screen Failure,Abnormal Laboratory Values,Yes,2026-07-30T20:12:28.577992
SCR-004619,CRC-GLB-301,SITE-0007,INV-0014,IND,2025-09-21,AU,66,Female,Eligible,,Yes,2026-07-30T20:12:28.577992
SCR-004620,CRC-GLB-301,SITE-0058,INV-0116,KEN,2025-04-06,WG,43,Male,Screen Failure,Withdrew Consent,Yes,2026-07-30T20:12:28.577992
SCR-004621,CRC-GLB-301,SITE-0053,INV-0106,ZAF,2025-01-03,UN,59,Male,Screen Failure,Withdrew Consent,Yes,2026-07-30T20:12:28.577992
SCR-004622,CRC-GLB-301,SITE-0052,INV-0104,ZAF,2025-04-27,UP,52,Female,Eligible,,Yes,2026-07-30T20:12:28.577992
SCR-004623,CRC-GLB-301,SITE-0014,INV-0027,SGP,2025-02-04,AD,80,Female,Eligible,,Yes,2026-07-30T20:12:28.577992
SCR-004624,CRC-GLB-301,SITE-0034,INV-0067,GBR,2025-06-28,HP,32,Male,Eligible,,Yes,2026-07-30T20:12:28.577992
SCR-004625,CRC-GLB-301,SITE-0014,INV-0027,SGP,2025-11-09,XQ,32,Male,Screen Failure,Withdrew Consent,Yes,2026-07-30T20:12:28.577992
SCR-004626,CRC-GLB-301,SITE-0020,INV-0039,USA,2025-07-09,LY,44,Female,Eligible,,Yes,2026-07-30T20:12:28.577992
SCR-004627,CRC-GLB-301,SITE-0010,INV-0019,SGP,2025-02-15,IM,42,Female,Eligible,,Yes,2026-07-30T20:12:28.577992
SCR-004628,CRC-GLB-301,SITE-0059,INV-0118,KEN,2025-07-22,BC,70,Female,Eligible,,Yes,2026-07-30T20:12:28.577992
SCR-004629,CRC-GLB-301,SITE-0021,INV-0042,USA,2025-04-06,HY,59,Female,Eligible,,Yes,2026-07-30T20:12:28.577992
SCR-004630,CRC-GLB-301,SITE-0054,INV-0107,ZAF,2025-01-02,XY,47,Female,Eligible,,Yes,2026-07-30T20:12:28.577992
SCR-004631,CRC-GLB-301,SITE-0033,INV-0066,GBR,2025-11-15,SE,49,Female,Eligible,,Yes,2026-07-30T20:12:28.577992
SCR-004632,CRC-GLB-301,SITE-0001,INV-0002,IND,2025-02-12,TG,55,Male,Eligible,,Yes,2026-07-30T20:12:28.577992
SCR-004633,CRC-GLB-301,SITE-0036,INV-0072,GBR,2025-02-01,XU,61,Female,Screen Failure,Withdrew Consent,Yes,2026-07-30T20:12:28.577992
SCR-004634,CRC-GLB-301,SITE-0061,INV-0121,KEN,2025-08-02,BU,85,Male,Screen Failure,Inclusion Criteria Not Met,Yes,2026-07-30T20:12:28.577992
SCR-004635,CRC-GLB-301,SITE-0007,INV-0014,IND,2025-10-23,ZJ,68,Male,Eligible,,Yes,2026-07-30T20:12:28.577992
SCR-004636,CRC-GLB-301,SITE-0044,INV-0087,DEU,2025-05-13,QT,40,Male,Screen Failure,Inclusion Criteria Not Met,Yes,2026-07-30T20:12:28.577992
SCR-004637,CRC-GLB-301,SITE-0022,INV-0043,USA,2025-05-30,QM,69,Male,Eligible,,Yes,2026-07-30T20:12:28.577992
SCR-004638,CRC-GLB-301,SITE-0050,INV-0099,ZAF,2025-11-07,IG,28,Female,Eligible,,Yes,2026-07-30T20:12:28.577992
SCR-004639,CRC-GLB-301,SITE-0035,INV-0069,GBR,2025-04-09,FF,68,Female,Eligible,,Yes,2026-07-30T20:12:28.577992
SCR-004640,CRC-GLB-301,SITE-0002,INV-0003,IND,2025-11-02,UB,73,Female,Screen Failure,Abnormal Laboratory Values,Yes,2026-07-30T20:12:28.577992
SCR-004641,CRC-GLB-301,SITE-0015,INV-0030,SGP,2025-12-08,JM,39,Male,Screen Failure,Inclusion Criteria Not Met,Yes,2026-07-30T20:12:28.577992
SCR-004642,CRC-GLB-301,SITE-0043,INV-0085,DEU,2025-06-05,PE,32,Male,Eligible,,Yes,2026-07-30T20:12:28.577992
SCR-004643,CRC-GLB-301,SITE-0037,INV-0073,GBR,2025-09-15,CC,18,Male,Screen Failure,Abnormal Laboratory Values,Yes,2026-07-30T20:12:28.577992
SCR-004644,CRC-GLB-301,SITE-0028,INV-0056,CAN,2025-12-22,SX,42,Male,Eligible,,Yes,2026-07-30T20:12:28.577992
SCR-004645,CRC-GLB-301,SITE-0037,INV-0073,GBR,2025-07-31,IA,33,Male,Eligible,,Yes,2026-07-30T20:12:28.577992
SCR-004646,CRC-GLB-301,SITE-0004,INV-0007,IND,2025-08-19,HB,24,Female,Eligible,,Yes,2026-07-30T20:12:28.577992
SCR-004647,CRC-GLB-301,SITE-0040,INV-0080,GBR,2025-11-13,ZN,84,Female,Eligible,,Yes,2026-07-30T20:12:28.577992
SCR-004648,CRC-GLB-301,SITE-0052,INV-0104,ZAF,2025-11-16,HB,36,Female,Eligible,,Yes,2026-07-30T20:12:28.577992
SCR-004649,CRC-GLB-301,SITE-0024,INV-0047,USA,2025-12-05,KX,59,Male,Screen Failure,Exclusion Criteria Met,Yes,2026-07-30T20:12:28.577992
SCR-004650,CRC-GLB-301,SITE-0054,INV-0108,ZAF,2025-05-20,SO,58,Male,Eligible,,Yes,2026-07-30T20:12:28.577992
SCR-004651,CRC-GLB-301,SITE-0020,INV-0039,USA,2025-10-14,RX,30,Male,Eligible,,Yes,2026-07-30T20:12:28.577992
SCR-004652,CRC-GLB-301,SITE-0008,INV-0016,IND,2025-03-12,FJ,39,Male,Eligible,,Yes,2026-07-30T20:12:28.577992
SCR-004653,CRC-GLB-301,SITE-0038,INV-0075,GBR,2025-10-06,GS,19,Male,Eligible,,Yes,2026-07-30T20:12:28.577992
SCR-004654,CRC-GLB-301,SITE-0019,INV-0038,USA,2025-03-31,YM,28,Male,Screen Failure,Withdrew Consent,Yes,2026-07-30T20:12:28.577992
SCR-004655,CRC-GLB-301,SITE-0021,INV-0041,USA,2025-03-13,IY,50,Male,Eligible,,Yes,2026-07-30T20:12:28.577992
SCR-004656,CRC-GLB-301,SITE-0031,INV-0062,CAN,2025-08-14,UV,78,Female,Eligible,,Yes,2026-07-30T20:12:28.577992
SCR-004657,CRC-GLB-301,SITE-0004,INV-0008,IND,2025-11-13,XF,81,Female,Screen Failure,Exclusion Criteria Met,Yes,2026-07-30T20:12:28.577992
SCR-004658,CRC-GLB-301,SITE-0051,INV-0102,ZAF,2025-06-04,BO,81,Female,Eligible,,Yes,2026-07-30T20:12:28.577992
SCR-004659,CRC-GLB-301,SITE-0018,INV-0035,USA,2025-01-21,LI,55,Male,Eligible,,Yes,2026-07-30T20:12:28.577992
SCR-004660,CRC-GLB-301,SITE-0003,INV-0005,IND,2025-04-22,SW,65,Male,Eligible,,Yes,2026-07-30T20:12:28.577992
SCR-004661,CRC-GLB-301,SITE-0003,INV-0006,IND,2025-03-16,HM,35,Female,Eligible,,Yes,2026-07-30T20:12:28.577992
SCR-004662,CRC-GLB-301,SITE-0036,INV-0071,GBR,2025-08-10,JX,73,Male,Eligible,,Yes,2026-07-30T20:12:28.577992
SCR-004663,CRC-GLB-301,SITE-0023,INV-0046,USA,2025-08-11,TY,47,Female,Eligible,,Yes,2026-07-30T20:12:28.577992
SCR-004664,CRC-GLB-301,SITE-0024,INV-0047,USA,2025-10-10,EY,42,Female,Screen Failure,Inclusion Criteria Not Met,Yes,2026-07-30T20:12:28.577992
SCR-004665,CRC-GLB-301,SITE-0025,INV-0049,CAN,2025-10-09,QN,79,Male,Screen Failure,Withdrew Consent,Yes,2026-07-30T20:12:28.577992
SCR-004666,CRC-GLB-301,SITE-0036,INV-0071,GBR,2025-11-30,WJ,76,Male,Eligible,,Yes,2026-07-30T20:12:28.577992
SCR-004667,CRC-GLB-301,SITE-0011,INV-0022,SGP,2025-10-24,GV,72,Male,Eligible,,Yes,2026-07-30T20:12:28.577992
SCR-004668,CRC-GLB-301,SITE-0011,INV-0021,SGP,2025-05-08,IM,25,Female,Screen Failure,Abnormal Laboratory Values,Yes,2026-07-30T20:12:28.577992
SCR-004669,CRC-GLB-301,SITE-0001,INV-0002,IND,2025-12-02,AM,18,Female,Eligible,,Yes,2026-07-30T20:12:28.577992
SCR-004670,CRC-GLB-301,SITE-0037,INV-0074,GBR,2025-04-12,UL,82,Female,Eligible,,Yes,2026-07-30T20:12:28.577992
SCR-004671,CRC-GLB-301,SITE-0054,INV-0107,ZAF,2025-02-06,GY,59,Female,Eligible,,Yes,2026-07-30T20:12:28.577992
SCR-004672,CRC-GLB-301,SITE-0010,INV-0020,SGP,2025-07-03,HE,65,Female,Screen Failure,Abnormal Laboratory Values,Yes,2026-07-30T20:12:28.577992
SCR-004673,CRC-GLB-301,SITE-0044,INV-0087,DEU,2025-04-11,VV,22,Female,Eligible,,Yes,2026-07-30T20:12:28.577992
SCR-004674,CRC-GLB-301,SITE-0009,INV-0018,SGP,2025-05-31,CK,63,Male,Eligible,,Yes,2026-07-30T20:12:28.577992
SCR-004675,CRC-GLB-301,SITE-0013,INV-0025,SGP,2025-11-02,KI,31,Male,Eligible,,Yes,2026-07-30T20:12:28.577992
SCR-004676,CRC-GLB-301,SITE-0055,INV-0109,ZAF,2025-07-02,TA,60,Male,Screen Failure,Withdrew Consent,Yes,2026-07-30T20:12:28.577992
SCR-004677,CRC-GLB-301,SITE-0033,INV-0065,GBR,2025-09-09,GW,36,Male,Eligible,,Yes,2026-07-30T20:12:28.577992
SCR-004678,CRC-GLB-301,SITE-0031,INV-0062,CAN,2025-08-03,WM,82,Female,Screen Failure,Exclusion Criteria Met,Yes,2026-07-30T20:12:28.577992
SCR-004679,CRC-GLB-301,SITE-0006,INV-0011,IND,2025-12-14,EQ,32,Male,Eligible,,Yes,2026-07-30T20:12:28.577992
SCR-004680,CRC-GLB-301,SITE-0011,INV-0022,SGP,2025-02-02,XW,47,Female,Eligible,,Yes,2026-07-30T20:12:28.577992
SCR-004681,CRC-GLB-301,SITE-0040,INV-0080,GBR,2025-12-16,WI,35,Male,Eligible,,Yes,2026-07-30T20:12:28.577992
SCR-004682,CRC-GLB-301,SITE-0010,INV-0019,SGP,2025-08-14,TY,72,Male,Eligible,,Yes,2026-07-30T20:12:28.577992
SCR-004683,CRC-GLB-301,SITE-0064,INV-0127,KEN,2025-02-14,HV,44,Male,Screen Failure,Inclusion Criteria Not Met,Yes,2026-07-30T20:12:28.577992
SCR-004684,CRC-GLB-301,SITE-0014,INV-0027,SGP,2025-10-01,NE,48,Male,Eligible,,Yes,2026-07-30T20:12:28.577992
SCR-004685,CRC-GLB-301,SITE-0056,INV-0112,ZAF,2025-10-25,XR,21,Male,Eligible,,Yes,2026-07-30T20:12:28.577992
SCR-004686,CRC-GLB-301,SITE-0031,INV-0061,CAN,2025-09-18,UG,71,Female,Eligible,,Yes,2026-07-30T20:12:28.577992
SCR-004687,CRC-GLB-301,SITE-0048,INV-0095,DEU,2025-12-13,AB,26,Male,Eligible,,Yes,2026-07-30T20:12:28.577992
SCR-004688,CRC-GLB-301,SITE-0039,INV-0077,GBR,2025-12-28,GO,75,Male,Eligible,,Yes,2026-07-30T20:12:28.577992
SCR-004689,CRC-GLB-301,SITE-0018,INV-0036,USA,2025-08-05,BQ,78,Female,Eligible,,Yes,2026-07-30T20:12:28.577992
SCR-004690,CRC-GLB-301,SITE-0025,INV-0049,CAN,2025-05-25,OO,19,Male,Screen Failure,Inclusion Criteria Not Met,Yes,2026-07-30T20:12:28.577992
SCR-004691,CRC-GLB-301,SITE-0017,INV-0033,USA,2025-05-24,EI,81,Female,Eligible,,Yes,2026-07-30T20:12:28.577992
SCR-004692,CRC-GLB-301,SITE-0028,INV-0055,CAN,2025-06-07,HC,70,Female,Eligible,,Yes,2026-07-30T20:12:28.577992
SCR-004693,CRC-GLB-301,SITE-0009,INV-0017,SGP,2025-01-11,HK,26,Male,Eligible,,Yes,2026-07-30T20:12:28.577992
SCR-004694,CRC-GLB-301,SITE-0038,INV-0075,GBR,2025-04-13,DI,60,Female,Eligible,,Yes,2026-07-30T20:12:28.577992
SCR-004695,CRC-GLB-301,SITE-0039,INV-0077,GBR,2025-01-25,ST,36,Male,Eligible,,Yes,2026-07-30T20:12:28.577992
SCR-004696,CRC-GLB-301,SITE-0030,INV-0060,CAN,2025-12-21,MR,80,Female,Screen Failure,Withdrew Consent,Yes,2026-07-30T20:12:28.577992
SCR-004697,CRC-GLB-301,SITE-0010,INV-0020,SGP,2025-10-11,XV,80,Female,Eligible,,Yes,2026-07-30T20:12:28.577992
SCR-004698,CRC-GLB-301,SITE-0061,INV-0122,KEN,2025-07-09,WF,79,Female,Eligible,,Yes,2026-07-30T20:12:28.577992
SCR-004699,CRC-GLB-301,SITE-0010,INV-0019,SGP,2025-04-20,PC,46,Female,Eligible,,Yes,2026-07-30T20:12:28.577992
SCR-004700,CRC-GLB-301,SITE-0021,INV-0041,USA,2025-09-17,MB,64,Male,Screen Failure,Abnormal Laboratory Values,Yes,2026-07-30T20:12:28.577992
SCR-004701,CRC-GLB-301,SITE-0033,INV-0066,GBR,2025-06-24,TK,83,Male,Eligible,,Yes,2026-07-30T20:12:28.577992
SCR-004702,CRC-GLB-301,SITE-0059,INV-0117,KEN,2025-05-24,CO,21,Female,Eligible,,Yes,2026-07-30T20:12:28.577992
SCR-004703,CRC-GLB-301,SITE-0052,INV-0104,ZAF,2025-12-13,BQ,31,Female,Eligible,,Yes,2026-07-30T20:12:28.577992
SCR-004704,CRC-GLB-301,SITE-0063,INV-0126,KEN,2025-09-19,IF,31,Female,Eligible,,Yes,2026-07-30T20:12:28.577992
SCR-004705,CRC-GLB-301,SITE-0031,INV-0062,CAN,2025-03-13,AX,57,Male,Eligible,,Yes,2026-07-30T20:12:28.577992
SCR-004706,CRC-GLB-301,SITE-0031,INV-0061,CAN,2025-08-18,CO,50,Male,Eligible,,Yes,2026-07-30T20:12:28.577992
SCR-004707,CRC-GLB-301,SITE-0053,INV-0105,ZAF,2025-08-04,XA,24,Female,Screen Failure,Abnormal Laboratory Values,Yes,2026-07-30T20:12:28.577992
SCR-004708,CRC-GLB-301,SITE-0010,INV-0020,SGP,2025-04-11,LR,41,Male,Eligible,,Yes,2026-07-30T20:12:28.577992
SCR-004709,CRC-GLB-301,SITE-0045,INV-0090,DEU,2025-06-22,TR,52,Female,Screen Failure,Abnormal Laboratory Values,Yes,2026-07-30T20:12:28.577992
SCR-004710,CRC-GLB-301,SITE-0005,INV-0010,IND,2025-09-22,SR,76,Female,Eligible,,Yes,2026-07-30T20:12:28.577992
SCR-004711,CRC-GLB-301,SITE-0022,INV-0043,USA,2025-02-24,TA,22,Female,Eligible,,Yes,2026-07-30T20:12:28.577992
SCR-004712,CRC-GLB-301,SITE-0018,INV-0035,USA,2025-05-22,AT,57,Female,Eligible,,Yes,2026-07-30T20:12:28.577992
SCR-004713,CRC-GLB-301,SITE-0009,INV-0017,SGP,2025-03-30,HC,74,Female,Eligible,,Yes,2026-07-30T20:12:28.577992
SCR-004714,CRC-GLB-301,SITE-0063,INV-0125,KEN,2025-05-24,CX,57,Female,Eligible,,Yes,2026-07-30T20:12:28.577992
SCR-004715,CRC-GLB-301,SITE-0053,INV-0106,ZAF,2025-02-11,NG,52,Male,Eligible,,Yes,2026-07-30T20:12:28.577992
SCR-004716,CRC-GLB-301,SITE-0056,INV-0111,ZAF,2025-05-30,HY,81,Male,Eligible,,Yes,2026-07-30T20:12:28.577992
SCR-004717,CRC-GLB-301,SITE-0034,INV-0068,GBR,2025-08-29,CU,33,Female,Eligible,,Yes,2026-07-30T20:12:28.577992
SCR-004718,CRC-GLB-301,SITE-0060,INV-0119,KEN,2025-05-05,EM,24,Female,Screen Failure,Exclusion Criteria Met,Yes,2026-07-30T20:12:28.577992
SCR-004719,CRC-GLB-301,SITE-0038,INV-0075,GBR,2025-01-15,MD,66,Female,Eligible,,Yes,2026-07-30T20:12:28.577992
SCR-004720,CRC-GLB-301,SITE-0062,INV-0124,KEN,2025-04-20,QB,47,Male,Screen Failure,Inclusion Criteria Not Met,Yes,2026-07-30T20:12:28.577992
SCR-004721,CRC-GLB-301,SITE-0060,INV-0120,KEN,2025-11-16,PT,36,Female,Eligible,,Yes,2026-07-30T20:12:28.577992
SCR-004722,CRC-GLB-301,SITE-0052,INV-0103,ZAF,2025-05-26,MH,85,Male,Eligible,,Yes,2026-07-30T20:12:28.577992
SCR-004723,CRC-GLB-301,SITE-0014,INV-0027,SGP,2025-01-31,CL,54,Male,Eligible,,Yes,2026-07-30T20:12:28.577992
SCR-004724,CRC-GLB-301,SITE-0018,INV-0035,USA,2025-02-12,VX,66,Female,Eligible,,Yes,2026-07-30T20:12:28.577992
SCR-004725,CRC-GLB-301,SITE-0013,INV-0025,SGP,2025-03-27,MP,78,Male,Eligible,,Yes,2026-07-30T20:12:28.577992
SCR-004726,CRC-GLB-301,SITE-0003,INV-0005,IND,2025-05-19,GT,52,Male,Eligible,,Yes,2026-07-30T20:12:28.577992
SCR-004727,CRC-GLB-301,SITE-0020,INV-0040,USA,2025-12-16,MA,60,Male,Screen Failure,Withdrew Consent,Yes,2026-07-30T20:12:28.577992
SCR-004728,CRC-GLB-301,SITE-0049,INV-0097,ZAF,2025-02-16,WR,44,Male,Screen Failure,Abnormal Laboratory Values,Yes,2026-07-30T20:12:28.577992
SCR-004729,CRC-GLB-301,SITE-0010,INV-0020,SGP,2025-05-13,CB,21,Male,Eligible,,Yes,2026-07-30T20:12:28.577992
SCR-004730,CRC-GLB-301,SITE-0004,INV-0008,IND,2025-01-06,MG,69,Male,Eligible,,Yes,2026-07-30T20:12:28.577992
SCR-004731,CRC-GLB-301,SITE-0007,INV-0013,IND,2025-07-04,WE,57,Female,Eligible,,Yes,2026-07-30T20:12:28.577992
SCR-004732,CRC-GLB-301,SITE-0021,INV-0042,USA,2025-08-13,RY,64,Male,Eligible,,Yes,2026-07-30T20:12:28.577992
SCR-004733,CRC-GLB-301,SITE-0034,INV-0067,GBR,2025-06-11,UD,70,Male,Eligible,,Yes,2026-07-30T20:12:28.577992
SCR-004734,CRC-GLB-301,SITE-0041,INV-0082,DEU,2025-03-14,KS,53,Female,Screen Failure,Abnormal Laboratory Values,Yes,2026-07-30T20:12:28.577992
SCR-004735,CRC-GLB-301,SITE-0041,INV-0081,DEU,2025-08-13,TZ,58,Male,Eligible,,Yes,2026-07-30T20:12:28.577992
SCR-004736,CRC-GLB-301,SITE-0052,INV-0103,ZAF,2025-11-25,QB,31,Female,Eligible,,Yes,2026-07-30T20:12:28.577992
SCR-004737,CRC-GLB-301,SITE-0040,INV-0079,GBR,2025-04-04,UD,62,Female,Eligible,,Yes,2026-07-30T20:12:28.577992
SCR-004738,CRC-GLB-301,SITE-0030,INV-0060,CAN,2025-09-19,BF,60,Male,Eligible,,Yes,2026-07-30T20:12:28.577992
SCR-004739,CRC-GLB-301,SITE-0004,INV-0008,IND,2025-01-15,YM,23,Female,Eligible,,Yes,2026-07-30T20:12:28.577992
SCR-004740,CRC-GLB-301,SITE-0012,INV-0024,SGP,2025-04-19,JU,55,Male,Eligible,,Yes,2026-07-30T20:12:28.577992
SCR-004741,CRC-GLB-301,SITE-0046,INV-0091,DEU,2025-05-24,SM,80,Female,Eligible,,Yes,2026-07-30T20:12:28.577992
SCR-004742,CRC-GLB-301,SITE-0033,INV-0066,GBR,2025-05-21,OG,49,Male,Eligible,,Yes,2026-07-30T20:12:28.577992
SCR-004743,CRC-GLB-301,SITE-0040,INV-0080,GBR,2025-05-25,UB,19,Female,Eligible,,Yes,2026-07-30T20:12:28.577992
SCR-004744,CRC-GLB-301,SITE-0018,INV-0036,USA,2025-10-07,LY,76,Female,Screen Failure,Abnormal Laboratory Values,Yes,2026-07-30T20:12:28.577992
SCR-004745,CRC-GLB-301,SITE-0047,INV-0093,DEU,2025-09-12,MF,63,Female,Eligible,,Yes,2026-07-30T20:12:28.577992
SCR-004746,CRC-GLB-301,SITE-0049,INV-0097,ZAF,2025-10-26,CD,50,Male,Eligible,,Yes,2026-07-30T20:12:28.577992
SCR-004747,CRC-GLB-301,SITE-0060,INV-0119,KEN,2025-07-04,GZ,43,Female,Eligible,,Yes,2026-07-30T20:12:28.577992
SCR-004748,CRC-GLB-301,SITE-0006,INV-0011,IND,2025-08-11,BV,46,Male,Eligible,,Yes,2026-07-30T20:12:28.577992
SCR-004749,CRC-GLB-301,SITE-0033,INV-0066,GBR,2025-01-16,LD,35,Female,Eligible,,Yes,2026-07-30T20:12:28.577992
SCR-004750,CRC-GLB-301,SITE-0014,INV-0028,SGP,2025-04-14,DK,25,Male,Screen Failure,Abnormal Laboratory Values,Yes,2026-07-30T20:12:28.577992
SCR-004751,CRC-GLB-301,SITE-0017,INV-0034,USA,2025-01-31,QG,56,Male,Eligible,,Yes,2026-07-30T20:12:28.577992
SCR-004752,CRC-GLB-301,SITE-0034,INV-0068,GBR,2025-03-21,LO,37,Male,Eligible,,Yes,2026-07-30T20:12:28.577992
SCR-004753,CRC-GLB-301,SITE-0055,INV-0109,ZAF,2025-09-13,PG,71,Female,Eligible,,Yes,2026-07-30T20:12:28.577992
SCR-004754,CRC-GLB-301,SITE-0044,INV-0088,DEU,2025-11-06,SX,63,Female,Eligible,,Yes,2026-07-30T20:12:28.577992
SCR-004755,CRC-GLB-301,SITE-0015,INV-0029,SGP,2025-04-09,SM,54,Male,Screen Failure,Withdrew Consent,Yes,2026-07-30T20:12:28.577992
SCR-004756,CRC-GLB-301,SITE-0057,INV-0113,KEN,2025-03-09,WY,53,Male,Screen Failure,Exclusion Criteria Met,Yes,2026-07-30T20:12:28.577992
SCR-004757,CRC-GLB-301,SITE-0021,INV-0041,USA,2025-11-04,ZK,34,Female,Eligible,,Yes,2026-07-30T20:12:28.577992
SCR-004758,CRC-GLB-301,SITE-0050,INV-0099,ZAF,2025-08-25,KV,21,Female,Eligible,,Yes,2026-07-30T20:12:28.577992
SCR-004759,CRC-GLB-301,SITE-0006,INV-0012,IND,2025-07-19,IJ,28,Male,Eligible,,Yes,2026-07-30T20:12:28.577992
SCR-004760,CRC-GLB-301,SITE-0049,INV-0097,ZAF,2025-03-04,ZJ,35,Male,Screen Failure,Inclusion Criteria Not Met,Yes,2026-07-30T20:12:28.577992
SCR-004761,CRC-GLB-301,SITE-0021,INV-0041,USA,2025-09-02,UH,61,Female,Eligible,,Yes,2026-07-30T20:12:28.577992
SCR-004762,CRC-GLB-301,SITE-0022,INV-0043,USA,2025-08-04,MU,41,Male,Screen Failure,Withdrew Consent,Yes,2026-07-30T20:12:28.577992
SCR-004763,CRC-GLB-301,SITE-0027,INV-0054,CAN,2025-12-24,GX,47,Female,Eligible,,Yes,2026-07-30T20:12:28.577992
SCR-004764,CRC-GLB-301,SITE-0025,INV-0049,CAN,2025-08-14,NF,71,Male,Eligible,,Yes,2026-07-30T20:12:28.577992
SCR-004765,CRC-GLB-301,SITE-0011,INV-0022,SGP,2025-03-03,BD,18,Female,Eligible,,Yes,2026-07-30T20:12:28.577992
SCR-004766,CRC-GLB-301,SITE-0057,INV-0113,KEN,2025-05-12,FQ,50,Female,Screen Failure,Inclusion Criteria Not Met,Yes,2026-07-30T20:12:28.577992
SCR-004767,CRC-GLB-301,SITE-0049,INV-0098,ZAF,2025-09-12,BX,78,Male,Screen Failure,Exclusion Criteria Met,Yes,2026-07-30T20:12:28.577992
SCR-004768,CRC-GLB-301,SITE-0015,INV-0029,SGP,2025-07-02,EO,42,Male,Eligible,,Yes,2026-07-30T20:12:28.577992
SCR-004769,CRC-GLB-301,SITE-0059,INV-0117,KEN,2025-01-16,RO,64,Male,Eligible,,Yes,2026-07-30T20:12:28.577992
SCR-004770,CRC-GLB-301,SITE-0061,INV-0121,KEN,2025-04-30,MW,47,Male,Eligible,,Yes,2026-07-30T20:12:28.577992
SCR-004771,CRC-GLB-301,SITE-0017,INV-0034,USA,2025-04-09,XH,28,Female,Eligible,,Yes,2026-07-30T20:12:28.577992
SCR-004772,CRC-GLB-301,SITE-0044,INV-0087,DEU,2025-03-23,RL,65,Male,Eligible,,Yes,2026-07-30T20:12:28.577992
SCR-004773,CRC-GLB-301,SITE-0020,INV-0040,USA,2025-10-06,SA,25,Female,Eligible,,Yes,2026-07-30T20:12:28.577992
SCR-004774,CRC-GLB-301,SITE-0020,INV-0039,USA,2025-10-15,RM,38,Male,Screen Failure,Inclusion Criteria Not Met,Yes,2026-07-30T20:12:28.577992
SCR-004775,CRC-GLB-301,SITE-0036,INV-0072,GBR,2025-04-03,GZ,59,Female,Eligible,,Yes,2026-07-30T20:12:28.577992
SCR-004776,CRC-GLB-301,SITE-0005,INV-0009,IND,2025-04-18,BI,84,Female,Screen Failure,Exclusion Criteria Met,Yes,2026-07-30T20:12:28.577992
SCR-004777,CRC-GLB-301,SITE-0045,INV-0089,DEU,2025-08-24,JU,21,Male,Eligible,,Yes,2026-07-30T20:12:28.577992
SCR-004778,CRC-GLB-301,SITE-0022,INV-0043,USA,2025-01-08,VO,25,Female,Eligible,,Yes,2026-07-30T20:12:28.577992
SCR-004779,CRC-GLB-301,SITE-0001,INV-0002,IND,2025-02-04,MA,53,Male,Eligible,,Yes,2026-07-30T20:12:28.577992
SCR-004780,CRC-GLB-301,SITE-0029,INV-0057,CAN,2025-01-25,LQ,72,Female,Eligible,,Yes,2026-07-30T20:12:28.577992
SCR-004781,CRC-GLB-301,SITE-0045,INV-0090,DEU,2025-06-16,IO,18,Female,Eligible,,Yes,2026-07-30T20:12:28.577992
SCR-004782,CRC-GLB-301,SITE-0013,INV-0026,SGP,2025-06-21,BQ,74,Male,Eligible,,Yes,2026-07-30T20:12:28.577992
SCR-004783,CRC-GLB-301,SITE-0032,INV-0064,CAN,2025-07-31,QR,34,Female,Eligible,,Yes,2026-07-30T20:12:28.577992
SCR-004784,CRC-GLB-301,SITE-0023,INV-0046,USA,2025-06-23,CX,54,Male,Eligible,,Yes,2026-07-30T20:12:28.577992
SCR-004785,CRC-GLB-301,SITE-0006,INV-0012,IND,2025-04-26,QH,59,Male,Eligible,,Yes,2026-07-30T20:12:28.577992
SCR-004786,CRC-GLB-301,SITE-0034,INV-0068,GBR,2025-03-16,CW,51,Male,Eligible,,Yes,2026-07-30T20:12:28.577992
SCR-004787,CRC-GLB-301,SITE-0038,INV-0075,GBR,2025-02-24,LW,66,Female,Screen Failure,Abnormal Laboratory Values,Yes,2026-07-30T20:12:28.577992
SCR-004788,CRC-GLB-301,SITE-0033,INV-0065,GBR,2025-10-12,XO,71,Female,Screen Failure,Withdrew Consent,Yes,2026-07-30T20:12:28.577992
SCR-004789,CRC-GLB-301,SITE-0041,INV-0082,DEU,2025-05-19,QY,29,Male,Eligible,,Yes,2026-07-30T20:12:28.577992
SCR-004790,CRC-GLB-301,SITE-0051,INV-0102,ZAF,2025-08-23,QZ,55,Male,Eligible,,Yes,2026-07-30T20:12:28.577992
SCR-004791,CRC-GLB-301,SITE-0058,INV-0115,KEN,2025-12-01,PN,58,Male,Eligible,,Yes,2026-07-30T20:12:28.577992
SCR-004792,CRC-GLB-301,SITE-0059,INV-0118,KEN,2025-02-07,ZH,45,Male,Screen Failure,Inclusion Criteria Not Met,Yes,2026-07-30T20:12:28.577992
SCR-004793,CRC-GLB-301,SITE-0056,INV-0112,ZAF,2025-07-02,RP,36,Female,Eligible,,Yes,2026-07-30T20:12:28.577992
SCR-004794,CRC-GLB-301,SITE-0032,INV-0064,CAN,2025-10-07,AL,55,Male,Eligible,,Yes,2026-07-30T20:12:28.577992
SCR-004795,CRC-GLB-301,SITE-0062,INV-0123,KEN,2025-07-19,IU,75,Female,Eligible,,Yes,2026-07-30T20:12:28.577992
SCR-004796,CRC-GLB-301,SITE-0051,INV-0101,ZAF,2025-08-10,XX,35,Male,Eligible,,Yes,2026-07-30T20:12:28.577992
SCR-004797,CRC-GLB-301,SITE-0029,INV-0057,CAN,2025-08-29,YZ,81,Male,Eligible,,Yes,2026-07-30T20:12:28.577992
SCR-004798,CRC-GLB-301,SITE-0019,INV-0038,USA,2025-09-05,ZZ,37,Male,Screen Failure,Withdrew Consent,Yes,2026-07-30T20:12:28.577992
SCR-004799,CRC-GLB-301,SITE-0001,INV-0001,IND,2025-10-10,UL,82,Female,Eligible,,Yes,2026-07-30T20:12:28.577992
SCR-004800,CRC-GLB-301,SITE-0015,INV-0030,SGP,2025-04-30,DH,61,Female,Eligible,,Yes,2026-07-30T20:12:28.577992
SCR-004801,CRC-GLB-301,SITE-0049,INV-0097,ZAF,2025-01-04,PU,18,Female,Eligible,,Yes,2026-07-30T20:12:28.577992
SCR-004802,CRC-GLB-301,SITE-0063,INV-0125,KEN,2025-07-28,QB,44,Male,Eligible,,Yes,2026-07-30T20:12:28.577992
SCR-004803,CRC-GLB-301,SITE-0026,INV-0052,CAN,2025-05-06,VK,42,Male,Screen Failure,Inclusion Criteria Not Met,Yes,2026-07-30T20:12:28.577992
SCR-004804,CRC-GLB-301,SITE-0042,INV-0084,DEU,2025-10-02,GX,74,Female,Eligible,,Yes,2026-07-30T20:12:28.577992
SCR-004805,CRC-GLB-301,SITE-0004,INV-0008,IND,2025-08-07,BM,66,Male,Screen Failure,Inclusion Criteria Not Met,Yes,2026-07-30T20:12:28.577992
SCR-004806,CRC-GLB-301,SITE-0036,INV-0071,GBR,2025-05-07,WA,24,Female,Eligible,,Yes,2026-07-30T20:12:28.577992
SCR-004807,CRC-GLB-301,SITE-0011,INV-0022,SGP,2025-06-08,XH,67,Female,Eligible,,Yes,2026-07-30T20:12:28.577992
SCR-004808,CRC-GLB-301,SITE-0011,INV-0022,SGP,2025-09-15,XL,41,Male,Screen Failure,Exclusion Criteria Met,Yes,2026-07-30T20:12:28.577992
SCR-004809,CRC-GLB-301,SITE-0046,INV-0092,DEU,2025-12-29,MH,18,Female,Eligible,,Yes,2026-07-30T20:12:28.577992
SCR-004810,CRC-GLB-301,SITE-0033,INV-0066,GBR,2025-08-08,DD,81,Female,Screen Failure,Withdrew Consent,Yes,2026-07-30T20:12:28.577992
SCR-004811,CRC-GLB-301,SITE-0009,INV-0018,SGP,2025-03-29,MJ,47,Male,Eligible,,Yes,2026-07-30T20:12:28.577992
SCR-004812,CRC-GLB-301,SITE-0033,INV-0065,GBR,2025-03-30,KS,40,Male,Screen Failure,Withdrew Consent,Yes,2026-07-30T20:12:28.577992
SCR-004813,CRC-GLB-301,SITE-0021,INV-0041,USA,2025-04-15,SO,85,Male,Eligible,,Yes,2026-07-30T20:12:28.577992
SCR-004814,CRC-GLB-301,SITE-0016,INV-0032,SGP,2025-10-16,UA,33,Male,Eligible,,Yes,2026-07-30T20:12:28.577992
SCR-004815,CRC-GLB-301,SITE-0018,INV-0035,USA,2025-05-29,SY,51,Female,Eligible,,Yes,2026-07-30T20:12:28.577992
SCR-004816,CRC-GLB-301,SITE-0054,INV-0108,ZAF,2025-02-06,JV,52,Male,Screen Failure,Withdrew Consent,Yes,2026-07-30T20:12:28.577992
SCR-004817,CRC-GLB-301,SITE-0060,INV-0120,KEN,2025-01-04,HK,47,Male,Screen Failure,Withdrew Consent,Yes,2026-07-30T20:12:28.577992
SCR-004818,CRC-GLB-301,SITE-0013,INV-0026,SGP,2025-07-09,LK,75,Female,Screen Failure,Abnormal Laboratory Values,Yes,2026-07-30T20:12:28.577992
SCR-004819,CRC-GLB-301,SITE-0048,INV-0096,DEU,2025-07-17,KG,68,Male,Screen Failure,Withdrew Consent,Yes,2026-07-30T20:12:28.577992
SCR-004820,CRC-GLB-301,SITE-0046,INV-0091,DEU,2025-01-05,NT,61,Male,Eligible,,Yes,2026-07-30T20:12:28.577992
SCR-004821,CRC-GLB-301,SITE-0056,INV-0112,ZAF,2025-06-18,WY,27,Female,Eligible,,Yes,2026-07-30T20:12:28.577992
SCR-004822,CRC-GLB-301,SITE-0047,INV-0093,DEU,2025-05-28,ON,81,Male,Eligible,,Yes,2026-07-30T20:12:28.577992
SCR-004823,CRC-GLB-301,SITE-0063,INV-0125,KEN,2025-08-28,JT,36,Male,Eligible,,Yes,2026-07-30T20:12:28.577992
SCR-004824,CRC-GLB-301,SITE-0001,INV-0002,IND,2025-02-09,RO,23,Female,Eligible,,Yes,2026-07-30T20:12:28.577992
SCR-004825,CRC-GLB-301,SITE-0022,INV-0044,USA,2025-12-14,GN,53,Male,Eligible,,Yes,2026-07-30T20:12:28.577992
SCR-004826,CRC-GLB-301,SITE-0008,INV-0016,IND,2025-09-03,DK,73,Male,Eligible,,Yes,2026-07-30T20:12:28.577992
SCR-004827,CRC-GLB-301,SITE-0005,INV-0009,IND,2025-03-25,UC,49,Male,Eligible,,Yes,2026-07-30T20:12:28.577992
SCR-004828,CRC-GLB-301,SITE-0025,INV-0049,CAN,2025-10-06,SZ,48,Male,Eligible,,Yes,2026-07-30T20:12:28.577992
SCR-004829,CRC-GLB-301,SITE-0003,INV-0005,IND,2025-02-25,XU,83,Female,Eligible,,Yes,2026-07-30T20:12:28.577992
SCR-004830,CRC-GLB-301,SITE-0003,INV-0006,IND,2025-07-01,GN,61,Female,Eligible,,Yes,2026-07-30T20:12:28.577992
SCR-004831,CRC-GLB-301,SITE-0041,INV-0082,DEU,2025-12-23,HD,68,Male,Screen Failure,Exclusion Criteria Met,Yes,2026-07-30T20:12:28.577992
SCR-004832,CRC-GLB-301,SITE-0044,INV-0087,DEU,2025-05-22,FP,50,Female,Eligible,,Yes,2026-07-30T20:12:28.577992
SCR-004833,CRC-GLB-301,SITE-0059,INV-0117,KEN,2025-06-12,BL,43,Female,Eligible,,Yes,2026-07-30T20:12:28.577992
SCR-004834,CRC-GLB-301,SITE-0012,INV-0023,SGP,2025-06-18,JK,72,Female,Eligible,,Yes,2026-07-30T20:12:28.577992
SCR-004835,CRC-GLB-301,SITE-0032,INV-0063,CAN,2025-10-05,SO,73,Female,Eligible,,Yes,2026-07-30T20:12:28.577992
SCR-004836,CRC-GLB-301,SITE-0009,INV-0018,SGP,2025-12-01,ND,67,Male,Eligible,,Yes,2026-07-30T20:12:28.577992
SCR-004837,CRC-GLB-301,SITE-0016,INV-0031,SGP,2025-08-10,DW,57,Female,Eligible,,Yes,2026-07-30T20:12:28.577992
SCR-004838,CRC-GLB-301,SITE-0054,INV-0107,ZAF,2025-10-31,FU,54,Male,Eligible,,Yes,2026-07-30T20:12:28.577992
SCR-004839,CRC-GLB-301,SITE-0056,INV-0112,ZAF,2025-03-01,MP,42,Female,Eligible,,Yes,2026-07-30T20:12:28.577992
SCR-004840,CRC-GLB-301,SITE-0062,INV-0123,KEN,2025-02-16,VA,81,Male,Eligible,,Yes,2026-07-30T20:12:28.577992
SCR-004841,CRC-GLB-301,SITE-0008,INV-0016,IND,2025-01-05,EY,76,Male,Screen Failure,Exclusion Criteria Met,Yes,2026-07-30T20:12:28.577992
SCR-004842,CRC-GLB-301,SITE-0013,INV-0025,SGP,2025-07-07,QO,53,Female,Screen Failure,Inclusion Criteria Not Met,Yes,2026-07-30T20:12:28.577992
SCR-004843,CRC-GLB-301,SITE-0049,INV-0097,ZAF,2025-06-06,VS,71,Male,Eligible,,Yes,2026-07-30T20:12:28.577992
SCR-004844,CRC-GLB-301,SITE-0020,INV-0039,USA,2025-02-18,KL,45,Male,Eligible,,Yes,2026-07-30T20:12:28.577992
SCR-004845,CRC-GLB-301,SITE-0028,INV-0056,CAN,2025-01-19,NH,34,Female,Eligible,,Yes,2026-07-30T20:12:28.577992
SCR-004846,CRC-GLB-301,SITE-0017,INV-0034,USA,2025-05-04,RC,53,Male,Eligible,,Yes,2026-07-30T20:12:28.577992
SCR-004847,CRC-GLB-301,SITE-0031,INV-0061,CAN,2025-06-10,IW,85,Female,Screen Failure,Withdrew Consent,Yes,2026-07-30T20:12:28.577992
SCR-004848,CRC-GLB-301,SITE-0009,INV-0018,SGP,2025-03-23,BW,85,Female,Eligible,,Yes,2026-07-30T20:12:28.577992
SCR-004849,CRC-GLB-301,SITE-0025,INV-0050,CAN,2025-01-26,MJ,45,Male,Eligible,,Yes,2026-07-30T20:12:28.577992
SCR-004850,CRC-GLB-301,SITE-0024,INV-0047,USA,2025-10-27,QW,77,Male,Eligible,,Yes,2026-07-30T20:12:28.577992
SCR-004851,CRC-GLB-301,SITE-0018,INV-0036,USA,2025-01-03,HU,29,Male,Screen Failure,Abnormal Laboratory Values,Yes,2026-07-30T20:12:28.577992
SCR-004852,CRC-GLB-301,SITE-0002,INV-0004,IND,2025-09-05,CO,48,Female,Eligible,,Yes,2026-07-30T20:12:28.577992
SCR-004853,CRC-GLB-301,SITE-0031,INV-0061,CAN,2025-09-08,MQ,80,Female,Eligible,,Yes,2026-07-30T20:12:28.577992
SCR-004854,CRC-GLB-301,SITE-0046,INV-0092,DEU,2025-05-12,LB,34,Female,Eligible,,Yes,2026-07-30T20:12:28.577992
SCR-004855,CRC-GLB-301,SITE-0046,INV-0092,DEU,2025-04-26,II,31,Female,Eligible,,Yes,2026-07-30T20:12:28.577992
SCR-004856,CRC-GLB-301,SITE-0060,INV-0119,KEN,2025-04-03,XK,31,Female,Eligible,,Yes,2026-07-30T20:12:28.577992
SCR-004857,CRC-GLB-301,SITE-0032,INV-0063,CAN,2025-10-23,TD,52,Male,Eligible,,Yes,2026-07-30T20:12:28.577992
SCR-004858,CRC-GLB-301,SITE-0060,INV-0119,KEN,2025-02-05,IY,30,Male,Screen Failure,Exclusion Criteria Met,Yes,2026-07-30T20:12:28.577992
SCR-004859,CRC-GLB-301,SITE-0033,INV-0065,GBR,2025-10-19,BE,60,Male,Screen Failure,Exclusion Criteria Met,Yes,2026-07-30T20:12:28.577992
SCR-004860,CRC-GLB-301,SITE-0037,INV-0074,GBR,2025-04-07,FW,26,Male,Screen Failure,Withdrew Consent,Yes,2026-07-30T20:12:28.577992
SCR-004861,CRC-GLB-301,SITE-0006,INV-0011,IND,2025-08-19,XR,32,Male,Eligible,,Yes,2026-07-30T20:12:28.577992
SCR-004862,CRC-GLB-301,SITE-0057,INV-0114,KEN,2025-10-18,SJ,77,Male,Screen Failure,Exclusion Criteria Met,Yes,2026-07-30T20:12:28.577992
SCR-004863,CRC-GLB-301,SITE-0037,INV-0073,GBR,2025-02-13,UC,41,Male,Eligible,,Yes,2026-07-30T20:12:28.577992
SCR-004864,CRC-GLB-301,SITE-0005,INV-0010,IND,2025-12-01,SI,29,Male,Eligible,,Yes,2026-07-30T20:12:28.577992
SCR-004865,CRC-GLB-301,SITE-0001,INV-0002,IND,2025-05-09,EG,45,Female,Eligible,,Yes,2026-07-30T20:12:28.577992
SCR-004866,CRC-GLB-301,SITE-0035,INV-0070,GBR,2025-05-09,FE,71,Male,Eligible,,Yes,2026-07-30T20:12:28.577992
SCR-004867,CRC-GLB-301,SITE-0033,INV-0065,GBR,2025-03-22,RZ,18,Male,Eligible,,Yes,2026-07-30T20:12:28.577992
SCR-004868,CRC-GLB-301,SITE-0060,INV-0119,KEN,2025-03-26,XY,68,Male,Eligible,,Yes,2026-07-30T20:12:28.577992
SCR-004869,CRC-GLB-301,SITE-0041,INV-0081,DEU,2025-08-25,NW,82,Female,Eligible,,Yes,2026-07-30T20:12:28.577992
SCR-004870,CRC-GLB-301,SITE-0041,INV-0082,DEU,2025-01-29,PF,65,Male,Screen Failure,Inclusion Criteria Not Met,Yes,2026-07-30T20:12:28.577992
SCR-004871,CRC-GLB-301,SITE-0006,INV-0011,IND,2025-01-23,PX,72,Male,Eligible,,Yes,2026-07-30T20:12:28.577992
SCR-004872,CRC-GLB-301,SITE-0018,INV-0036,USA,2025-09-21,TL,78,Female,Eligible,,Yes,2026-07-30T20:12:28.577992
SCR-004873,CRC-GLB-301,SITE-0043,INV-0086,DEU,2025-07-26,JK,79,Male,Eligible,,Yes,2026-07-30T20:12:28.577992
SCR-004874,CRC-GLB-301,SITE-0040,INV-0080,GBR,2025-12-01,AH,71,Male,Eligible,,Yes,2026-07-30T20:12:28.577992
SCR-004875,CRC-GLB-301,SITE-0029,INV-0057,CAN,2025-12-31,HJ,70,Female,Eligible,,Yes,2026-07-30T20:12:28.577992
SCR-004876,CRC-GLB-301,SITE-0009,INV-0018,SGP,2025-06-01,TT,60,Male,Eligible,,Yes,2026-07-30T20:12:28.577992
SCR-004877,CRC-GLB-301,SITE-0060,INV-0120,KEN,2025-09-11,FZ,26,Female,Eligible,,Yes,2026-07-30T20:12:28.577992
SCR-004878,CRC-GLB-301,SITE-0014,INV-0028,SGP,2025-07-22,OK,64,Female,Eligible,,Yes,2026-07-30T20:12:28.577992
SCR-004879,CRC-GLB-301,SITE-0042,INV-0084,DEU,2025-01-07,BY,47,Male,Eligible,,Yes,2026-07-30T20:12:28.577992
SCR-004880,CRC-GLB-301,SITE-0058,INV-0116,KEN,2025-04-04,OK,52,Female,Screen Failure,Exclusion Criteria Met,Yes,2026-07-30T20:12:28.577992
SCR-004881,CRC-GLB-301,SITE-0018,INV-0035,USA,2025-01-05,OE,34,Female,Eligible,,Yes,2026-07-30T20:12:28.577992
SCR-004882,CRC-GLB-301,SITE-0012,INV-0024,SGP,2025-06-23,JX,65,Male,Eligible,,Yes,2026-07-30T20:12:28.577992
SCR-004883,CRC-GLB-301,SITE-0059,INV-0117,KEN,2025-09-06,KB,26,Female,Screen Failure,Exclusion Criteria Met,Yes,2026-07-30T20:12:28.577992
SCR-004884,CRC-GLB-301,SITE-0019,INV-0038,USA,2025-06-07,FE,78,Male,Eligible,,Yes,2026-07-30T20:12:28.577992
SCR-004885,CRC-GLB-301,SITE-0010,INV-0019,SGP,2025-09-07,EP,36,Male,Eligible,,Yes,2026-07-30T20:12:28.577992
SCR-004886,CRC-GLB-301,SITE-0003,INV-0005,IND,2025-11-23,TI,42,Male,Screen Failure,Abnormal Laboratory Values,Yes,2026-07-30T20:12:28.577992
SCR-004887,CRC-GLB-301,SITE-0022,INV-0044,USA,2025-01-17,CZ,57,Female,Eligible,,Yes,2026-07-30T20:12:28.577992
SCR-004888,CRC-GLB-301,SITE-0018,INV-0036,USA,2025-01-14,LL,60,Male,Eligible,,Yes,2026-07-30T20:12:28.577992
SCR-004889,CRC-GLB-301,SITE-0007,INV-0014,IND,2025-10-03,YR,55,Female,Eligible,,Yes,2026-07-30T20:12:28.577992
SCR-004890,CRC-GLB-301,SITE-0052,INV-0104,ZAF,2025-12-18,QB,74,Male,Eligible,,Yes,2026-07-30T20:12:28.577992
SCR-004891,CRC-GLB-301,SITE-0040,INV-0080,GBR,2025-07-24,LK,57,Male,Eligible,,Yes,2026-07-30T20:12:28.577992
SCR-004892,CRC-GLB-301,SITE-0056,INV-0111,ZAF,2025-12-15,ZQ,44,Female,Eligible,,Yes,2026-07-30T20:12:28.577992
SCR-004893,CRC-GLB-301,SITE-0021,INV-0042,USA,2025-01-09,NI,41,Female,Eligible,,Yes,2026-07-30T20:12:28.577992
SCR-004894,CRC-GLB-301,SITE-0055,INV-0109,ZAF,2025-10-20,ME,66,Male,Eligible,,Yes,2026-07-30T20:12:28.577992
SCR-004895,CRC-GLB-301,SITE-0027,INV-0053,CAN,2025-06-17,LV,80,Male,Eligible,,Yes,2026-07-30T20:12:28.577992
SCR-004896,CRC-GLB-301,SITE-0039,INV-0078,GBR,2025-10-04,VP,39,Female,Eligible,,Yes,2026-07-30T20:12:28.577992
SCR-004897,CRC-GLB-301,SITE-0008,INV-0016,IND,2025-08-28,EU,48,Female,Eligible,,Yes,2026-07-30T20:12:28.577992
SCR-004898,CRC-GLB-301,SITE-0033,INV-0066,GBR,2025-08-02,KB,30,Female,Eligible,,Yes,2026-07-30T20:12:28.577992
SCR-004899,CRC-GLB-301,SITE-0050,INV-0099,ZAF,2025-10-07,BJ,83,Female,Eligible,,Yes,2026-07-30T20:12:28.577992
SCR-004900,CRC-GLB-301,SITE-0022,INV-0044,USA,2025-11-12,ZH,50,Female,Screen Failure,Withdrew Consent,Yes,2026-07-30T20:12:28.577992
SCR-004901,CRC-GLB-301,SITE-0003,INV-0005,IND,2025-12-15,YT,64,Male,Eligible,,Yes,2026-07-30T20:12:28.577992
SCR-004902,CRC-GLB-301,SITE-0055,INV-0110,ZAF,2025-08-02,UF,56,Female,Eligible,,Yes,2026-07-30T20:12:28.577992
SCR-004903,CRC-GLB-301,SITE-0007,INV-0013,IND,2025-12-23,RW,49,Male,Eligible,,Yes,2026-07-30T20:12:28.577992
SCR-004904,CRC-GLB-301,SITE-0016,INV-0032,SGP,2025-10-24,TG,71,Male,Eligible,,Yes,2026-07-30T20:12:28.577992
SCR-004905,CRC-GLB-301,SITE-0018,INV-0035,USA,2025-09-10,PU,18,Male,Screen Failure,Withdrew Consent,Yes,2026-07-30T20:12:28.577992
SCR-004906,CRC-GLB-301,SITE-0021,INV-0041,USA,2025-01-15,BF,82,Female,Eligible,,Yes,2026-07-30T20:12:28.577992
SCR-004907,CRC-GLB-301,SITE-0024,INV-0047,USA,2025-11-18,DP,64,Male,Screen Failure,Inclusion Criteria Not Met,Yes,2026-07-30T20:12:28.577992
SCR-004908,CRC-GLB-301,SITE-0028,INV-0055,CAN,2025-04-10,GV,45,Male,Eligible,,Yes,2026-07-30T20:12:28.577992
SCR-004909,CRC-GLB-301,SITE-0038,INV-0075,GBR,2025-10-31,OC,80,Male,Eligible,,Yes,2026-07-30T20:12:28.577992
SCR-004910,CRC-GLB-301,SITE-0024,INV-0047,USA,2025-03-04,OX,79,Male,Eligible,,Yes,2026-07-30T20:12:28.577992
SCR-004911,CRC-GLB-301,SITE-0005,INV-0009,IND,2025-11-15,JA,49,Male,Screen Failure,Exclusion Criteria Met,Yes,2026-07-30T20:12:28.577992
SCR-004912,CRC-GLB-301,SITE-0059,INV-0118,KEN,2025-11-22,IX,19,Male,Eligible,,Yes,2026-07-30T20:12:28.577992
SCR-004913,CRC-GLB-301,SITE-0001,INV-0001,IND,2025-12-02,PZ,28,Female,Eligible,,Yes,2026-07-30T20:12:28.577992
SCR-004914,CRC-GLB-301,SITE-0049,INV-0098,ZAF,2025-04-19,VE,55,Female,Eligible,,Yes,2026-07-30T20:12:28.577992
SCR-004915,CRC-GLB-301,SITE-0031,INV-0062,CAN,2025-04-22,UN,79,Male,Eligible,,Yes,2026-07-30T20:12:28.577992
SCR-004916,CRC-GLB-301,SITE-0048,INV-0095,DEU,2025-05-26,SH,32,Male,Screen Failure,Abnormal Laboratory Values,Yes,2026-07-30T20:12:28.577992
SCR-004917,CRC-GLB-301,SITE-0060,INV-0119,KEN,2025-12-20,OA,79,Male,Eligible,,Yes,2026-07-30T20:12:28.577992
SCR-004918,CRC-GLB-301,SITE-0024,INV-0047,USA,2025-05-11,BQ,84,Male,Eligible,,Yes,2026-07-30T20:12:28.577992
SCR-004919,CRC-GLB-301,SITE-0026,INV-0052,CAN,2025-11-18,SQ,40,Male,Eligible,,Yes,2026-07-30T20:12:28.577992
SCR-004920,CRC-GLB-301,SITE-0022,INV-0043,USA,2025-07-14,RA,65,Male,Eligible,,Yes,2026-07-30T20:12:28.577992
SCR-004921,CRC-GLB-301,SITE-0023,INV-0046,USA,2025-10-07,GR,62,Male,Screen Failure,Inclusion Criteria Not Met,Yes,2026-07-30T20:12:28.577992
SCR-004922,CRC-GLB-301,SITE-0058,INV-0116,KEN,2025-03-24,JR,23,Male,Eligible,,Yes,2026-07-30T20:12:28.577992
SCR-004923,CRC-GLB-301,SITE-0012,INV-0023,SGP,2025-02-27,CM,62,Female,Eligible,,Yes,2026-07-30T20:12:28.577992
SCR-004924,CRC-GLB-301,SITE-0022,INV-0043,USA,2025-07-17,MA,28,Female,Screen Failure,Exclusion Criteria Met,Yes,2026-07-30T20:12:28.577992
SCR-004925,CRC-GLB-301,SITE-0058,INV-0115,KEN,2025-02-27,UZ,77,Female,Eligible,,Yes,2026-07-30T20:12:28.577992
SCR-004926,CRC-GLB-301,SITE-0018,INV-0035,USA,2025-04-02,II,82,Female,Eligible,,Yes,2026-07-30T20:12:28.577992
SCR-004927,CRC-GLB-301,SITE-0033,INV-0065,GBR,2025-08-10,LU,39,Male,Eligible,,Yes,2026-07-30T20:12:28.577992
SCR-004928,CRC-GLB-301,SITE-0006,INV-0012,IND,2025-02-12,MU,61,Male,Eligible,,Yes,2026-07-30T20:12:28.577992
SCR-004929,CRC-GLB-301,SITE-0003,INV-0006,IND,2025-12-11,AU,27,Female,Eligible,,Yes,2026-07-30T20:12:28.577992
SCR-004930,CRC-GLB-301,SITE-0010,INV-0019,SGP,2025-01-15,LU,18,Female,Screen Failure,Abnormal Laboratory Values,Yes,2026-07-30T20:12:28.577992
SCR-004931,CRC-GLB-301,SITE-0041,INV-0081,DEU,2025-10-08,HY,75,Male,Eligible,,Yes,2026-07-30T20:12:28.577992
SCR-004932,CRC-GLB-301,SITE-0030,INV-0060,CAN,2025-09-16,GL,80,Male,Eligible,,Yes,2026-07-30T20:12:28.577992
SCR-004933,CRC-GLB-301,SITE-0001,INV-0001,IND,2025-11-30,LH,55,Male,Screen Failure,Inclusion Criteria Not Met,Yes,2026-07-30T20:12:28.577992
SCR-004934,CRC-GLB-301,SITE-0044,INV-0087,DEU,2025-06-14,IX,28,Female,Eligible,,Yes,2026-07-30T20:12:28.577992
SCR-004935,CRC-GLB-301,SITE-0021,INV-0042,USA,2025-03-27,LP,74,Male,Eligible,,Yes,2026-07-30T20:12:28.577992
SCR-004936,CRC-GLB-301,SITE-0018,INV-0035,USA,2025-10-17,AW,48,Male,Eligible,,Yes,2026-07-30T20:12:28.577992
SCR-004937,CRC-GLB-301,SITE-0002,INV-0004,IND,2025-02-16,TB,42,Female,Screen Failure,Inclusion Criteria Not Met,Yes,2026-07-30T20:12:28.577992
SCR-004938,CRC-GLB-301,SITE-0004,INV-0008,IND,2025-04-11,WN,27,Male,Eligible,,Yes,2026-07-30T20:12:28.577992
SCR-004939,CRC-GLB-301,SITE-0047,INV-0093,DEU,2025-04-02,HK,26,Male,Eligible,,Yes,2026-07-30T20:12:28.577992
SCR-004940,CRC-GLB-301,SITE-0061,INV-0122,KEN,2025-02-09,SL,68,Female,Screen Failure,Withdrew Consent,Yes,2026-07-30T20:12:28.577992
SCR-004941,CRC-GLB-301,SITE-0046,INV-0092,DEU,2025-10-18,LN,69,Male,Eligible,,Yes,2026-07-30T20:12:28.577992
SCR-004942,CRC-GLB-301,SITE-0012,INV-0023,SGP,2025-05-11,VL,21,Female,Eligible,,Yes,2026-07-30T20:12:28.577992
SCR-004943,CRC-GLB-301,SITE-0039,INV-0077,GBR,2025-10-05,ZN,25,Male,Screen Failure,Exclusion Criteria Met,Yes,2026-07-30T20:12:28.577992
SCR-004944,CRC-GLB-301,SITE-0013,INV-0026,SGP,2025-06-21,SM,69,Female,Eligible,,Yes,2026-07-30T20:12:28.577992
SCR-004945,CRC-GLB-301,SITE-0057,INV-0114,KEN,2025-10-27,WD,69,Male,Screen Failure,Inclusion Criteria Not Met,Yes,2026-07-30T20:12:28.577992
SCR-004946,CRC-GLB-301,SITE-0013,INV-0026,SGP,2025-10-18,DC,72,Female,Screen Failure,Inclusion Criteria Not Met,Yes,2026-07-30T20:12:28.577992
SCR-004947,CRC-GLB-301,SITE-0043,INV-0085,DEU,2025-09-05,WM,23,Male,Eligible,,Yes,2026-07-30T20:12:28.577992
SCR-004948,CRC-GLB-301,SITE-0020,INV-0039,USA,2025-10-12,AS,62,Male,Eligible,,Yes,2026-07-30T20:12:28.577992
SCR-004949,CRC-GLB-301,SITE-0040,INV-0080,GBR,2025-08-14,LD,42,Male,Screen Failure,Exclusion Criteria Met,Yes,2026-07-30T20:12:28.577992
SCR-004950,CRC-GLB-301,SITE-0008,INV-0016,IND,2025-09-30,GO,78,Male,Screen Failure,Exclusion Criteria Met,Yes,2026-07-30T20:12:28.577992
SCR-004951,CRC-GLB-301,SITE-0047,INV-0094,DEU,2025-03-31,ZY,42,Male,Eligible,,Yes,2026-07-30T20:12:28.577992
SCR-004952,CRC-GLB-301,SITE-0044,INV-0088,DEU,2025-12-17,QE,50,Male,Eligible,,Yes,2026-07-30T20:12:28.577992
SCR-004953,CRC-GLB-301,SITE-0032,INV-0064,CAN,2025-12-07,LS,85,Female,Eligible,,Yes,2026-07-30T20:12:28.577992
SCR-004954,CRC-GLB-301,SITE-0050,INV-0100,ZAF,2025-10-01,HD,76,Male,Eligible,,Yes,2026-07-30T20:12:28.577992
SCR-004955,CRC-GLB-301,SITE-0030,INV-0060,CAN,2025-07-21,UJ,48,Male,Eligible,,Yes,2026-07-30T20:12:28.577992
SCR-004956,CRC-GLB-301,SITE-0054,INV-0108,ZAF,2025-07-27,EZ,78,Male,Eligible,,Yes,2026-07-30T20:12:28.577992
SCR-004957,CRC-GLB-301,SITE-0043,INV-0085,DEU,2025-05-01,WX,67,Male,Eligible,,Yes,2026-07-30T20:12:28.577992
SCR-004958,CRC-GLB-301,SITE-0008,INV-0015,IND,2025-07-30,LG,25,Male,Eligible,,Yes,2026-07-30T20:12:28.577992
SCR-004959,CRC-GLB-301,SITE-0034,INV-0067,GBR,2025-02-17,JR,50,Female,Eligible,,Yes,2026-07-30T20:12:28.577992
SCR-004960,CRC-GLB-301,SITE-0023,INV-0046,USA,2025-04-19,KU,85,Female,Eligible,,Yes,2026-07-30T20:12:28.577992
SCR-004961,CRC-GLB-301,SITE-0024,INV-0047,USA,2025-04-10,JA,53,Female,Eligible,,Yes,2026-07-30T20:12:28.577992
SCR-004962,CRC-GLB-301,SITE-0047,INV-0094,DEU,2025-03-02,TW,57,Male,Eligible,,Yes,2026-07-30T20:12:28.577992
SCR-004963,CRC-GLB-301,SITE-0035,INV-0070,GBR,2025-03-17,CC,61,Female,Eligible,,Yes,2026-07-30T20:12:28.577992
SCR-004964,CRC-GLB-301,SITE-0034,INV-0068,GBR,2025-10-18,IQ,39,Male,Eligible,,Yes,2026-07-30T20:12:28.577992
SCR-004965,CRC-GLB-301,SITE-0039,INV-0077,GBR,2025-11-17,TJ,82,Male,Eligible,,Yes,2026-07-30T20:12:28.577992
SCR-004966,CRC-GLB-301,SITE-0047,INV-0093,DEU,2025-03-24,QD,70,Female,Eligible,,Yes,2026-07-30T20:12:28.577992
SCR-004967,CRC-GLB-301,SITE-0063,INV-0125,KEN,2025-12-05,KE,82,Female,Screen Failure,Abnormal Laboratory Values,Yes,2026-07-30T20:12:28.577992
SCR-004968,CRC-GLB-301,SITE-0023,INV-0046,USA,2025-08-14,SI,85,Female,Eligible,,Yes,2026-07-30T20:12:28.577992
SCR-004969,CRC-GLB-301,SITE-0048,INV-0095,DEU,2025-05-03,WB,58,Male,Screen Failure,Abnormal Laboratory Values,Yes,2026-07-30T20:12:28.577992
SCR-004970,CRC-GLB-301,SITE-0034,INV-0068,GBR,2025-11-30,BN,53,Female,Eligible,,Yes,2026-07-30T20:12:28.577992
SCR-004971,CRC-GLB-301,SITE-0023,INV-0045,USA,2025-01-25,IM,39,Female,Eligible,,Yes,2026-07-30T20:12:28.577992
SCR-004972,CRC-GLB-301,SITE-0042,INV-0083,DEU,2025-01-14,SC,50,Female,Screen Failure,Inclusion Criteria Not Met,Yes,2026-07-30T20:12:28.577992
SCR-004973,CRC-GLB-301,SITE-0039,INV-0077,GBR,2025-09-02,NR,67,Male,Eligible,,Yes,2026-07-30T20:12:28.577992
SCR-004974,CRC-GLB-301,SITE-0040,INV-0079,GBR,2025-01-25,ZQ,52,Female,Eligible,,Yes,2026-07-30T20:12:28.577992
SCR-004975,CRC-GLB-301,SITE-0002,INV-0004,IND,2025-08-04,TP,32,Male,Eligible,,Yes,2026-07-30T20:12:28.577992
SCR-004976,CRC-GLB-301,SITE-0049,INV-0098,ZAF,2025-05-05,TX,31,Male,Eligible,,Yes,2026-07-30T20:12:28.577992
SCR-004977,CRC-GLB-301,SITE-0009,INV-0018,SGP,2025-11-03,YQ,67,Female,Eligible,,Yes,2026-07-30T20:12:28.577992
SCR-004978,CRC-GLB-301,SITE-0002,INV-0004,IND,2025-02-09,WG,28,Female,Eligible,,Yes,2026-07-30T20:12:28.577992
SCR-004979,CRC-GLB-301,SITE-0002,INV-0003,IND,2025-02-25,XI,35,Male,Eligible,,Yes,2026-07-30T20:12:28.577992
SCR-004980,CRC-GLB-301,SITE-0011,INV-0022,SGP,2025-01-23,AG,24,Male,Eligible,,Yes,2026-07-30T20:12:28.577992
SCR-004981,CRC-GLB-301,SITE-0062,INV-0123,KEN,2025-09-19,ZQ,32,Male,Screen Failure,Withdrew Consent,Yes,2026-07-30T20:12:28.577992
SCR-004982,CRC-GLB-301,SITE-0008,INV-0016,IND,2025-02-10,GS,55,Male,Eligible,,Yes,2026-07-30T20:12:28.577992
SCR-004983,CRC-GLB-301,SITE-0048,INV-0095,DEU,2025-08-25,QT,75,Female,Eligible,,Yes,2026-07-30T20:12:28.577992
SCR-004984,CRC-GLB-301,SITE-0021,INV-0041,USA,2025-11-28,BC,52,Male,Screen Failure,Inclusion Criteria Not Met,Yes,2026-07-30T20:12:28.577992
SCR-004985,CRC-GLB-301,SITE-0033,INV-0066,GBR,2025-01-08,QF,80,Male,Eligible,,Yes,2026-07-30T20:12:28.577992
SCR-004986,CRC-GLB-301,SITE-0032,INV-0064,CAN,2025-02-04,SJ,65,Male,Eligible,,Yes,2026-07-30T20:12:28.577992
SCR-004987,CRC-GLB-301,SITE-0042,INV-0084,DEU,2025-08-22,ZR,73,Male,Eligible,,Yes,2026-07-30T20:12:28.577992
SCR-004988,CRC-GLB-301,SITE-0063,INV-0125,KEN,2025-10-31,FI,81,Female,Eligible,,Yes,2026-07-30T20:12:28.577992
SCR-004989,CRC-GLB-301,SITE-0061,INV-0121,KEN,2025-07-19,LA,57,Male,Eligible,,Yes,2026-07-30T20:12:28.577992
SCR-004990,CRC-GLB-301,SITE-0006,INV-0012,IND,2025-10-28,FH,31,Female,Eligible,,Yes,2026-07-30T20:12:28.577992
SCR-004991,CRC-GLB-301,SITE-0001,INV-0002,IND,2025-10-19,BG,73,Male,Screen Failure,Exclusion Criteria Met,Yes,2026-07-30T20:12:28.577992
SCR-004992,CRC-GLB-301,SITE-0018,INV-0036,USA,2025-10-10,QQ,67,Female,Eligible,,Yes,2026-07-30T20:12:28.577992
SCR-004993,CRC-GLB-301,SITE-0002,INV-0004,IND,2025-04-19,JR,68,Male,Eligible,,Yes,2026-07-30T20:12:28.577992
SCR-004994,CRC-GLB-301,SITE-0063,INV-0126,KEN,2025-02-11,UC,29,Female,Eligible,,Yes,2026-07-30T20:12:28.577992
SCR-004995,CRC-GLB-301,SITE-0017,INV-0034,USA,2025-03-26,RJ,54,Male,Eligible,,Yes,2026-07-30T20:12:28.577992
SCR-004996,CRC-GLB-301,SITE-0003,INV-0005,IND,2025-06-26,PB,62,Male,Screen Failure,Abnormal Laboratory Values,Yes,2026-07-30T20:12:28.577992
SCR-004997,CRC-GLB-301,SITE-0042,INV-0084,DEU,2025-07-11,GE,53,Male,Eligible,,Yes,2026-07-30T20:12:28.577992
SCR-004998,CRC-GLB-301,SITE-0061,INV-0122,KEN,2025-10-30,IV,71,Female,Eligible,,Yes,2026-07-30T20:12:28.577992
SCR-004999,CRC-GLB-301,SITE-0042,INV-0084,DEU,2025-09-06,WG,63,Male,Screen Failure,Exclusion Criteria Met,Yes,2026-07-30T20:12:28.577992
SCR-005000,CRC-GLB-301,SITE-0043,INV-0085,DEU,2025-03-29,EI,55,Female,Eligible,,Yes,2026-07-30T20:12:28.577992
SCR-005001,CRC-GLB-301,SITE-0059,INV-0117,KEN,2025-02-12,RU,39,Male,Eligible,,Yes,2026-07-30T20:12:28.577992
SCR-005002,CRC-GLB-301,SITE-0062,INV-0123,KEN,2025-11-15,HR,72,Female,Eligible,,Yes,2026-07-30T20:12:28.577992
SCR-005003,CRC-GLB-301,SITE-0021,INV-0041,USA,2025-09-12,GW,24,Male,Screen Failure,Withdrew Consent,Yes,2026-07-30T20:12:28.577992
SCR-005004,CRC-GLB-301,SITE-0008,INV-0015,IND,2025-12-07,NG,74,Male,Eligible,,Yes,2026-07-30T20:12:28.577992
SCR-005005,CRC-GLB-301,SITE-0008,INV-0016,IND,2025-06-25,OC,34,Female,Screen Failure,Inclusion Criteria Not Met,Yes,2026-07-30T20:12:28.577992
SCR-005006,CRC-GLB-301,SITE-0019,INV-0038,USA,2025-10-16,TM,58,Male,Eligible,,Yes,2026-07-30T20:12:28.577992
SCR-005007,CRC-GLB-301,SITE-0044,INV-0087,DEU,2025-12-29,ZR,79,Female,Eligible,,Yes,2026-07-30T20:12:28.577992
SCR-005008,CRC-GLB-301,SITE-0032,INV-0064,CAN,2025-11-11,HB,34,Female,Screen Failure,Exclusion Criteria Met,Yes,2026-07-30T20:12:28.577992
SCR-005009,CRC-GLB-301,SITE-0022,INV-0043,USA,2025-05-19,BJ,20,Female,Eligible,,Yes,2026-07-30T20:12:28.577992
SCR-005010,CRC-GLB-301,SITE-0032,INV-0063,CAN,2025-05-15,XB,85,Female,Eligible,,Yes,2026-07-30T20:12:28.577992
SCR-005011,CRC-GLB-301,SITE-0064,INV-0127,KEN,2025-08-18,DE,66,Female,Eligible,,Yes,2026-07-30T20:12:28.577992
SCR-005012,CRC-GLB-301,SITE-0025,INV-0049,CAN,2025-12-21,NH,26,Female,Eligible,,Yes,2026-07-30T20:12:28.577992
SCR-005013,CRC-GLB-301,SITE-0011,INV-0022,SGP,2025-01-25,ZF,47,Male,Eligible,,Yes,2026-07-30T20:12:28.577992
SCR-005014,CRC-GLB-301,SITE-0048,INV-0096,DEU,2025-05-25,CQ,49,Female,Eligible,,Yes,2026-07-30T20:12:28.577992
SCR-005015,CRC-GLB-301,SITE-0056,INV-0111,ZAF,2025-12-07,EA,43,Male,Eligible,,Yes,2026-07-30T20:12:28.577992
SCR-005016,CRC-GLB-301,SITE-0029,INV-0058,CAN,2025-10-11,OT,26,Male,Eligible,,Yes,2026-07-30T20:12:28.577992
SCR-005017,CRC-GLB-301,SITE-0031,INV-0062,CAN,2025-09-06,SS,70,Female,Eligible,,Yes,2026-07-30T20:12:28.577992
SCR-005018,CRC-GLB-301,SITE-0059,INV-0118,KEN,2025-08-21,GK,76,Female,Eligible,,Yes,2026-07-30T20:12:28.577992
SCR-005019,CRC-GLB-301,SITE-0040,INV-0080,GBR,2025-06-28,HQ,25,Male,Eligible,,Yes,2026-07-30T20:12:28.577992
SCR-005020,CRC-GLB-301,SITE-0033,INV-0065,GBR,2025-12-23,GJ,32,Male,Screen Failure,Abnormal Laboratory Values,Yes,2026-07-30T20:12:28.577992
SCR-005021,CRC-GLB-301,SITE-0007,INV-0013,IND,2025-07-15,QO,65,Male,Eligible,,Yes,2026-07-30T20:12:28.577992
SCR-005022,CRC-GLB-301,SITE-0031,INV-0061,CAN,2025-10-03,QT,42,Male,Eligible,,Yes,2026-07-30T20:12:28.577992
SCR-005023,CRC-GLB-301,SITE-0025,INV-0049,CAN,2025-07-06,RZ,57,Female,Screen Failure,Exclusion Criteria Met,Yes,2026-07-30T20:12:28.577992
SCR-005024,CRC-GLB-301,SITE-0044,INV-0087,DEU,2025-08-26,AJ,20,Female,Eligible,,Yes,2026-07-30T20:12:28.577992
SCR-005025,CRC-GLB-301,SITE-0018,INV-0036,USA,2025-07-17,LS,58,Male,Screen Failure,Inclusion Criteria Not Met,Yes,2026-07-30T20:12:28.577992
SCR-005026,CRC-GLB-301,SITE-0039,INV-0078,GBR,2025-09-17,ME,71,Female,Eligible,,Yes,2026-07-30T20:12:28.577992
SCR-005027,CRC-GLB-301,SITE-0032,INV-0064,CAN,2025-12-05,DS,76,Male,Eligible,,Yes,2026-07-30T20:12:28.577992
SCR-005028,CRC-GLB-301,SITE-0007,INV-0013,IND,2025-10-26,HL,59,Female,Eligible,,Yes,2026-07-30T20:12:28.577992
SCR-005029,CRC-GLB-301,SITE-0022,INV-0044,USA,2025-03-27,RE,64,Male,Eligible,,Yes,2026-07-30T20:12:28.577992
SCR-005030,CRC-GLB-301,SITE-0059,INV-0118,KEN,2025-02-27,EO,51,Male,Eligible,,Yes,2026-07-30T20:12:28.577992
SCR-005031,CRC-GLB-301,SITE-0039,INV-0078,GBR,2025-02-12,JS,26,Female,Eligible,,Yes,2026-07-30T20:12:28.577992
SCR-005032,CRC-GLB-301,SITE-0041,INV-0082,DEU,2025-12-03,ZZ,73,Female,Eligible,,Yes,2026-07-30T20:12:28.577992
SCR-005033,CRC-GLB-301,SITE-0042,INV-0083,DEU,2025-05-02,VA,51,Male,Eligible,,Yes,2026-07-30T20:12:28.577992
SCR-005034,CRC-GLB-301,SITE-0048,INV-0095,DEU,2025-06-05,WZ,85,Female,Eligible,,Yes,2026-07-30T20:12:28.577992
SCR-005035,CRC-GLB-301,SITE-0064,INV-0128,KEN,2025-06-19,GX,26,Female,Eligible,,Yes,2026-07-30T20:12:28.577992
SCR-005036,CRC-GLB-301,SITE-0063,INV-0126,KEN,2025-01-24,DR,66,Female,Eligible,,Yes,2026-07-30T20:12:28.577992
SCR-005037,CRC-GLB-301,SITE-0006,INV-0011,IND,2025-08-05,MT,61,Male,Eligible,,Yes,2026-07-30T20:12:28.577992
SCR-005038,CRC-GLB-301,SITE-0017,INV-0033,USA,2025-12-20,IB,79,Male,Screen Failure,Inclusion Criteria Not Met,Yes,2026-07-30T20:12:28.577992
SCR-005039,CRC-GLB-301,SITE-0064,INV-0127,KEN,2025-05-19,SL,49,Male,Eligible,,Yes,2026-07-30T20:12:28.577992
SCR-005040,CRC-GLB-301,SITE-0053,INV-0105,ZAF,2025-12-06,HT,34,Male,Screen Failure,Exclusion Criteria Met,Yes,2026-07-30T20:12:28.577992
SCR-005041,CRC-GLB-301,SITE-0050,INV-0100,ZAF,2025-06-29,MV,80,Female,Eligible,,Yes,2026-07-30T20:12:28.577992
SCR-005042,CRC-GLB-301,SITE-0037,INV-0073,GBR,2025-09-15,SR,43,Male,Eligible,,Yes,2026-07-30T20:12:28.577992
SCR-005043,CRC-GLB-301,SITE-0052,INV-0104,ZAF,2025-12-18,XI,29,Female,Eligible,,Yes,2026-07-30T20:12:28.577992
SCR-005044,CRC-GLB-301,SITE-0007,INV-0014,IND,2025-07-20,NN,62,Female,Eligible,,Yes,2026-07-30T20:12:28.577992
SCR-005045,CRC-GLB-301,SITE-0060,INV-0119,KEN,2025-12-21,IV,71,Male,Eligible,,Yes,2026-07-30T20:12:28.577992
SCR-005046,CRC-GLB-301,SITE-0054,INV-0108,ZAF,2025-10-14,ZX,23,Male,Eligible,,Yes,2026-07-30T20:12:28.577992
SCR-005047,CRC-GLB-301,SITE-0054,INV-0107,ZAF,2025-07-18,GQ,61,Female,Eligible,,Yes,2026-07-30T20:12:28.577992
SCR-005048,CRC-GLB-301,SITE-0041,INV-0081,DEU,2025-12-23,KW,27,Male,Eligible,,Yes,2026-07-30T20:12:28.577992
SCR-005049,CRC-GLB-301,SITE-0027,INV-0054,CAN,2025-08-01,ZE,51,Female,Eligible,,Yes,2026-07-30T20:12:28.577992
SCR-005050,CRC-GLB-301,SITE-0010,INV-0019,SGP,2025-07-11,KK,34,Male,Eligible,,Yes,2026-07-30T20:12:28.577992
SCR-005051,CRC-GLB-301,SITE-0019,INV-0038,USA,2025-10-18,LT,57,Female,Eligible,,Yes,2026-07-30T20:12:28.577992
SCR-005052,CRC-GLB-301,SITE-0063,INV-0126,KEN,2025-10-20,TN,70,Male,Screen Failure,Withdrew Consent,Yes,2026-07-30T20:12:28.577992
SCR-005053,CRC-GLB-301,SITE-0011,INV-0022,SGP,2025-04-25,BE,24,Female,Eligible,,Yes,2026-07-30T20:12:28.577992
SCR-005054,CRC-GLB-301,SITE-0027,INV-0054,CAN,2025-10-20,WZ,41,Female,Eligible,,Yes,2026-07-30T20:12:28.577992
SCR-005055,CRC-GLB-301,SITE-0011,INV-0022,SGP,2025-05-09,DA,33,Male,Eligible,,Yes,2026-07-30T20:12:28.577992
SCR-005056,CRC-GLB-301,SITE-0062,INV-0124,KEN,2025-07-27,PS,19,Male,Eligible,,Yes,2026-07-30T20:12:28.577992
SCR-005057,CRC-GLB-301,SITE-0063,INV-0126,KEN,2025-04-15,ZT,29,Female,Eligible,,Yes,2026-07-30T20:12:28.577992
SCR-005058,CRC-GLB-301,SITE-0032,INV-0064,CAN,2025-12-16,QV,64,Female,Eligible,,Yes,2026-07-30T20:12:28.577992
SCR-005059,CRC-GLB-301,SITE-0029,INV-0058,CAN,2025-01-03,KD,42,Male,Eligible,,Yes,2026-07-30T20:12:28.577992
SCR-005060,CRC-GLB-301,SITE-0053,INV-0105,ZAF,2025-06-28,KF,63,Female,Eligible,,Yes,2026-07-30T20:12:28.577992
SCR-005061,CRC-GLB-301,SITE-0059,INV-0118,KEN,2025-11-14,TE,84,Female,Screen Failure,Withdrew Consent,Yes,2026-07-30T20:12:28.577992
SCR-005062,CRC-GLB-301,SITE-0009,INV-0017,SGP,2025-01-05,VS,45,Male,Screen Failure,Abnormal Laboratory Values,Yes,2026-07-30T20:12:28.577992
SCR-005063,CRC-GLB-301,SITE-0061,INV-0121,KEN,2025-01-10,FD,85,Male,Eligible,,Yes,2026-07-30T20:12:28.577992
SCR-005064,CRC-GLB-301,SITE-0057,INV-0114,KEN,2025-12-22,ZF,59,Male,Eligible,,Yes,2026-07-30T20:12:28.577992
SCR-005065,CRC-GLB-301,SITE-0030,INV-0060,CAN,2025-07-31,CO,37,Male,Eligible,,Yes,2026-07-30T20:12:28.577992
SCR-005066,CRC-GLB-301,SITE-0032,INV-0063,CAN,2025-12-18,VW,60,Female,Eligible,,Yes,2026-07-30T20:12:28.577992
SCR-005067,CRC-GLB-301,SITE-0018,INV-0035,USA,2025-10-15,IX,26,Male,Eligible,,Yes,2026-07-30T20:12:28.577992
SCR-005068,CRC-GLB-301,SITE-0013,INV-0025,SGP,2025-09-15,TM,21,Male,Eligible,,Yes,2026-07-30T20:12:28.577992
SCR-005069,CRC-GLB-301,SITE-0051,INV-0102,ZAF,2025-07-21,FQ,56,Female,Screen Failure,Withdrew Consent,Yes,2026-07-30T20:12:28.577992
SCR-005070,CRC-GLB-301,SITE-0023,INV-0045,USA,2025-11-29,GK,59,Female,Eligible,,Yes,2026-07-30T20:12:28.577992
SCR-005071,CRC-GLB-301,SITE-0044,INV-0087,DEU,2025-04-09,FR,24,Male,Eligible,,Yes,2026-07-30T20:12:28.577992
SCR-005072,CRC-GLB-301,SITE-0036,INV-0071,GBR,2025-04-26,MF,43,Male,Eligible,,Yes,2026-07-30T20:12:28.577992
SCR-005073,CRC-GLB-301,SITE-0026,INV-0051,CAN,2025-12-30,GI,75,Female,Eligible,,Yes,2026-07-30T20:12:28.577992
SCR-005074,CRC-GLB-301,SITE-0054,INV-0108,ZAF,2025-02-20,PI,49,Male,Eligible,,Yes,2026-07-30T20:12:28.577992
SCR-005075,CRC-GLB-301,SITE-0048,INV-0096,DEU,2025-10-12,BU,34,Female,Screen Failure,Withdrew Consent,Yes,2026-07-30T20:12:28.577992
SCR-005076,CRC-GLB-301,SITE-0043,INV-0085,DEU,2025-05-26,WQ,27,Female,Eligible,,Yes,2026-07-30T20:12:28.577992
SCR-005077,CRC-GLB-301,SITE-0021,INV-0041,USA,2025-09-17,NE,18,Male,Eligible,,Yes,2026-07-30T20:12:28.577992
SCR-005078,CRC-GLB-301,SITE-0042,INV-0083,DEU,2025-05-22,PL,70,Female,Eligible,,Yes,2026-07-30T20:12:28.577992
SCR-005079,CRC-GLB-301,SITE-0012,INV-0023,SGP,2025-07-24,SK,63,Female,Eligible,,Yes,2026-07-30T20:12:28.577992
SCR-005080,CRC-GLB-301,SITE-0053,INV-0106,ZAF,2025-03-12,NZ,35,Female,Eligible,,Yes,2026-07-30T20:12:28.577992
SCR-005081,CRC-GLB-301,SITE-0014,INV-0028,SGP,2025-12-03,GY,21,Male,Eligible,,Yes,2026-07-30T20:12:28.577992
SCR-005082,CRC-GLB-301,SITE-0040,INV-0080,GBR,2025-10-25,UE,50,Female,Eligible,,Yes,2026-07-30T20:12:28.577992
SCR-005083,CRC-GLB-301,SITE-0059,INV-0118,KEN,2025-07-22,BW,73,Female,Screen Failure,Withdrew Consent,Yes,2026-07-30T20:12:28.577992
SCR-005084,CRC-GLB-301,SITE-0044,INV-0087,DEU,2025-01-18,SP,29,Female,Eligible,,Yes,2026-07-30T20:12:28.577992
SCR-005085,CRC-GLB-301,SITE-0045,INV-0090,DEU,2025-08-16,ND,44,Female,Eligible,,Yes,2026-07-30T20:12:28.577992
SCR-005086,CRC-GLB-301,SITE-0025,INV-0050,CAN,2025-01-08,YP,54,Male,Eligible,,Yes,2026-07-30T20:12:28.577992
SCR-005087,CRC-GLB-301,SITE-0020,INV-0040,USA,2025-01-16,KC,59,Male,Eligible,,Yes,2026-07-30T20:12:28.577992
SCR-005088,CRC-GLB-301,SITE-0053,INV-0105,ZAF,2025-12-28,NN,74,Male,Eligible,,Yes,2026-07-30T20:12:28.577992
SCR-005089,CRC-GLB-301,SITE-0001,INV-0001,IND,2025-01-15,XX,45,Male,Eligible,,Yes,2026-07-30T20:12:28.577992
SCR-005090,CRC-GLB-301,SITE-0009,INV-0017,SGP,2025-01-06,TP,72,Female,Eligible,,Yes,2026-07-30T20:12:28.577992
SCR-005091,CRC-GLB-301,SITE-0062,INV-0124,KEN,2025-04-23,LY,43,Female,Eligible,,Yes,2026-07-30T20:12:28.577992
SCR-005092,CRC-GLB-301,SITE-0029,INV-0058,CAN,2025-05-09,NZ,66,Female,Eligible,,Yes,2026-07-30T20:12:28.577992
SCR-005093,CRC-GLB-301,SITE-0054,INV-0108,ZAF,2025-08-24,QP,18,Female,Screen Failure,Inclusion Criteria Not Met,Yes,2026-07-30T20:12:28.577992
SCR-005094,CRC-GLB-301,SITE-0052,INV-0104,ZAF,2025-09-09,UV,42,Female,Eligible,,Yes,2026-07-30T20:12:28.577992
SCR-005095,CRC-GLB-301,SITE-0063,INV-0126,KEN,2025-01-18,IK,75,Male,Eligible,,Yes,2026-07-30T20:12:28.577992
SCR-005096,CRC-GLB-301,SITE-0032,INV-0063,CAN,2025-07-20,GP,61,Female,Eligible,,Yes,2026-07-30T20:12:28.577992
SCR-005097,CRC-GLB-301,SITE-0055,INV-0110,ZAF,2025-12-05,BJ,82,Female,Screen Failure,Exclusion Criteria Met,Yes,2026-07-30T20:12:28.577992
SCR-005098,CRC-GLB-301,SITE-0016,INV-0031,SGP,2025-03-24,IZ,35,Male,Eligible,,Yes,2026-07-30T20:12:28.577992
SCR-005099,CRC-GLB-301,SITE-0055,INV-0110,ZAF,2025-03-07,IZ,83,Male,Eligible,,Yes,2026-07-30T20:12:28.577992
SCR-005100,CRC-GLB-301,SITE-0005,INV-0010,IND,2025-09-22,BA,29,Female,Eligible,,Yes,2026-07-30T20:12:28.577992
SCR-005101,CRC-GLB-301,SITE-0050,INV-0099,ZAF,2025-06-11,PM,19,Male,Eligible,,Yes,2026-07-30T20:12:28.577992
SCR-005102,CRC-GLB-301,SITE-0004,INV-0007,IND,2025-10-24,RZ,22,Female,Eligible,,Yes,2026-07-30T20:12:28.577992
SCR-005103,CRC-GLB-301,SITE-0027,INV-0054,CAN,2025-05-12,KX,47,Female,Eligible,,Yes,2026-07-30T20:12:28.577992
SCR-005104,CRC-GLB-301,SITE-0064,INV-0128,KEN,2025-05-05,VT,47,Male,Eligible,,Yes,2026-07-30T20:12:28.577992
SCR-005105,CRC-GLB-301,SITE-0036,INV-0071,GBR,2025-04-18,CN,66,Female,Eligible,,Yes,2026-07-30T20:12:28.577992
SCR-005106,CRC-GLB-301,SITE-0009,INV-0017,SGP,2025-03-15,CY,62,Female,Eligible,,Yes,2026-07-30T20:12:28.577992
SCR-005107,CRC-GLB-301,SITE-0017,INV-0034,USA,2025-12-02,UE,26,Male,Eligible,,Yes,2026-07-30T20:12:28.577992
SCR-005108,CRC-GLB-301,SITE-0012,INV-0023,SGP,2025-04-11,TP,19,Female,Eligible,,Yes,2026-07-30T20:12:28.577992
SCR-005109,CRC-GLB-301,SITE-0022,INV-0044,USA,2025-02-02,VI,75,Male,Eligible,,Yes,2026-07-30T20:12:28.577992
SCR-005110,CRC-GLB-301,SITE-0030,INV-0059,CAN,2025-10-13,OL,71,Female,Screen Failure,Exclusion Criteria Met,Yes,2026-07-30T20:12:28.577992
SCR-005111,CRC-GLB-301,SITE-0050,INV-0100,ZAF,2025-11-20,KE,85,Female,Screen Failure,Inclusion Criteria Not Met,Yes,2026-07-30T20:12:28.577992
SCR-005112,CRC-GLB-301,SITE-0010,INV-0019,SGP,2025-01-09,QO,78,Male,Screen Failure,Abnormal Laboratory Values,Yes,2026-07-30T20:12:28.577992
SCR-005113,CRC-GLB-301,SITE-0060,INV-0120,KEN,2025-05-29,RQ,20,Male,Eligible,,Yes,2026-07-30T20:12:28.577992
SCR-005114,CRC-GLB-301,SITE-0026,INV-0052,CAN,2025-05-03,ET,44,Female,Eligible,,Yes,2026-07-30T20:12:28.577992
SCR-005115,CRC-GLB-301,SITE-0002,INV-0003,IND,2025-07-17,TG,39,Male,Eligible,,Yes,2026-07-30T20:12:28.577992
SCR-005116,CRC-GLB-301,SITE-0061,INV-0121,KEN,2025-06-28,YO,59,Male,Eligible,,Yes,2026-07-30T20:12:28.577992
SCR-005117,CRC-GLB-301,SITE-0029,INV-0057,CAN,2025-02-23,CM,71,Male,Eligible,,Yes,2026-07-30T20:12:28.577992
SCR-005118,CRC-GLB-301,SITE-0044,INV-0088,DEU,2025-08-18,KL,27,Male,Eligible,,Yes,2026-07-30T20:12:28.577992
SCR-005119,CRC-GLB-301,SITE-0018,INV-0035,USA,2025-04-27,BE,74,Female,Eligible,,Yes,2026-07-30T20:12:28.577992
SCR-005120,CRC-GLB-301,SITE-0057,INV-0114,KEN,2025-01-18,JQ,41,Male,Eligible,,Yes,2026-07-30T20:12:28.577992
SCR-005121,CRC-GLB-301,SITE-0002,INV-0003,IND,2025-08-02,AL,85,Female,Eligible,,Yes,2026-07-30T20:12:28.577992
SCR-005122,CRC-GLB-301,SITE-0015,INV-0029,SGP,2025-11-02,MY,66,Female,Screen Failure,Abnormal Laboratory Values,Yes,2026-07-30T20:12:28.577992
SCR-005123,CRC-GLB-301,SITE-0044,INV-0088,DEU,2025-02-02,EK,71,Female,Eligible,,Yes,2026-07-30T20:12:28.577992
SCR-005124,CRC-GLB-301,SITE-0034,INV-0068,GBR,2025-02-18,SI,47,Female,Eligible,,Yes,2026-07-30T20:12:28.577992
SCR-005125,CRC-GLB-301,SITE-0046,INV-0091,DEU,2025-08-16,SZ,56,Male,Screen Failure,Abnormal Laboratory Values,Yes,2026-07-30T20:12:28.577992
SCR-005126,CRC-GLB-301,SITE-0042,INV-0083,DEU,2025-08-03,RY,24,Male,Eligible,,Yes,2026-07-30T20:12:28.577992
SCR-005127,CRC-GLB-301,SITE-0047,INV-0093,DEU,2025-02-22,VI,73,Female,Eligible,,Yes,2026-07-30T20:12:28.577992
SCR-005128,CRC-GLB-301,SITE-0032,INV-0063,CAN,2025-10-06,WB,76,Female,Eligible,,Yes,2026-07-30T20:12:28.577992
SCR-005129,CRC-GLB-301,SITE-0037,INV-0074,GBR,2025-09-11,ZQ,25,Female,Eligible,,Yes,2026-07-30T20:12:28.577992
SCR-005130,CRC-GLB-301,SITE-0002,INV-0003,IND,2025-02-04,WF,73,Female,Screen Failure,Exclusion Criteria Met,Yes,2026-07-30T20:12:28.577992
SCR-005131,CRC-GLB-301,SITE-0008,INV-0015,IND,2025-09-06,IY,24,Male,Eligible,,Yes,2026-07-30T20:12:28.577992
SCR-005132,CRC-GLB-301,SITE-0039,INV-0078,GBR,2025-07-12,FG,44,Male,Eligible,,Yes,2026-07-30T20:12:28.577992
SCR-005133,CRC-GLB-301,SITE-0032,INV-0064,CAN,2025-11-16,ZJ,53,Female,Eligible,,Yes,2026-07-30T20:12:28.577992
SCR-005134,CRC-GLB-301,SITE-0058,INV-0115,KEN,2025-06-23,CW,61,Female,Eligible,,Yes,2026-07-30T20:12:28.577992
SCR-005135,CRC-GLB-301,SITE-0018,INV-0036,USA,2025-10-02,OV,43,Male,Screen Failure,Exclusion Criteria Met,Yes,2026-07-30T20:12:28.577992
SCR-005136,CRC-GLB-301,SITE-0035,INV-0069,GBR,2025-08-26,CC,85,Female,Eligible,,Yes,2026-07-30T20:12:28.577992
SCR-005137,CRC-GLB-301,SITE-0021,INV-0042,USA,2025-10-24,YY,50,Female,Eligible,,Yes,2026-07-30T20:12:28.577992
SCR-005138,CRC-GLB-301,SITE-0054,INV-0107,ZAF,2025-04-21,QA,62,Female,Eligible,,Yes,2026-07-30T20:12:28.577992
SCR-005139,CRC-GLB-301,SITE-0061,INV-0122,KEN,2025-12-22,EN,42,Male,Eligible,,Yes,2026-07-30T20:12:28.577992
SCR-005140,CRC-GLB-301,SITE-0020,INV-0039,USA,2025-02-16,US,40,Male,Screen Failure,Abnormal Laboratory Values,Yes,2026-07-30T20:12:28.577992
SCR-005141,CRC-GLB-301,SITE-0018,INV-0035,USA,2025-07-20,EG,50,Male,Eligible,,Yes,2026-07-30T20:12:28.577992
SCR-005142,CRC-GLB-301,SITE-0047,INV-0094,DEU,2025-06-24,JB,39,Female,Eligible,,Yes,2026-07-30T20:12:28.577992
SCR-005143,CRC-GLB-301,SITE-0031,INV-0061,CAN,2025-05-14,TB,47,Female,Eligible,,Yes,2026-07-30T20:12:28.577992
SCR-005144,CRC-GLB-301,SITE-0052,INV-0103,ZAF,2025-01-15,FX,82,Male,Eligible,,Yes,2026-07-30T20:12:28.577992
SCR-005145,CRC-GLB-301,SITE-0056,INV-0112,ZAF,2025-04-08,IH,19,Female,Eligible,,Yes,2026-07-30T20:12:28.577992
SCR-005146,CRC-GLB-301,SITE-0058,INV-0116,KEN,2025-08-15,CV,82,Female,Screen Failure,Abnormal Laboratory Values,Yes,2026-07-30T20:12:28.577992
SCR-005147,CRC-GLB-301,SITE-0018,INV-0035,USA,2025-04-10,DT,64,Male,Eligible,,Yes,2026-07-30T20:12:28.577992
SCR-005148,CRC-GLB-301,SITE-0054,INV-0107,ZAF,2025-10-02,IH,44,Female,Screen Failure,Withdrew Consent,Yes,2026-07-30T20:12:28.577992
SCR-005149,CRC-GLB-301,SITE-0057,INV-0114,KEN,2025-01-26,RN,40,Male,Eligible,,Yes,2026-07-30T20:12:28.577992
SCR-005150,CRC-GLB-301,SITE-0003,INV-0005,IND,2025-07-05,OE,55,Female,Eligible,,Yes,2026-07-30T20:12:28.577992
SCR-005151,CRC-GLB-301,SITE-0060,INV-0119,KEN,2025-07-21,FK,49,Male,Eligible,,Yes,2026-07-30T20:12:28.577992
SCR-005152,CRC-GLB-301,SITE-0038,INV-0076,GBR,2025-01-22,CE,68,Male,Eligible,,Yes,2026-07-30T20:12:28.577992
SCR-005153,CRC-GLB-301,SITE-0002,INV-0003,IND,2025-12-25,XI,24,Female,Screen Failure,Exclusion Criteria Met,Yes,2026-07-30T20:12:28.577992
SCR-005154,CRC-GLB-301,SITE-0064,INV-0128,KEN,2025-10-20,CC,48,Female,Eligible,,Yes,2026-07-30T20:12:28.577992
SCR-005155,CRC-GLB-301,SITE-0029,INV-0057,CAN,2025-04-28,YB,30,Female,Eligible,,Yes,2026-07-30T20:12:28.577992
SCR-005156,CRC-GLB-301,SITE-0053,INV-0105,ZAF,2025-07-12,LZ,36,Female,Eligible,,Yes,2026-07-30T20:12:28.577992
SCR-005157,CRC-GLB-301,SITE-0047,INV-0094,DEU,2025-06-06,BT,60,Female,Eligible,,Yes,2026-07-30T20:12:28.577992
SCR-005158,CRC-GLB-301,SITE-0049,INV-0097,ZAF,2025-03-25,XJ,31,Male,Eligible,,Yes,2026-07-30T20:12:28.577992
SCR-005159,CRC-GLB-301,SITE-0040,INV-0080,GBR,2025-02-10,AT,71,Male,Eligible,,Yes,2026-07-30T20:12:28.577992
SCR-005160,CRC-GLB-301,SITE-0008,INV-0015,IND,2025-07-19,XH,20,Male,Eligible,,Yes,2026-07-30T20:12:28.577992
SCR-005161,CRC-GLB-301,SITE-0057,INV-0114,KEN,2025-11-10,RF,31,Female,Eligible,,Yes,2026-07-30T20:12:28.577992
SCR-005162,CRC-GLB-301,SITE-0018,INV-0036,USA,2025-05-23,BA,67,Female,Eligible,,Yes,2026-07-30T20:12:28.577992
SCR-005163,CRC-GLB-301,SITE-0037,INV-0074,GBR,2025-08-29,WF,36,Male,Eligible,,Yes,2026-07-30T20:12:28.577992
SCR-005164,CRC-GLB-301,SITE-0056,INV-0112,ZAF,2025-01-29,WX,53,Male,Eligible,,Yes,2026-07-30T20:12:28.577992
SCR-005165,CRC-GLB-301,SITE-0028,INV-0055,CAN,2025-06-27,GG,19,Female,Eligible,,Yes,2026-07-30T20:12:28.577992
SCR-005166,CRC-GLB-301,SITE-0010,INV-0019,SGP,2025-12-18,ME,84,Female,Screen Failure,Inclusion Criteria Not Met,Yes,2026-07-30T20:12:28.577992
SCR-005167,CRC-GLB-301,SITE-0004,INV-0007,IND,2025-05-05,RA,62,Male,Eligible,,Yes,2026-07-30T20:12:28.577992
SCR-005168,CRC-GLB-301,SITE-0055,INV-0110,ZAF,2025-08-16,CO,47,Male,Eligible,,Yes,2026-07-30T20:12:28.577992
SCR-005169,CRC-GLB-301,SITE-0026,INV-0051,CAN,2025-09-13,TG,58,Female,Eligible,,Yes,2026-07-30T20:12:28.577992
SCR-005170,CRC-GLB-301,SITE-0033,INV-0065,GBR,2025-03-29,OU,39,Female,Eligible,,Yes,2026-07-30T20:12:28.577992
SCR-005171,CRC-GLB-301,SITE-0023,INV-0045,USA,2025-01-03,VE,27,Female,Eligible,,Yes,2026-07-30T20:12:28.577992
SCR-005172,CRC-GLB-301,SITE-0024,INV-0047,USA,2025-09-18,PZ,63,Male,Eligible,,Yes,2026-07-30T20:12:28.577992
SCR-005173,CRC-GLB-301,SITE-0015,INV-0030,SGP,2025-07-20,OD,38,Female,Eligible,,Yes,2026-07-30T20:12:28.577992
SCR-005174,CRC-GLB-301,SITE-0056,INV-0111,ZAF,2025-06-21,ZW,25,Female,Eligible,,Yes,2026-07-30T20:12:28.577992
SCR-005175,CRC-GLB-301,SITE-0030,INV-0059,CAN,2025-05-23,TP,47,Female,Eligible,,Yes,2026-07-30T20:12:28.577992
SCR-005176,CRC-GLB-301,SITE-0031,INV-0061,CAN,2025-12-19,TJ,39,Female,Screen Failure,Exclusion Criteria Met,Yes,2026-07-30T20:12:28.577992
SCR-005177,CRC-GLB-301,SITE-0033,INV-0066,GBR,2025-05-03,ON,54,Female,Screen Failure,Exclusion Criteria Met,Yes,2026-07-30T20:12:28.577992
SCR-005178,CRC-GLB-301,SITE-0007,INV-0013,IND,2025-09-04,QJ,44,Female,Eligible,,Yes,2026-07-30T20:12:28.577992
SCR-005179,CRC-GLB-301,SITE-0020,INV-0040,USA,2025-09-26,AF,21,Female,Eligible,,Yes,2026-07-30T20:12:28.577992
SCR-005180,CRC-GLB-301,SITE-0033,INV-0065,GBR,2025-10-12,KG,34,Male,Screen Failure,Abnormal Laboratory Values,Yes,2026-07-30T20:12:28.577992
SCR-005181,CRC-GLB-301,SITE-0041,INV-0081,DEU,2025-06-20,ZT,52,Female,Eligible,,Yes,2026-07-30T20:12:28.577992
SCR-005182,CRC-GLB-301,SITE-0014,INV-0028,SGP,2025-06-11,DD,45,Female,Screen Failure,Inclusion Criteria Not Met,Yes,2026-07-30T20:12:28.577992
SCR-005183,CRC-GLB-301,SITE-0063,INV-0125,KEN,2025-02-23,BB,50,Female,Eligible,,Yes,2026-07-30T20:12:28.577992
SCR-005184,CRC-GLB-301,SITE-0033,INV-0066,GBR,2025-10-18,CB,33,Female,Screen Failure,Exclusion Criteria Met,Yes,2026-07-30T20:12:28.577992
SCR-005185,CRC-GLB-301,SITE-0033,INV-0065,GBR,2025-01-16,FG,68,Female,Eligible,,Yes,2026-07-30T20:12:28.577992
SCR-005186,CRC-GLB-301,SITE-0051,INV-0102,ZAF,2025-04-17,MU,66,Female,Screen Failure,Withdrew Consent,Yes,2026-07-30T20:12:28.577992
SCR-005187,CRC-GLB-301,SITE-0049,INV-0097,ZAF,2025-08-15,DK,25,Female,Eligible,,Yes,2026-07-30T20:12:28.577992
SCR-005188,CRC-GLB-301,SITE-0061,INV-0122,KEN,2025-02-23,DO,18,Male,Eligible,,Yes,2026-07-30T20:12:28.577992
SCR-005189,CRC-GLB-301,SITE-0056,INV-0111,ZAF,2025-07-02,VD,54,Male,Screen Failure,Exclusion Criteria Met,Yes,2026-07-30T20:12:28.577992
SCR-005190,CRC-GLB-301,SITE-0040,INV-0079,GBR,2025-10-25,GJ,69,Male,Eligible,,Yes,2026-07-30T20:12:28.577992
SCR-005191,CRC-GLB-301,SITE-0018,INV-0036,USA,2025-11-08,UI,74,Female,Eligible,,Yes,2026-07-30T20:12:28.577992
SCR-005192,CRC-GLB-301,SITE-0017,INV-0034,USA,2025-08-03,OY,24,Male,Eligible,,Yes,2026-07-30T20:12:28.577992
SCR-005193,CRC-GLB-301,SITE-0013,INV-0026,SGP,2025-04-11,KN,76,Female,Eligible,,Yes,2026-07-30T20:12:28.577992
SCR-005194,CRC-GLB-301,SITE-0020,INV-0040,USA,2025-05-08,IM,52,Male,Screen Failure,Inclusion Criteria Not Met,Yes,2026-07-30T20:12:28.577992
SCR-005195,CRC-GLB-301,SITE-0030,INV-0059,CAN,2025-01-06,FQ,63,Male,Eligible,,Yes,2026-07-30T20:12:28.577992
SCR-005196,CRC-GLB-301,SITE-0047,INV-0093,DEU,2025-01-22,NN,62,Male,Screen Failure,Withdrew Consent,Yes,2026-07-30T20:12:28.577992
SCR-005197,CRC-GLB-301,SITE-0024,INV-0048,USA,2025-05-02,HW,29,Male,Eligible,,Yes,2026-07-30T20:12:28.577992
SCR-005198,CRC-GLB-301,SITE-0033,INV-0066,GBR,2025-06-05,LI,80,Male,Eligible,,Yes,2026-07-30T20:12:28.577992
SCR-005199,CRC-GLB-301,SITE-0058,INV-0116,KEN,2025-01-19,HP,23,Female,Eligible,,Yes,2026-07-30T20:12:28.577992
SCR-005200,CRC-GLB-301,SITE-0059,INV-0117,KEN,2025-11-05,IV,67,Female,Eligible,,Yes,2026-07-30T20:12:28.577992
SCR-005201,CRC-GLB-301,SITE-0062,INV-0124,KEN,2025-04-30,PC,22,Male,Eligible,,Yes,2026-07-30T20:12:28.577992
SCR-005202,CRC-GLB-301,SITE-0033,INV-0065,GBR,2025-08-29,FX,30,Male,Screen Failure,Abnormal Laboratory Values,Yes,2026-07-30T20:12:28.577992
SCR-005203,CRC-GLB-301,SITE-0003,INV-0006,IND,2025-02-26,SM,58,Female,Eligible,,Yes,2026-07-30T20:12:28.577992
SCR-005204,CRC-GLB-301,SITE-0036,INV-0071,GBR,2025-01-17,MS,38,Male,Eligible,,Yes,2026-07-30T20:12:28.577992
SCR-005205,CRC-GLB-301,SITE-0059,INV-0118,KEN,2025-12-13,SY,30,Female,Screen Failure,Inclusion Criteria Not Met,Yes,2026-07-30T20:12:28.577992
SCR-005206,CRC-GLB-301,SITE-0041,INV-0082,DEU,2025-04-03,GG,26,Male,Eligible,,Yes,2026-07-30T20:12:28.577992
SCR-005207,CRC-GLB-301,SITE-0005,INV-0010,IND,2025-08-14,ZX,71,Female,Screen Failure,Abnormal Laboratory Values,Yes,2026-07-30T20:12:28.577992
SCR-005208,CRC-GLB-301,SITE-0015,INV-0029,SGP,2025-07-17,IM,38,Male,Eligible,,Yes,2026-07-30T20:12:28.577992
SCR-005209,CRC-GLB-301,SITE-0019,INV-0037,USA,2025-09-09,TQ,83,Female,Screen Failure,Exclusion Criteria Met,Yes,2026-07-30T20:12:28.577992
SCR-005210,CRC-GLB-301,SITE-0022,INV-0044,USA,2025-10-23,YP,69,Male,Eligible,,Yes,2026-07-30T20:12:28.577992
SCR-005211,CRC-GLB-301,SITE-0038,INV-0075,GBR,2025-12-13,ZU,65,Male,Screen Failure,Abnormal Laboratory Values,Yes,2026-07-30T20:12:28.577992
SCR-005212,CRC-GLB-301,SITE-0060,INV-0119,KEN,2025-02-01,SH,76,Female,Eligible,,Yes,2026-07-30T20:12:28.577992
SCR-005213,CRC-GLB-301,SITE-0027,INV-0053,CAN,2025-09-29,IO,81,Male,Eligible,,Yes,2026-07-30T20:12:28.577992
SCR-005214,CRC-GLB-301,SITE-0064,INV-0127,KEN,2025-08-11,TV,50,Male,Eligible,,Yes,2026-07-30T20:12:28.577992
SCR-005215,CRC-GLB-301,SITE-0035,INV-0070,GBR,2025-01-02,AT,52,Male,Eligible,,Yes,2026-07-30T20:12:28.577992
SCR-005216,CRC-GLB-301,SITE-0057,INV-0114,KEN,2025-07-30,BG,33,Male,Eligible,,Yes,2026-07-30T20:12:28.577992
SCR-005217,CRC-GLB-301,SITE-0055,INV-0110,ZAF,2025-01-21,LZ,80,Male,Eligible,,Yes,2026-07-30T20:12:28.577992
SCR-005218,CRC-GLB-301,SITE-0053,INV-0105,ZAF,2025-04-01,TN,60,Female,Eligible,,Yes,2026-07-30T20:12:28.577992
SCR-005219,CRC-GLB-301,SITE-0020,INV-0040,USA,2025-04-16,TG,80,Male,Eligible,,Yes,2026-07-30T20:12:28.577992
SCR-005220,CRC-GLB-301,SITE-0048,INV-0095,DEU,2025-11-25,XM,42,Female,Eligible,,Yes,2026-07-30T20:12:28.577992
SCR-005221,CRC-GLB-301,SITE-0053,INV-0106,ZAF,2025-05-22,LY,83,Female,Eligible,,Yes,2026-07-30T20:12:28.577992
SCR-005222,CRC-GLB-301,SITE-0032,INV-0064,CAN,2025-02-04,XV,59,Male,Eligible,,Yes,2026-07-30T20:12:28.577992
SCR-005223,CRC-GLB-301,SITE-0019,INV-0038,USA,2025-11-28,SB,73,Female,Eligible,,Yes,2026-07-30T20:12:28.577992
SCR-005224,CRC-GLB-301,SITE-0059,INV-0117,KEN,2025-10-13,IS,18,Male,Eligible,,Yes,2026-07-30T20:12:28.577992
SCR-005225,CRC-GLB-301,SITE-0061,INV-0122,KEN,2025-04-25,SG,38,Female,Eligible,,Yes,2026-07-30T20:12:28.577992
SCR-005226,CRC-GLB-301,SITE-0049,INV-0097,ZAF,2025-01-24,HF,30,Female,Eligible,,Yes,2026-07-30T20:12:28.577992
SCR-005227,CRC-GLB-301,SITE-0051,INV-0102,ZAF,2025-08-27,JM,18,Female,Eligible,,Yes,2026-07-30T20:12:28.577992
SCR-005228,CRC-GLB-301,SITE-0015,INV-0029,SGP,2025-10-22,ZT,77,Male,Screen Failure,Withdrew Consent,Yes,2026-07-30T20:12:28.577992
SCR-005229,CRC-GLB-301,SITE-0057,INV-0114,KEN,2025-04-20,TI,70,Female,Eligible,,Yes,2026-07-30T20:12:28.577992
SCR-005230,CRC-GLB-301,SITE-0023,INV-0046,USA,2025-03-22,OP,21,Female,Eligible,,Yes,2026-07-30T20:12:28.577992
SCR-005231,CRC-GLB-301,SITE-0027,INV-0053,CAN,2025-09-07,XK,68,Male,Eligible,,Yes,2026-07-30T20:12:28.577992
SCR-005232,CRC-GLB-301,SITE-0022,INV-0044,USA,2025-01-18,DJ,49,Male,Eligible,,Yes,2026-07-30T20:12:28.577992
SCR-005233,CRC-GLB-301,SITE-0051,INV-0101,ZAF,2025-10-22,BN,71,Female,Eligible,,Yes,2026-07-30T20:12:28.577992
SCR-005234,CRC-GLB-301,SITE-0062,INV-0123,KEN,2025-06-21,KV,67,Female,Eligible,,Yes,2026-07-30T20:12:28.577992
SCR-005235,CRC-GLB-301,SITE-0021,INV-0041,USA,2025-12-16,FQ,68,Male,Eligible,,Yes,2026-07-30T20:12:28.577992
SCR-005236,CRC-GLB-301,SITE-0041,INV-0082,DEU,2025-01-17,RE,26,Male,Eligible,,Yes,2026-07-30T20:12:28.577992
SCR-005237,CRC-GLB-301,SITE-0033,INV-0065,GBR,2025-12-26,QZ,46,Male,Eligible,,Yes,2026-07-30T20:12:28.577992
SCR-005238,CRC-GLB-301,SITE-0018,INV-0035,USA,2025-12-11,BV,73,Female,Eligible,,Yes,2026-07-30T20:12:28.577992
SCR-005239,CRC-GLB-301,SITE-0057,INV-0114,KEN,2025-07-27,ZH,18,Female,Eligible,,Yes,2026-07-30T20:12:28.577992
SCR-005240,CRC-GLB-301,SITE-0030,INV-0059,CAN,2025-05-23,EZ,32,Female,Eligible,,Yes,2026-07-30T20:12:28.577992
SCR-005241,CRC-GLB-301,SITE-0036,INV-0071,GBR,2025-04-25,SY,82,Female,Screen Failure,Abnormal Laboratory Values,Yes,2026-07-30T20:12:28.577992
SCR-005242,CRC-GLB-301,SITE-0010,INV-0020,SGP,2025-10-09,RJ,26,Male,Eligible,,Yes,2026-07-30T20:12:28.577992
SCR-005243,CRC-GLB-301,SITE-0005,INV-0010,IND,2025-08-20,FD,66,Female,Eligible,,Yes,2026-07-30T20:12:28.577992
SCR-005244,CRC-GLB-301,SITE-0050,INV-0100,ZAF,2025-06-20,VD,32,Female,Screen Failure,Abnormal Laboratory Values,Yes,2026-07-30T20:12:28.577992
SCR-005245,CRC-GLB-301,SITE-0016,INV-0031,SGP,2025-08-14,AT,64,Female,Eligible,,Yes,2026-07-30T20:12:28.577992
SCR-005246,CRC-GLB-301,SITE-0002,INV-0004,IND,2025-03-22,QJ,69,Female,Eligible,,Yes,2026-07-30T20:12:28.577992
SCR-005247,CRC-GLB-301,SITE-0035,INV-0070,GBR,2025-03-06,UI,73,Male,Screen Failure,Inclusion Criteria Not Met,Yes,2026-07-30T20:12:28.577992
SCR-005248,CRC-GLB-301,SITE-0041,INV-0082,DEU,2025-07-24,GL,22,Female,Screen Failure,Exclusion Criteria Met,Yes,2026-07-30T20:12:28.577992
SCR-005249,CRC-GLB-301,SITE-0024,INV-0048,USA,2025-12-07,IJ,79,Female,Eligible,,Yes,2026-07-30T20:12:28.577992
SCR-005250,CRC-GLB-301,SITE-0047,INV-0093,DEU,2025-10-27,FW,50,Female,Eligible,,Yes,2026-07-30T20:12:28.577992
SCR-005251,CRC-GLB-301,SITE-0028,INV-0055,CAN,2025-03-30,LF,50,Female,Eligible,,Yes,2026-07-30T20:12:28.577992
SCR-005252,CRC-GLB-301,SITE-0003,INV-0005,IND,2025-08-05,RC,52,Female,Screen Failure,Withdrew Consent,Yes,2026-07-30T20:12:28.577992
SCR-005253,CRC-GLB-301,SITE-0012,INV-0024,SGP,2025-05-22,RC,37,Female,Eligible,,Yes,2026-07-30T20:12:28.577992
SCR-005254,CRC-GLB-301,SITE-0043,INV-0085,DEU,2025-03-19,VD,51,Female,Eligible,,Yes,2026-07-30T20:12:28.577992
SCR-005255,CRC-GLB-301,SITE-0006,INV-0011,IND,2025-02-24,HR,39,Female,Screen Failure,Inclusion Criteria Not Met,Yes,2026-07-30T20:12:28.577992
SCR-005256,CRC-GLB-301,SITE-0010,INV-0020,SGP,2025-01-23,UO,50,Male,Eligible,,Yes,2026-07-30T20:12:28.577992
SCR-005257,CRC-GLB-301,SITE-0058,INV-0116,KEN,2025-10-11,RX,33,Male,Eligible,,Yes,2026-07-30T20:12:28.577992
SCR-005258,CRC-GLB-301,SITE-0052,INV-0103,ZAF,2025-09-07,TP,19,Male,Eligible,,Yes,2026-07-30T20:12:28.577992
SCR-005259,CRC-GLB-301,SITE-0003,INV-0006,IND,2025-09-21,OP,19,Female,Eligible,,Yes,2026-07-30T20:12:28.577992
SCR-005260,CRC-GLB-301,SITE-0006,INV-0011,IND,2025-01-09,FH,21,Female,Screen Failure,Abnormal Laboratory Values,Yes,2026-07-30T20:12:28.577992
SCR-005261,CRC-GLB-301,SITE-0005,INV-0009,IND,2025-12-22,SB,66,Male,Eligible,,Yes,2026-07-30T20:12:28.577992
SCR-005262,CRC-GLB-301,SITE-0044,INV-0088,DEU,2025-11-21,EC,48,Male,Screen Failure,Inclusion Criteria Not Met,Yes,2026-07-30T20:12:28.577992
SCR-005263,CRC-GLB-301,SITE-0013,INV-0026,SGP,2025-12-26,KH,20,Male,Eligible,,Yes,2026-07-30T20:12:28.577992
SCR-005264,CRC-GLB-301,SITE-0010,INV-0019,SGP,2025-05-29,XZ,72,Female,Eligible,,Yes,2026-07-30T20:12:28.577992
SCR-005265,CRC-GLB-301,SITE-0019,INV-0037,USA,2025-12-28,RS,85,Male,Screen Failure,Exclusion Criteria Met,Yes,2026-07-30T20:12:28.577992
SCR-005266,CRC-GLB-301,SITE-0051,INV-0101,ZAF,2025-01-27,LV,83,Female,Eligible,,Yes,2026-07-30T20:12:28.577992
SCR-005267,CRC-GLB-301,SITE-0042,INV-0083,DEU,2025-03-30,KW,37,Male,Eligible,,Yes,2026-07-30T20:12:28.577992
SCR-005268,CRC-GLB-301,SITE-0032,INV-0063,CAN,2025-02-10,SG,73,Female,Eligible,,Yes,2026-07-30T20:12:28.577992
SCR-005269,CRC-GLB-301,SITE-0054,INV-0108,ZAF,2025-03-03,TK,80,Male,Screen Failure,Withdrew Consent,Yes,2026-07-30T20:12:28.577992
SCR-005270,CRC-GLB-301,SITE-0028,INV-0055,CAN,2025-05-27,ZQ,25,Female,Eligible,,Yes,2026-07-30T20:12:28.577992
SCR-005271,CRC-GLB-301,SITE-0031,INV-0062,CAN,2025-05-29,QK,63,Male,Eligible,,Yes,2026-07-30T20:12:28.577992
SCR-005272,CRC-GLB-301,SITE-0050,INV-0099,ZAF,2025-12-28,YW,42,Male,Eligible,,Yes,2026-07-30T20:12:28.577992
SCR-005273,CRC-GLB-301,SITE-0017,INV-0033,USA,2025-01-12,MD,52,Female,Eligible,,Yes,2026-07-30T20:12:28.577992
SCR-005274,CRC-GLB-301,SITE-0050,INV-0100,ZAF,2025-04-06,KX,64,Female,Screen Failure,Inclusion Criteria Not Met,Yes,2026-07-30T20:12:28.577992
SCR-005275,CRC-GLB-301,SITE-0063,INV-0126,KEN,2025-06-14,OD,19,Female,Eligible,,Yes,2026-07-30T20:12:28.577992
SCR-005276,CRC-GLB-301,SITE-0026,INV-0051,CAN,2025-06-09,WA,46,Female,Eligible,,Yes,2026-07-30T20:12:28.577992
SCR-005277,CRC-GLB-301,SITE-0035,INV-0070,GBR,2025-03-14,RM,85,Female,Eligible,,Yes,2026-07-30T20:12:28.577992
SCR-005278,CRC-GLB-301,SITE-0016,INV-0031,SGP,2025-01-08,LJ,66,Male,Eligible,,Yes,2026-07-30T20:12:28.577992
SCR-005279,CRC-GLB-301,SITE-0023,INV-0046,USA,2025-03-14,YL,38,Male,Screen Failure,Withdrew Consent,Yes,2026-07-30T20:12:28.577992
SCR-005280,CRC-GLB-301,SITE-0031,INV-0062,CAN,2025-10-03,GU,78,Female,Eligible,,Yes,2026-07-30T20:12:28.577992
SCR-005281,CRC-GLB-301,SITE-0030,INV-0060,CAN,2025-09-30,FT,62,Female,Screen Failure,Inclusion Criteria Not Met,Yes,2026-07-30T20:12:28.577992
SCR-005282,CRC-GLB-301,SITE-0061,INV-0121,KEN,2025-03-24,XU,35,Male,Eligible,,Yes,2026-07-30T20:12:28.577992
SCR-005283,CRC-GLB-301,SITE-0012,INV-0024,SGP,2025-09-12,CZ,71,Male,Eligible,,Yes,2026-07-30T20:12:28.577992
SCR-005284,CRC-GLB-301,SITE-0038,INV-0076,GBR,2025-03-10,TR,54,Female,Screen Failure,Inclusion Criteria Not Met,Yes,2026-07-30T20:12:28.577992
SCR-005285,CRC-GLB-301,SITE-0059,INV-0117,KEN,2025-07-06,RH,54,Male,Eligible,,Yes,2026-07-30T20:12:28.577992
SCR-005286,CRC-GLB-301,SITE-0010,INV-0019,SGP,2025-04-22,EG,33,Female,Eligible,,Yes,2026-07-30T20:12:28.577992
SCR-005287,CRC-GLB-301,SITE-0055,INV-0110,ZAF,2025-08-06,KM,50,Female,Screen Failure,Inclusion Criteria Not Met,Yes,2026-07-30T20:12:28.577992
SCR-005288,CRC-GLB-301,SITE-0062,INV-0123,KEN,2025-01-27,SC,25,Female,Eligible,,Yes,2026-07-30T20:12:28.577992
SCR-005289,CRC-GLB-301,SITE-0001,INV-0001,IND,2025-09-18,GT,40,Female,Eligible,,Yes,2026-07-30T20:12:28.577992
SCR-005290,CRC-GLB-301,SITE-0003,INV-0005,IND,2025-11-25,OM,78,Female,Eligible,,Yes,2026-07-30T20:12:28.577992
SCR-005291,CRC-GLB-301,SITE-0029,INV-0057,CAN,2025-05-25,DI,46,Male,Eligible,,Yes,2026-07-30T20:12:28.577992
SCR-005292,CRC-GLB-301,SITE-0018,INV-0036,USA,2025-03-07,JT,79,Female,Eligible,,Yes,2026-07-30T20:12:28.577992
SCR-005293,CRC-GLB-301,SITE-0024,INV-0048,USA,2025-08-22,GL,61,Male,Eligible,,Yes,2026-07-30T20:12:28.577992
SCR-005294,CRC-GLB-301,SITE-0022,INV-0043,USA,2025-12-04,UN,62,Male,Eligible,,Yes,2026-07-30T20:12:28.577992
SCR-005295,CRC-GLB-301,SITE-0012,INV-0023,SGP,2025-05-25,NL,22,Male,Eligible,,Yes,2026-07-30T20:12:28.577992
SCR-005296,CRC-GLB-301,SITE-0049,INV-0097,ZAF,2025-09-29,FV,80,Female,Eligible,,Yes,2026-07-30T20:12:28.577992
SCR-005297,CRC-GLB-301,SITE-0023,INV-0045,USA,2025-12-08,HI,49,Female,Eligible,,Yes,2026-07-30T20:12:28.577992
SCR-005298,CRC-GLB-301,SITE-0040,INV-0080,GBR,2025-09-01,BJ,49,Male,Eligible,,Yes,2026-07-30T20:12:28.577992
SCR-005299,CRC-GLB-301,SITE-0044,INV-0087,DEU,2025-03-08,QB,58,Female,Eligible,,Yes,2026-07-30T20:12:28.577992
SCR-005300,CRC-GLB-301,SITE-0053,INV-0105,ZAF,2025-08-03,SS,78,Female,Eligible,,Yes,2026-07-30T20:12:28.577992
SCR-005301,CRC-GLB-301,SITE-0053,INV-0106,ZAF,2025-09-26,RB,84,Female,Screen Failure,Withdrew Consent,Yes,2026-07-30T20:12:28.577992
SCR-005302,CRC-GLB-301,SITE-0028,INV-0056,CAN,2025-02-10,WW,59,Female,Eligible,,Yes,2026-07-30T20:12:28.577992
SCR-005303,CRC-GLB-301,SITE-0042,INV-0083,DEU,2025-12-27,ZC,60,Female,Eligible,,Yes,2026-07-30T20:12:28.577992
SCR-005304,CRC-GLB-301,SITE-0023,INV-0045,USA,2025-11-19,BQ,76,Male,Screen Failure,Abnormal Laboratory Values,Yes,2026-07-30T20:12:28.577992
SCR-005305,CRC-GLB-301,SITE-0064,INV-0128,KEN,2025-10-20,KK,43,Female,Eligible,,Yes,2026-07-30T20:12:28.577992
SCR-005306,CRC-GLB-301,SITE-0046,INV-0092,DEU,2025-10-16,YW,77,Male,Eligible,,Yes,2026-07-30T20:12:28.577992
SCR-005307,CRC-GLB-301,SITE-0062,INV-0123,KEN,2025-03-11,AO,33,Male,Eligible,,Yes,2026-07-30T20:12:28.577992
SCR-005308,CRC-GLB-301,SITE-0004,INV-0007,IND,2025-05-11,EV,71,Male,Eligible,,Yes,2026-07-30T20:12:28.577992
SCR-005309,CRC-GLB-301,SITE-0051,INV-0101,ZAF,2025-02-13,II,61,Male,Screen Failure,Abnormal Laboratory Values,Yes,2026-07-30T20:12:28.577992
SCR-005310,CRC-GLB-301,SITE-0033,INV-0065,GBR,2025-08-16,CS,19,Male,Screen Failure,Withdrew Consent,Yes,2026-07-30T20:12:28.577992
SCR-005311,CRC-GLB-301,SITE-0001,INV-0002,IND,2025-11-20,YN,79,Male,Eligible,,Yes,2026-07-30T20:12:28.577992
SCR-005312,CRC-GLB-301,SITE-0035,INV-0069,GBR,2025-12-04,EW,55,Female,Eligible,,Yes,2026-07-30T20:12:28.577992
SCR-005313,CRC-GLB-301,SITE-0055,INV-0110,ZAF,2025-11-14,HN,23,Female,Screen Failure,Exclusion Criteria Met,Yes,2026-07-30T20:12:28.577992
SCR-005314,CRC-GLB-301,SITE-0015,INV-0030,SGP,2025-10-28,MT,26,Male,Screen Failure,Inclusion Criteria Not Met,Yes,2026-07-30T20:12:28.577992
SCR-005315,CRC-GLB-301,SITE-0028,INV-0056,CAN,2025-04-16,TG,47,Female,Eligible,,Yes,2026-07-30T20:12:28.577992
SCR-005316,CRC-GLB-301,SITE-0060,INV-0120,KEN,2025-12-12,LM,74,Male,Eligible,,Yes,2026-07-30T20:12:28.577992
SCR-005317,CRC-GLB-301,SITE-0033,INV-0065,GBR,2025-07-18,UT,79,Female,Eligible,,Yes,2026-07-30T20:12:28.577992
SCR-005318,CRC-GLB-301,SITE-0007,INV-0013,IND,2025-01-05,HQ,74,Male,Screen Failure,Inclusion Criteria Not Met,Yes,2026-07-30T20:12:28.577992
SCR-005319,CRC-GLB-301,SITE-0033,INV-0065,GBR,2025-08-29,XB,41,Male,Eligible,,Yes,2026-07-30T20:12:28.577992
SCR-005320,CRC-GLB-301,SITE-0053,INV-0105,ZAF,2025-12-05,ZP,79,Female,Eligible,,Yes,2026-07-30T20:12:28.577992
SCR-005321,CRC-GLB-301,SITE-0051,INV-0102,ZAF,2025-12-29,ZP,81,Female,Eligible,,Yes,2026-07-30T20:12:28.577992
SCR-005322,CRC-GLB-301,SITE-0061,INV-0121,KEN,2025-02-16,LT,39,Female,Eligible,,Yes,2026-07-30T20:12:28.577992
SCR-005323,CRC-GLB-301,SITE-0030,INV-0060,CAN,2025-07-19,LR,49,Male,Eligible,,Yes,2026-07-30T20:12:28.577992
SCR-005324,CRC-GLB-301,SITE-0028,INV-0055,CAN,2025-04-11,KZ,65,Male,Screen Failure,Abnormal Laboratory Values,Yes,2026-07-30T20:12:28.577992
SCR-005325,CRC-GLB-301,SITE-0047,INV-0094,DEU,2025-09-30,LT,66,Female,Eligible,,Yes,2026-07-30T20:12:28.577992
SCR-005326,CRC-GLB-301,SITE-0027,INV-0054,CAN,2025-01-06,MO,29,Male,Eligible,,Yes,2026-07-30T20:12:28.577992
SCR-005327,CRC-GLB-301,SITE-0064,INV-0127,KEN,2025-09-25,RQ,56,Female,Eligible,,Yes,2026-07-30T20:12:28.577992
SCR-005328,CRC-GLB-301,SITE-0050,INV-0100,ZAF,2025-08-01,TZ,27,Male,Eligible,,Yes,2026-07-30T20:12:28.577992
SCR-005329,CRC-GLB-301,SITE-0049,INV-0097,ZAF,2025-05-14,PQ,44,Female,Eligible,,Yes,2026-07-30T20:12:28.577992
SCR-005330,CRC-GLB-301,SITE-0031,INV-0061,CAN,2025-10-21,KW,74,Female,Eligible,,Yes,2026-07-30T20:12:28.577992
SCR-005331,CRC-GLB-301,SITE-0051,INV-0102,ZAF,2025-05-11,FW,22,Female,Eligible,,Yes,2026-07-30T20:12:28.577992
SCR-005332,CRC-GLB-301,SITE-0009,INV-0018,SGP,2025-07-21,XK,20,Male,Eligible,,Yes,2026-07-30T20:12:28.577992
SCR-005333,CRC-GLB-301,SITE-0051,INV-0101,ZAF,2025-07-19,DY,24,Female,Eligible,,Yes,2026-07-30T20:12:28.577992
SCR-005334,CRC-GLB-301,SITE-0010,INV-0020,SGP,2025-05-13,BN,25,Female,Eligible,,Yes,2026-07-30T20:12:28.577992
SCR-005335,CRC-GLB-301,SITE-0014,INV-0027,SGP,2025-12-01,JW,43,Female,Screen Failure,Exclusion Criteria Met,Yes,2026-07-30T20:12:28.577992
SCR-005336,CRC-GLB-301,SITE-0032,INV-0064,CAN,2025-03-23,MQ,38,Female,Screen Failure,Abnormal Laboratory Values,Yes,2026-07-30T20:12:28.577992
SCR-005337,CRC-GLB-301,SITE-0051,INV-0102,ZAF,2025-08-24,MB,64,Female,Eligible,,Yes,2026-07-30T20:12:28.577992
SCR-005338,CRC-GLB-301,SITE-0005,INV-0010,IND,2025-02-15,ZS,67,Male,Eligible,,Yes,2026-07-30T20:12:28.577992
SCR-005339,CRC-GLB-301,SITE-0042,INV-0084,DEU,2025-09-02,AR,49,Male,Screen Failure,Exclusion Criteria Met,Yes,2026-07-30T20:12:28.577992
SCR-005340,CRC-GLB-301,SITE-0014,INV-0027,SGP,2025-03-07,KO,78,Female,Eligible,,Yes,2026-07-30T20:12:28.577992
SCR-005341,CRC-GLB-301,SITE-0054,INV-0107,ZAF,2025-02-02,GT,54,Male,Screen Failure,Exclusion Criteria Met,Yes,2026-07-30T20:12:28.577992
SCR-005342,CRC-GLB-301,SITE-0047,INV-0094,DEU,2025-02-12,ST,26,Female,Screen Failure,Withdrew Consent,Yes,2026-07-30T20:12:28.577992
SCR-005343,CRC-GLB-301,SITE-0023,INV-0046,USA,2025-02-02,SJ,70,Male,Eligible,,Yes,2026-07-30T20:12:28.577992
SCR-005344,CRC-GLB-301,SITE-0061,INV-0122,KEN,2025-12-08,ZJ,38,Male,Eligible,,Yes,2026-07-30T20:12:28.577992
SCR-005345,CRC-GLB-301,SITE-0029,INV-0058,CAN,2025-03-08,RI,80,Male,Screen Failure,Abnormal Laboratory Values,Yes,2026-07-30T20:12:28.577992
SCR-005346,CRC-GLB-301,SITE-0056,INV-0111,ZAF,2025-01-03,UD,36,Male,Eligible,,Yes,2026-07-30T20:12:28.577992
SCR-005347,CRC-GLB-301,SITE-0029,INV-0057,CAN,2025-07-02,YO,74,Female,Eligible,,Yes,2026-07-30T20:12:28.577992
SCR-005348,CRC-GLB-301,SITE-0014,INV-0028,SGP,2025-04-10,JX,70,Female,Eligible,,Yes,2026-07-30T20:12:28.577992
SCR-005349,CRC-GLB-301,SITE-0063,INV-0125,KEN,2025-07-30,NI,81,Female,Eligible,,Yes,2026-07-30T20:12:28.577992
SCR-005350,CRC-GLB-301,SITE-0053,INV-0106,ZAF,2025-12-13,JA,37,Male,Eligible,,Yes,2026-07-30T20:12:28.577992
SCR-005351,CRC-GLB-301,SITE-0014,INV-0027,SGP,2025-03-04,ZY,24,Male,Eligible,,Yes,2026-07-30T20:12:28.577992
SCR-005352,CRC-GLB-301,SITE-0062,INV-0124,KEN,2025-06-08,VY,21,Female,Screen Failure,Withdrew Consent,Yes,2026-07-30T20:12:28.577992
SCR-005353,CRC-GLB-301,SITE-0015,INV-0029,SGP,2025-06-13,NC,71,Female,Eligible,,Yes,2026-07-30T20:12:28.577992
SCR-005354,CRC-GLB-301,SITE-0063,INV-0126,KEN,2025-05-10,MC,45,Female,Eligible,,Yes,2026-07-30T20:12:28.577992
SCR-005355,CRC-GLB-301,SITE-0055,INV-0110,ZAF,2025-04-10,VU,55,Female,Eligible,,Yes,2026-07-30T20:12:28.577992
SCR-005356,CRC-GLB-301,SITE-0043,INV-0085,DEU,2025-04-23,GV,74,Female,Eligible,,Yes,2026-07-30T20:12:28.577992
SCR-005357,CRC-GLB-301,SITE-0053,INV-0105,ZAF,2025-04-12,YP,36,Male,Eligible,,Yes,2026-07-30T20:12:28.577992
SCR-005358,CRC-GLB-301,SITE-0056,INV-0111,ZAF,2025-11-12,YI,41,Male,Screen Failure,Inclusion Criteria Not Met,Yes,2026-07-30T20:12:28.577992
SCR-005359,CRC-GLB-301,SITE-0063,INV-0126,KEN,2025-10-09,XM,54,Female,Screen Failure,Exclusion Criteria Met,Yes,2026-07-30T20:12:28.577992
SCR-005360,CRC-GLB-301,SITE-0007,INV-0014,IND,2025-03-26,CH,58,Male,Eligible,,Yes,2026-07-30T20:12:28.577992
SCR-005361,CRC-GLB-301,SITE-0033,INV-0066,GBR,2025-03-08,TA,79,Female,Eligible,,Yes,2026-07-30T20:12:28.577992
SCR-005362,CRC-GLB-301,SITE-0021,INV-0041,USA,2025-05-19,JP,75,Male,Eligible,,Yes,2026-07-30T20:12:28.577992
SCR-005363,CRC-GLB-301,SITE-0053,INV-0106,ZAF,2025-01-09,OT,58,Male,Eligible,,Yes,2026-07-30T20:12:28.577992
SCR-005364,CRC-GLB-301,SITE-0012,INV-0024,SGP,2025-06-02,MS,67,Female,Eligible,,Yes,2026-07-30T20:12:28.577992
SCR-005365,CRC-GLB-301,SITE-0047,INV-0093,DEU,2025-11-11,LN,62,Female,Eligible,,Yes,2026-07-30T20:12:28.577992
SCR-005366,CRC-GLB-301,SITE-0039,INV-0078,GBR,2025-08-20,DC,50,Female,Screen Failure,Abnormal Laboratory Values,Yes,2026-07-30T20:12:28.577992
SCR-005367,CRC-GLB-301,SITE-0034,INV-0068,GBR,2025-02-03,XG,58,Male,Eligible,,Yes,2026-07-30T20:12:28.577992
SCR-005368,CRC-GLB-301,SITE-0044,INV-0088,DEU,2025-05-09,MM,48,Female,Eligible,,Yes,2026-07-30T20:12:28.577992
SCR-005369,CRC-GLB-301,SITE-0021,INV-0041,USA,2025-03-14,FH,76,Female,Eligible,,Yes,2026-07-30T20:12:28.577992
SCR-005370,CRC-GLB-301,SITE-0048,INV-0096,DEU,2025-02-07,UX,28,Female,Eligible,,Yes,2026-07-30T20:12:28.577992
SCR-005371,CRC-GLB-301,SITE-0043,INV-0086,DEU,2025-09-10,PR,46,Male,Eligible,,Yes,2026-07-30T20:12:28.577992
SCR-005372,CRC-GLB-301,SITE-0024,INV-0047,USA,2025-11-24,UX,59,Male,Eligible,,Yes,2026-07-30T20:12:28.577992
SCR-005373,CRC-GLB-301,SITE-0041,INV-0082,DEU,2025-06-29,TL,66,Female,Eligible,,Yes,2026-07-30T20:12:28.577992
SCR-005374,CRC-GLB-301,SITE-0047,INV-0094,DEU,2025-06-15,SB,46,Female,Screen Failure,Inclusion Criteria Not Met,Yes,2026-07-30T20:12:28.577992
SCR-005375,CRC-GLB-301,SITE-0039,INV-0077,GBR,2025-05-29,KW,78,Male,Eligible,,Yes,2026-07-30T20:12:28.577992
SCR-005376,CRC-GLB-301,SITE-0018,INV-0035,USA,2025-05-07,YX,70,Female,Screen Failure,Exclusion Criteria Met,Yes,2026-07-30T20:12:28.577992
SCR-005377,CRC-GLB-301,SITE-0031,INV-0061,CAN,2025-07-10,WF,65,Female,Eligible,,Yes,2026-07-30T20:12:28.577992
SCR-005378,CRC-GLB-301,SITE-0041,INV-0081,DEU,2025-10-20,KV,82,Male,Eligible,,Yes,2026-07-30T20:12:28.577992
SCR-005379,CRC-GLB-301,SITE-0016,INV-0032,SGP,2025-09-26,MM,59,Female,Screen Failure,Inclusion Criteria Not Met,Yes,2026-07-30T20:12:28.577992
SCR-005380,CRC-GLB-301,SITE-0019,INV-0038,USA,2025-04-08,MY,49,Male,Eligible,,Yes,2026-07-30T20:12:28.577992
SCR-005381,CRC-GLB-301,SITE-0061,INV-0122,KEN,2025-04-23,PV,49,Female,Eligible,,Yes,2026-07-30T20:12:28.577992
SCR-005382,CRC-GLB-301,SITE-0050,INV-0100,ZAF,2025-01-14,OR,81,Female,Eligible,,Yes,2026-07-30T20:12:28.577992
SCR-005383,CRC-GLB-301,SITE-0043,INV-0085,DEU,2025-01-29,RH,64,Male,Eligible,,Yes,2026-07-30T20:12:28.577992
SCR-005384,CRC-GLB-301,SITE-0057,INV-0113,KEN,2025-11-04,KY,21,Male,Eligible,,Yes,2026-07-30T20:12:28.577992
SCR-005385,CRC-GLB-301,SITE-0003,INV-0006,IND,2025-11-10,GE,36,Female,Eligible,,Yes,2026-07-30T20:12:28.577992
SCR-005386,CRC-GLB-301,SITE-0046,INV-0091,DEU,2025-08-18,NI,67,Male,Eligible,,Yes,2026-07-30T20:12:28.577992
SCR-005387,CRC-GLB-301,SITE-0003,INV-0006,IND,2025-11-15,HC,62,Female,Eligible,,Yes,2026-07-30T20:12:28.577992
SCR-005388,CRC-GLB-301,SITE-0064,INV-0127,KEN,2025-08-23,LF,74,Male,Screen Failure,Inclusion Criteria Not Met,Yes,2026-07-30T20:12:28.577992
SCR-005389,CRC-GLB-301,SITE-0036,INV-0072,GBR,2025-10-11,CW,76,Male,Eligible,,Yes,2026-07-30T20:12:28.577992
SCR-005390,CRC-GLB-301,SITE-0039,INV-0077,GBR,2025-06-18,ST,18,Female,Screen Failure,Withdrew Consent,Yes,2026-07-30T20:12:28.577992
SCR-005391,CRC-GLB-301,SITE-0026,INV-0052,CAN,2025-06-23,QM,73,Male,Eligible,,Yes,2026-07-30T20:12:28.577992
SCR-005392,CRC-GLB-301,SITE-0048,INV-0095,DEU,2025-08-21,TZ,62,Male,Eligible,,Yes,2026-07-30T20:12:28.577992
SCR-005393,CRC-GLB-301,SITE-0025,INV-0049,CAN,2025-11-07,KE,34,Male,Screen Failure,Withdrew Consent,Yes,2026-07-30T20:12:28.577992
SCR-005394,CRC-GLB-301,SITE-0041,INV-0082,DEU,2025-10-08,GL,21,Male,Eligible,,Yes,2026-07-30T20:12:28.577992
SCR-005395,CRC-GLB-301,SITE-0062,INV-0124,KEN,2025-04-25,LW,37,Male,Eligible,,Yes,2026-07-30T20:12:28.577992
SCR-005396,CRC-GLB-301,SITE-0037,INV-0073,GBR,2025-06-08,CM,79,Male,Eligible,,Yes,2026-07-30T20:12:28.577992
SCR-005397,CRC-GLB-301,SITE-0001,INV-0002,IND,2025-12-19,EA,85,Female,Eligible,,Yes,2026-07-30T20:12:28.577992
SCR-005398,CRC-GLB-301,SITE-0028,INV-0055,CAN,2025-07-28,OR,82,Male,Eligible,,Yes,2026-07-30T20:12:28.577992
SCR-005399,CRC-GLB-301,SITE-0055,INV-0109,ZAF,2025-08-05,LF,68,Female,Eligible,,Yes,2026-07-30T20:12:28.577992
SCR-005400,CRC-GLB-301,SITE-0044,INV-0088,DEU,2025-07-24,MJ,62,Female,Screen Failure,Inclusion Criteria Not Met,Yes,2026-07-30T20:12:28.577992
SCR-005401,CRC-GLB-301,SITE-0058,INV-0115,KEN,2025-06-17,HV,58,Female,Eligible,,Yes,2026-07-30T20:12:28.577992
SCR-005402,CRC-GLB-301,SITE-0062,INV-0123,KEN,2025-01-07,HE,82,Male,Screen Failure,Abnormal Laboratory Values,Yes,2026-07-30T20:12:28.577992
SCR-005403,CRC-GLB-301,SITE-0004,INV-0008,IND,2025-09-28,LF,80,Female,Screen Failure,Abnormal Laboratory Values,Yes,2026-07-30T20:12:28.577992
SCR-005404,CRC-GLB-301,SITE-0047,INV-0094,DEU,2025-11-19,DN,37,Female,Eligible,,Yes,2026-07-30T20:12:28.577992
SCR-005405,CRC-GLB-301,SITE-0015,INV-0029,SGP,2025-05-27,CB,77,Female,Eligible,,Yes,2026-07-30T20:12:28.577992
SCR-005406,CRC-GLB-301,SITE-0032,INV-0063,CAN,2025-07-14,AR,72,Male,Screen Failure,Withdrew Consent,Yes,2026-07-30T20:12:28.577992
SCR-005407,CRC-GLB-301,SITE-0012,INV-0024,SGP,2025-11-19,JL,47,Female,Screen Failure,Abnormal Laboratory Values,Yes,2026-07-30T20:12:28.577992
SCR-005408,CRC-GLB-301,SITE-0003,INV-0006,IND,2025-08-14,RJ,23,Male,Eligible,,Yes,2026-07-30T20:12:28.577992
SCR-005409,CRC-GLB-301,SITE-0040,INV-0080,GBR,2025-10-10,HY,35,Male,Eligible,,Yes,2026-07-30T20:12:28.577992
SCR-005410,CRC-GLB-301,SITE-0062,INV-0123,KEN,2025-07-27,WO,22,Female,Eligible,,Yes,2026-07-30T20:12:28.577992
SCR-005411,CRC-GLB-301,SITE-0040,INV-0080,GBR,2025-11-16,GL,62,Male,Eligible,,Yes,2026-07-30T20:12:28.577992
SCR-005412,CRC-GLB-301,SITE-0029,INV-0058,CAN,2025-04-19,OK,80,Male,Eligible,,Yes,2026-07-30T20:12:28.577992
SCR-005413,CRC-GLB-301,SITE-0022,INV-0044,USA,2025-07-05,IN,30,Female,Eligible,,Yes,2026-07-30T20:12:28.577992
SCR-005414,CRC-GLB-301,SITE-0005,INV-0009,IND,2025-05-01,JU,55,Male,Eligible,,Yes,2026-07-30T20:12:28.577992
SCR-005415,CRC-GLB-301,SITE-0034,INV-0068,GBR,2025-11-28,QU,70,Female,Eligible,,Yes,2026-07-30T20:12:28.577992
SCR-005416,CRC-GLB-301,SITE-0032,INV-0063,CAN,2025-01-21,SG,45,Male,Eligible,,Yes,2026-07-30T20:12:28.577992
SCR-005417,CRC-GLB-301,SITE-0035,INV-0070,GBR,2025-09-11,QV,31,Female,Eligible,,Yes,2026-07-30T20:12:28.577992
SCR-005418,CRC-GLB-301,SITE-0002,INV-0004,IND,2025-02-26,TB,82,Female,Eligible,,Yes,2026-07-30T20:12:28.577992
SCR-005419,CRC-GLB-301,SITE-0027,INV-0053,CAN,2025-09-12,VY,82,Male,Eligible,,Yes,2026-07-30T20:12:28.577992
SCR-005420,CRC-GLB-301,SITE-0051,INV-0102,ZAF,2025-10-01,XC,20,Male,Eligible,,Yes,2026-07-30T20:12:28.577992
SCR-005421,CRC-GLB-301,SITE-0038,INV-0076,GBR,2025-11-05,CE,30,Female,Eligible,,Yes,2026-07-30T20:12:28.577992
SCR-005422,CRC-GLB-301,SITE-0007,INV-0013,IND,2025-07-15,GG,70,Female,Eligible,,Yes,2026-07-30T20:12:28.577992
SCR-005423,CRC-GLB-301,SITE-0020,INV-0040,USA,2025-04-29,CW,46,Female,Screen Failure,Withdrew Consent,Yes,2026-07-30T20:12:28.577992
SCR-005424,CRC-GLB-301,SITE-0014,INV-0027,SGP,2025-08-14,KN,68,Male,Eligible,,Yes,2026-07-30T20:12:28.577992
SCR-005425,CRC-GLB-301,SITE-0021,INV-0042,USA,2025-09-13,UQ,57,Female,Eligible,,Yes,2026-07-30T20:12:28.577992
SCR-005426,CRC-GLB-301,SITE-0036,INV-0072,GBR,2025-01-20,OQ,82,Female,Eligible,,Yes,2026-07-30T20:12:28.577992
SCR-005427,CRC-GLB-301,SITE-0016,INV-0032,SGP,2025-11-30,FT,81,Male,Screen Failure,Exclusion Criteria Met,Yes,2026-07-30T20:12:28.577992
SCR-005428,CRC-GLB-301,SITE-0055,INV-0109,ZAF,2025-05-23,EY,28,Female,Eligible,,Yes,2026-07-30T20:12:28.577992
SCR-005429,CRC-GLB-301,SITE-0033,INV-0066,GBR,2025-02-14,XI,51,Female,Eligible,,Yes,2026-07-30T20:12:28.577992
SCR-005430,CRC-GLB-301,SITE-0014,INV-0028,SGP,2025-04-05,LH,62,Male,Eligible,,Yes,2026-07-30T20:12:28.577992
SCR-005431,CRC-GLB-301,SITE-0054,INV-0108,ZAF,2025-07-08,GR,32,Male,Eligible,,Yes,2026-07-30T20:12:28.577992
SCR-005432,CRC-GLB-301,SITE-0060,INV-0119,KEN,2025-05-11,PM,72,Male,Eligible,,Yes,2026-07-30T20:12:28.577992
SCR-005433,CRC-GLB-301,SITE-0003,INV-0005,IND,2025-10-08,VL,68,Female,Eligible,,Yes,2026-07-30T20:12:28.577992
SCR-005434,CRC-GLB-301,SITE-0022,INV-0044,USA,2025-03-30,VR,18,Female,Eligible,,Yes,2026-07-30T20:12:28.577992
SCR-005435,CRC-GLB-301,SITE-0037,INV-0073,GBR,2025-06-09,LV,52,Male,Eligible,,Yes,2026-07-30T20:12:28.577992
SCR-005436,CRC-GLB-301,SITE-0022,INV-0044,USA,2025-12-22,DJ,54,Male,Eligible,,Yes,2026-07-30T20:12:28.577992
SCR-005437,CRC-GLB-301,SITE-0042,INV-0084,DEU,2025-06-24,KO,36,Female,Eligible,,Yes,2026-07-30T20:12:28.577992
SCR-005438,CRC-GLB-301,SITE-0020,INV-0039,USA,2025-10-01,GD,64,Female,Screen Failure,Exclusion Criteria Met,Yes,2026-07-30T20:12:28.577992
SCR-005439,CRC-GLB-301,SITE-0010,INV-0019,SGP,2025-10-22,RH,34,Female,Eligible,,Yes,2026-07-30T20:12:28.577992
SCR-005440,CRC-GLB-301,SITE-0019,INV-0038,USA,2025-01-04,JX,82,Male,Screen Failure,Abnormal Laboratory Values,Yes,2026-07-30T20:12:28.577992
SCR-005441,CRC-GLB-301,SITE-0036,INV-0071,GBR,2025-12-23,AE,27,Male,Eligible,,Yes,2026-07-30T20:12:28.577992
SCR-005442,CRC-GLB-301,SITE-0051,INV-0101,ZAF,2025-04-16,HR,41,Male,Eligible,,Yes,2026-07-30T20:12:28.577992
SCR-005443,CRC-GLB-301,SITE-0063,INV-0125,KEN,2025-05-08,DM,75,Male,Eligible,,Yes,2026-07-30T20:12:28.577992
SCR-005444,CRC-GLB-301,SITE-0032,INV-0063,CAN,2025-03-06,LX,72,Female,Screen Failure,Withdrew Consent,Yes,2026-07-30T20:12:28.577992
SCR-005445,CRC-GLB-301,SITE-0038,INV-0076,GBR,2025-11-11,IN,83,Male,Eligible,,Yes,2026-07-30T20:12:28.577992
SCR-005446,CRC-GLB-301,SITE-0038,INV-0076,GBR,2025-10-03,ZQ,76,Female,Eligible,,Yes,2026-07-30T20:12:28.577992
SCR-005447,CRC-GLB-301,SITE-0020,INV-0040,USA,2025-05-18,PF,27,Male,Eligible,,Yes,2026-07-30T20:12:28.577992
SCR-005448,CRC-GLB-301,SITE-0054,INV-0108,ZAF,2025-06-27,QM,69,Female,Eligible,,Yes,2026-07-30T20:12:28.577992
SCR-005449,CRC-GLB-301,SITE-0034,INV-0067,GBR,2025-12-18,IK,72,Female,Eligible,,Yes,2026-07-30T20:12:28.577992
SCR-005450,CRC-GLB-301,SITE-0027,INV-0053,CAN,2025-01-17,EK,44,Male,Eligible,,Yes,2026-07-30T20:12:28.577992
SCR-005451,CRC-GLB-301,SITE-0062,INV-0124,KEN,2025-11-02,AG,23,Male,Eligible,,Yes,2026-07-30T20:12:28.577992
SCR-005452,CRC-GLB-301,SITE-0029,INV-0057,CAN,2025-04-13,CI,30,Male,Eligible,,Yes,2026-07-30T20:12:28.577992
SCR-005453,CRC-GLB-301,SITE-0014,INV-0028,SGP,2025-07-26,HV,38,Male,Eligible,,Yes,2026-07-30T20:12:28.577992
SCR-005454,CRC-GLB-301,SITE-0055,INV-0109,ZAF,2025-10-03,BD,46,Female,Eligible,,Yes,2026-07-30T20:12:28.577992
SCR-005455,CRC-GLB-301,SITE-0025,INV-0049,CAN,2025-02-26,JU,48,Female,Eligible,,Yes,2026-07-30T20:12:28.577992
SCR-005456,CRC-GLB-301,SITE-0013,INV-0026,SGP,2025-09-06,GV,58,Male,Eligible,,Yes,2026-07-30T20:12:28.577992
SCR-005457,CRC-GLB-301,SITE-0003,INV-0006,IND,2025-08-07,AK,41,Male,Eligible,,Yes,2026-07-30T20:12:28.577992
SCR-005458,CRC-GLB-301,SITE-0049,INV-0098,ZAF,2025-01-31,HA,36,Female,Eligible,,Yes,2026-07-30T20:12:28.577992
SCR-005459,CRC-GLB-301,SITE-0023,INV-0045,USA,2025-09-11,OP,36,Female,Screen Failure,Abnormal Laboratory Values,Yes,2026-07-30T20:12:28.577992
SCR-005460,CRC-GLB-301,SITE-0014,INV-0027,SGP,2025-11-25,CU,49,Female,Screen Failure,Withdrew Consent,Yes,2026-07-30T20:12:28.577992
SCR-005461,CRC-GLB-301,SITE-0006,INV-0012,IND,2025-02-03,BH,27,Female,Screen Failure,Exclusion Criteria Met,Yes,2026-07-30T20:12:28.577992
SCR-005462,CRC-GLB-301,SITE-0062,INV-0124,KEN,2025-11-30,AD,85,Male,Eligible,,Yes,2026-07-30T20:12:28.577992
SCR-005463,CRC-GLB-301,SITE-0005,INV-0010,IND,2025-11-25,JW,72,Female,Eligible,,Yes,2026-07-30T20:12:28.577992
SCR-005464,CRC-GLB-301,SITE-0054,INV-0108,ZAF,2025-01-26,ZF,29,Female,Eligible,,Yes,2026-07-30T20:12:28.577992
SCR-005465,CRC-GLB-301,SITE-0021,INV-0041,USA,2025-05-29,BY,78,Male,Eligible,,Yes,2026-07-30T20:12:28.577992
SCR-005466,CRC-GLB-301,SITE-0007,INV-0014,IND,2025-02-12,YT,20,Male,Eligible,,Yes,2026-07-30T20:12:28.577992
SCR-005467,CRC-GLB-301,SITE-0002,INV-0003,IND,2025-01-14,XI,68,Male,Eligible,,Yes,2026-07-30T20:12:28.577992
SCR-005468,CRC-GLB-301,SITE-0051,INV-0101,ZAF,2025-01-04,QZ,54,Female,Screen Failure,Withdrew Consent,Yes,2026-07-30T20:12:28.577992
SCR-005469,CRC-GLB-301,SITE-0037,INV-0074,GBR,2025-11-16,NN,85,Male,Screen Failure,Withdrew Consent,Yes,2026-07-30T20:12:28.577992
SCR-005470,CRC-GLB-301,SITE-0009,INV-0017,SGP,2025-03-28,MN,60,Male,Eligible,,Yes,2026-07-30T20:12:28.577992
SCR-005471,CRC-GLB-301,SITE-0020,INV-0039,USA,2025-03-30,DL,40,Female,Eligible,,Yes,2026-07-30T20:12:28.577992
SCR-005472,CRC-GLB-301,SITE-0033,INV-0065,GBR,2025-02-27,HR,49,Female,Eligible,,Yes,2026-07-30T20:12:28.577992
SCR-005473,CRC-GLB-301,SITE-0063,INV-0126,KEN,2025-05-30,GC,69,Female,Eligible,,Yes,2026-07-30T20:12:28.577992
SCR-005474,CRC-GLB-301,SITE-0047,INV-0094,DEU,2025-08-21,OB,40,Female,Eligible,,Yes,2026-07-30T20:12:28.577992
SCR-005475,CRC-GLB-301,SITE-0055,INV-0109,ZAF,2025-07-24,KP,84,Male,Eligible,,Yes,2026-07-30T20:12:28.577992
SCR-005476,CRC-GLB-301,SITE-0062,INV-0124,KEN,2025-07-04,ZQ,20,Female,Eligible,,Yes,2026-07-30T20:12:28.577992
SCR-005477,CRC-GLB-301,SITE-0044,INV-0087,DEU,2025-10-04,MB,81,Female,Eligible,,Yes,2026-07-30T20:12:28.577992
SCR-005478,CRC-GLB-301,SITE-0005,INV-0009,IND,2025-04-07,DU,30,Male,Eligible,,Yes,2026-07-30T20:12:28.577992
SCR-005479,CRC-GLB-301,SITE-0030,INV-0060,CAN,2025-10-28,SA,42,Male,Eligible,,Yes,2026-07-30T20:12:28.577992
SCR-005480,CRC-GLB-301,SITE-0031,INV-0061,CAN,2025-07-11,RP,51,Male,Eligible,,Yes,2026-07-30T20:12:28.577992
SCR-005481,CRC-GLB-301,SITE-0015,INV-0029,SGP,2025-06-09,KC,43,Male,Screen Failure,Inclusion Criteria Not Met,Yes,2026-07-30T20:12:28.577992
SCR-005482,CRC-GLB-301,SITE-0042,INV-0083,DEU,2025-01-04,WL,40,Female,Eligible,,Yes,2026-07-30T20:12:28.577992
SCR-005483,CRC-GLB-301,SITE-0007,INV-0013,IND,2025-02-09,ZT,34,Female,Eligible,,Yes,2026-07-30T20:12:28.577992
SCR-005484,CRC-GLB-301,SITE-0052,INV-0103,ZAF,2025-04-29,DC,24,Male,Eligible,,Yes,2026-07-30T20:12:28.577992
SCR-005485,CRC-GLB-301,SITE-0025,INV-0049,CAN,2025-01-04,BC,75,Male,Eligible,,Yes,2026-07-30T20:12:28.577992
SCR-005486,CRC-GLB-301,SITE-0038,INV-0076,GBR,2025-05-09,BT,64,Male,Screen Failure,Withdrew Consent,Yes,2026-07-30T20:12:28.577992
SCR-005487,CRC-GLB-301,SITE-0010,INV-0019,SGP,2025-01-03,VT,60,Female,Eligible,,Yes,2026-07-30T20:12:28.577992
SCR-005488,CRC-GLB-301,SITE-0057,INV-0113,KEN,2025-11-23,JU,46,Female,Eligible,,Yes,2026-07-30T20:12:28.577992
SCR-005489,CRC-GLB-301,SITE-0048,INV-0095,DEU,2025-08-30,UG,41,Female,Eligible,,Yes,2026-07-30T20:12:28.577992
SCR-005490,CRC-GLB-301,SITE-0015,INV-0029,SGP,2025-03-18,SU,85,Female,Screen Failure,Inclusion Criteria Not Met,Yes,2026-07-30T20:12:28.577992
SCR-005491,CRC-GLB-301,SITE-0062,INV-0123,KEN,2025-01-28,KI,72,Male,Eligible,,Yes,2026-07-30T20:12:28.577992
SCR-005492,CRC-GLB-301,SITE-0022,INV-0044,USA,2025-10-25,EF,75,Female,Eligible,,Yes,2026-07-30T20:12:28.577992
SCR-005493,CRC-GLB-301,SITE-0057,INV-0114,KEN,2025-02-11,RP,65,Female,Eligible,,Yes,2026-07-30T20:12:28.577992
SCR-005494,CRC-GLB-301,SITE-0011,INV-0022,SGP,2025-06-22,ED,81,Female,Eligible,,Yes,2026-07-30T20:12:28.577992
SCR-005495,CRC-GLB-301,SITE-0045,INV-0089,DEU,2025-07-21,ZI,77,Male,Eligible,,Yes,2026-07-30T20:12:28.577992
SCR-005496,CRC-GLB-301,SITE-0052,INV-0103,ZAF,2025-02-20,MC,32,Male,Eligible,,Yes,2026-07-30T20:12:28.577992
SCR-005497,CRC-GLB-301,SITE-0009,INV-0018,SGP,2025-03-25,SD,55,Female,Eligible,,Yes,2026-07-30T20:12:28.577992
SCR-005498,CRC-GLB-301,SITE-0047,INV-0094,DEU,2025-08-14,FX,44,Female,Screen Failure,Withdrew Consent,Yes,2026-07-30T20:12:28.577992
SCR-005499,CRC-GLB-301,SITE-0010,INV-0020,SGP,2025-05-16,CX,18,Female,Eligible,,Yes,2026-07-30T20:12:28.577992
SCR-005500,CRC-GLB-301,SITE-0052,INV-0104,ZAF,2025-06-08,XI,24,Female,Eligible,,Yes,2026-07-30T20:12:28.577992
SCR-005501,CRC-GLB-301,SITE-0061,INV-0121,KEN,2025-04-09,GX,29,Female,Eligible,,Yes,2026-07-30T20:12:28.577992
SCR-005502,CRC-GLB-301,SITE-0052,INV-0103,ZAF,2025-08-25,AC,22,Male,Eligible,,Yes,2026-07-30T20:12:28.577992
SCR-005503,CRC-GLB-301,SITE-0014,INV-0027,SGP,2025-08-20,FF,29,Male,Eligible,,Yes,2026-07-30T20:12:28.577992
SCR-005504,CRC-GLB-301,SITE-0059,INV-0117,KEN,2025-01-16,YZ,78,Female,Eligible,,Yes,2026-07-30T20:12:28.577992
SCR-005505,CRC-GLB-301,SITE-0046,INV-0092,DEU,2025-05-13,AB,26,Female,Eligible,,Yes,2026-07-30T20:12:28.577992
SCR-005506,CRC-GLB-301,SITE-0038,INV-0075,GBR,2025-07-24,SS,74,Male,Eligible,,Yes,2026-07-30T20:12:28.577992
SCR-005507,CRC-GLB-301,SITE-0038,INV-0075,GBR,2025-03-04,KH,52,Male,Eligible,,Yes,2026-07-30T20:12:28.577992
SCR-005508,CRC-GLB-301,SITE-0039,INV-0077,GBR,2025-03-04,GZ,58,Female,Eligible,,Yes,2026-07-30T20:12:28.577992
SCR-005509,CRC-GLB-301,SITE-0051,INV-0102,ZAF,2025-03-15,HT,36,Male,Eligible,,Yes,2026-07-30T20:12:28.577992
SCR-005510,CRC-GLB-301,SITE-0030,INV-0059,CAN,2025-11-26,LZ,55,Male,Eligible,,Yes,2026-07-30T20:12:28.577992
SCR-005511,CRC-GLB-301,SITE-0010,INV-0019,SGP,2025-08-05,XG,25,Male,Eligible,,Yes,2026-07-30T20:12:28.577992
SCR-005512,CRC-GLB-301,SITE-0045,INV-0089,DEU,2025-11-11,DH,72,Female,Screen Failure,Abnormal Laboratory Values,Yes,2026-07-30T20:12:28.577992
SCR-005513,CRC-GLB-301,SITE-0041,INV-0081,DEU,2025-09-11,HG,42,Male,Screen Failure,Inclusion Criteria Not Met,Yes,2026-07-30T20:12:28.577992
SCR-005514,CRC-GLB-301,SITE-0013,INV-0026,SGP,2025-05-19,PI,73,Male,Eligible,,Yes,2026-07-30T20:12:28.577992
SCR-005515,CRC-GLB-301,SITE-0042,INV-0084,DEU,2025-02-22,CW,78,Male,Eligible,,Yes,2026-07-30T20:12:28.577992
SCR-005516,CRC-GLB-301,SITE-0029,INV-0058,CAN,2025-11-25,LX,48,Male,Eligible,,Yes,2026-07-30T20:12:28.577992
SCR-005517,CRC-GLB-301,SITE-0002,INV-0004,IND,2025-11-24,ML,59,Female,Screen Failure,Inclusion Criteria Not Met,Yes,2026-07-30T20:12:28.577992
SCR-005518,CRC-GLB-301,SITE-0049,INV-0097,ZAF,2025-02-27,OT,47,Male,Eligible,,Yes,2026-07-30T20:12:28.577992
SCR-005519,CRC-GLB-301,SITE-0036,INV-0071,GBR,2025-12-23,RQ,53,Female,Eligible,,Yes,2026-07-30T20:12:28.577992
SCR-005520,CRC-GLB-301,SITE-0063,INV-0126,KEN,2025-09-13,GG,46,Female,Eligible,,Yes,2026-07-30T20:12:28.577992
SCR-005521,CRC-GLB-301,SITE-0061,INV-0121,KEN,2025-11-05,MC,72,Female,Screen Failure,Withdrew Consent,Yes,2026-07-30T20:12:28.577992
SCR-005522,CRC-GLB-301,SITE-0020,INV-0040,USA,2025-05-04,BV,79,Female,Eligible,,Yes,2026-07-30T20:12:28.577992
SCR-005523,CRC-GLB-301,SITE-0007,INV-0014,IND,2025-01-03,UF,20,Male,Eligible,,Yes,2026-07-30T20:12:28.577992
SCR-005524,CRC-GLB-301,SITE-0015,INV-0030,SGP,2025-11-15,KO,75,Female,Eligible,,Yes,2026-07-30T20:12:28.577992
SCR-005525,CRC-GLB-301,SITE-0003,INV-0006,IND,2025-03-28,OI,63,Male,Eligible,,Yes,2026-07-30T20:12:28.577992
SCR-005526,CRC-GLB-301,SITE-0045,INV-0090,DEU,2025-10-20,DB,52,Female,Eligible,,Yes,2026-07-30T20:12:28.577992
SCR-005527,CRC-GLB-301,SITE-0020,INV-0040,USA,2025-07-23,NK,44,Male,Eligible,,Yes,2026-07-30T20:12:28.577992
SCR-005528,CRC-GLB-301,SITE-0037,INV-0073,GBR,2025-08-07,YC,62,Female,Eligible,,Yes,2026-07-30T20:12:28.577992
SCR-005529,CRC-GLB-301,SITE-0005,INV-0010,IND,2025-04-01,TN,21,Male,Eligible,,Yes,2026-07-30T20:12:28.577992
SCR-005530,CRC-GLB-301,SITE-0051,INV-0101,ZAF,2025-02-15,TD,33,Female,Eligible,,Yes,2026-07-30T20:12:28.577992
SCR-005531,CRC-GLB-301,SITE-0043,INV-0085,DEU,2025-10-11,DV,38,Male,Eligible,,Yes,2026-07-30T20:12:28.577992
SCR-005532,CRC-GLB-301,SITE-0031,INV-0061,CAN,2025-04-05,IM,35,Female,Eligible,,Yes,2026-07-30T20:12:28.577992
SCR-005533,CRC-GLB-301,SITE-0001,INV-0001,IND,2025-09-23,WY,72,Male,Eligible,,Yes,2026-07-30T20:12:28.577992
SCR-005534,CRC-GLB-301,SITE-0055,INV-0109,ZAF,2025-12-25,DZ,29,Male,Screen Failure,Withdrew Consent,Yes,2026-07-30T20:12:28.577992
SCR-005535,CRC-GLB-301,SITE-0036,INV-0071,GBR,2025-09-12,QM,36,Male,Eligible,,Yes,2026-07-30T20:12:28.577992
SCR-005536,CRC-GLB-301,SITE-0041,INV-0082,DEU,2025-04-30,SW,41,Male,Eligible,,Yes,2026-07-30T20:12:28.577992
SCR-005537,CRC-GLB-301,SITE-0040,INV-0079,GBR,2025-01-07,PE,74,Male,Eligible,,Yes,2026-07-30T20:12:28.577992
SCR-005538,CRC-GLB-301,SITE-0062,INV-0124,KEN,2025-07-09,QL,54,Male,Screen Failure,Inclusion Criteria Not Met,Yes,2026-07-30T20:12:28.577992
SCR-005539,CRC-GLB-301,SITE-0044,INV-0087,DEU,2025-12-06,IO,60,Male,Eligible,,Yes,2026-07-30T20:12:28.577992
SCR-005540,CRC-GLB-301,SITE-0001,INV-0002,IND,2025-07-03,RT,80,Female,Eligible,,Yes,2026-07-30T20:12:28.577992
SCR-005541,CRC-GLB-301,SITE-0029,INV-0058,CAN,2025-06-01,RE,44,Female,Eligible,,Yes,2026-07-30T20:12:28.577992
SCR-005542,CRC-GLB-301,SITE-0045,INV-0090,DEU,2025-03-18,FS,30,Female,Eligible,,Yes,2026-07-30T20:12:28.577992
SCR-005543,CRC-GLB-301,SITE-0010,INV-0019,SGP,2025-02-13,GC,27,Male,Screen Failure,Exclusion Criteria Met,Yes,2026-07-30T20:12:28.577992
SCR-005544,CRC-GLB-301,SITE-0027,INV-0053,CAN,2025-01-16,ME,23,Male,Screen Failure,Inclusion Criteria Not Met,Yes,2026-07-30T20:12:28.577992
SCR-005545,CRC-GLB-301,SITE-0034,INV-0068,GBR,2025-10-23,HN,54,Male,Eligible,,Yes,2026-07-30T20:12:28.577992
SCR-005546,CRC-GLB-301,SITE-0022,INV-0043,USA,2025-03-13,VD,47,Male,Eligible,,Yes,2026-07-30T20:12:28.577992
SCR-005547,CRC-GLB-301,SITE-0005,INV-0010,IND,2025-05-08,NI,78,Male,Eligible,,Yes,2026-07-30T20:12:28.577992
SCR-005548,CRC-GLB-301,SITE-0039,INV-0077,GBR,2025-10-27,VC,79,Male,Eligible,,Yes,2026-07-30T20:12:28.577992
SCR-005549,CRC-GLB-301,SITE-0046,INV-0092,DEU,2025-09-23,FQ,33,Male,Eligible,,Yes,2026-07-30T20:12:28.577992
SCR-005550,CRC-GLB-301,SITE-0015,INV-0030,SGP,2025-10-11,EJ,24,Male,Eligible,,Yes,2026-07-30T20:12:28.577992
SCR-005551,CRC-GLB-301,SITE-0027,INV-0054,CAN,2025-02-04,JQ,27,Female,Eligible,,Yes,2026-07-30T20:12:28.577992
SCR-005552,CRC-GLB-301,SITE-0039,INV-0078,GBR,2025-11-03,OU,49,Male,Eligible,,Yes,2026-07-30T20:12:28.577992
SCR-005553,CRC-GLB-301,SITE-0026,INV-0052,CAN,2025-11-29,LT,47,Male,Screen Failure,Abnormal Laboratory Values,Yes,2026-07-30T20:12:28.577992
SCR-005554,CRC-GLB-301,SITE-0013,INV-0025,SGP,2025-04-17,LR,52,Female,Eligible,,Yes,2026-07-30T20:12:28.577992
SCR-005555,CRC-GLB-301,SITE-0022,INV-0044,USA,2025-06-10,IL,80,Male,Screen Failure,Abnormal Laboratory Values,Yes,2026-07-30T20:12:28.577992
SCR-005556,CRC-GLB-301,SITE-0002,INV-0004,IND,2025-04-30,XI,82,Male,Eligible,,Yes,2026-07-30T20:12:28.577992
SCR-005557,CRC-GLB-301,SITE-0027,INV-0054,CAN,2025-10-10,SR,83,Male,Eligible,,Yes,2026-07-30T20:12:28.577992
SCR-005558,CRC-GLB-301,SITE-0023,INV-0045,USA,2025-09-22,ZB,35,Female,Eligible,,Yes,2026-07-30T20:12:28.577992
SCR-005559,CRC-GLB-301,SITE-0063,INV-0126,KEN,2025-10-30,ZT,61,Female,Eligible,,Yes,2026-07-30T20:12:28.577992
SCR-005560,CRC-GLB-301,SITE-0046,INV-0091,DEU,2025-08-26,BJ,55,Male,Eligible,,Yes,2026-07-30T20:12:28.577992
SCR-005561,CRC-GLB-301,SITE-0042,INV-0083,DEU,2025-04-21,TL,20,Female,Eligible,,Yes,2026-07-30T20:12:28.577992
SCR-005562,CRC-GLB-301,SITE-0053,INV-0106,ZAF,2025-02-01,QR,69,Male,Screen Failure,Withdrew Consent,Yes,2026-07-30T20:12:28.577992
SCR-005563,CRC-GLB-301,SITE-0030,INV-0059,CAN,2025-02-21,OZ,73,Male,Eligible,,Yes,2026-07-30T20:12:28.577992
SCR-005564,CRC-GLB-301,SITE-0014,INV-0028,SGP,2025-06-22,TA,49,Female,Eligible,,Yes,2026-07-30T20:12:28.577992
SCR-005565,CRC-GLB-301,SITE-0027,INV-0053,CAN,2025-05-11,RF,81,Male,Screen Failure,Exclusion Criteria Met,Yes,2026-07-30T20:12:28.577992
SCR-005566,CRC-GLB-301,SITE-0060,INV-0119,KEN,2025-04-21,MQ,45,Male,Eligible,,Yes,2026-07-30T20:12:28.577992
SCR-005567,CRC-GLB-301,SITE-0054,INV-0107,ZAF,2025-10-03,PW,19,Female,Eligible,,Yes,2026-07-30T20:12:28.577992
SCR-005568,CRC-GLB-301,SITE-0048,INV-0095,DEU,2025-01-24,MU,68,Male,Eligible,,Yes,2026-07-30T20:12:28.577992
SCR-005569,CRC-GLB-301,SITE-0035,INV-0070,GBR,2025-03-07,HO,79,Male,Screen Failure,Abnormal Laboratory Values,Yes,2026-07-30T20:12:28.577992
SCR-005570,CRC-GLB-301,SITE-0019,INV-0038,USA,2025-02-01,TY,35,Male,Screen Failure,Abnormal Laboratory Values,Yes,2026-07-30T20:12:28.577992
SCR-005571,CRC-GLB-301,SITE-0043,INV-0085,DEU,2025-08-14,QD,21,Female,Screen Failure,Withdrew Consent,Yes,2026-07-30T20:12:28.577992
SCR-005572,CRC-GLB-301,SITE-0021,INV-0041,USA,2025-11-15,IO,20,Male,Eligible,,Yes,2026-07-30T20:12:28.577992
SCR-005573,CRC-GLB-301,SITE-0041,INV-0082,DEU,2025-10-03,CP,71,Female,Screen Failure,Inclusion Criteria Not Met,Yes,2026-07-30T20:12:28.577992
SCR-005574,CRC-GLB-301,SITE-0036,INV-0072,GBR,2025-08-11,IS,28,Female,Eligible,,Yes,2026-07-30T20:12:28.577992
SCR-005575,CRC-GLB-301,SITE-0034,INV-0068,GBR,2025-04-05,AI,25,Female,Eligible,,Yes,2026-07-30T20:12:28.577992
SCR-005576,CRC-GLB-301,SITE-0011,INV-0022,SGP,2025-12-20,RK,53,Male,Eligible,,Yes,2026-07-30T20:12:28.577992
SCR-005577,CRC-GLB-301,SITE-0023,INV-0045,USA,2025-03-01,SQ,58,Male,Eligible,,Yes,2026-07-30T20:12:28.577992
SCR-005578,CRC-GLB-301,SITE-0005,INV-0009,IND,2025-04-25,WW,28,Female,Screen Failure,Inclusion Criteria Not Met,Yes,2026-07-30T20:12:28.577992
SCR-005579,CRC-GLB-301,SITE-0005,INV-0010,IND,2025-07-18,QA,27,Female,Screen Failure,Inclusion Criteria Not Met,Yes,2026-07-30T20:12:28.577992
SCR-005580,CRC-GLB-301,SITE-0035,INV-0070,GBR,2025-07-03,IG,24,Male,Eligible,,Yes,2026-07-30T20:12:28.577992
SCR-005581,CRC-GLB-301,SITE-0006,INV-0012,IND,2025-01-20,AS,50,Female,Eligible,,Yes,2026-07-30T20:12:28.577992
SCR-005582,CRC-GLB-301,SITE-0033,INV-0066,GBR,2025-07-17,NF,74,Female,Eligible,,Yes,2026-07-30T20:12:28.577992
SCR-005583,CRC-GLB-301,SITE-0022,INV-0044,USA,2025-01-10,HX,36,Female,Screen Failure,Withdrew Consent,Yes,2026-07-30T20:12:28.577992
SCR-005584,CRC-GLB-301,SITE-0051,INV-0102,ZAF,2025-03-10,IK,28,Male,Eligible,,Yes,2026-07-30T20:12:28.577992
SCR-005585,CRC-GLB-301,SITE-0006,INV-0012,IND,2025-11-05,IC,82,Male,Eligible,,Yes,2026-07-30T20:12:28.577992
SCR-005586,CRC-GLB-301,SITE-0022,INV-0043,USA,2025-07-16,JR,65,Male,Eligible,,Yes,2026-07-30T20:12:28.577992
SCR-005587,CRC-GLB-301,SITE-0016,INV-0032,SGP,2025-10-17,IA,48,Male,Eligible,,Yes,2026-07-30T20:12:28.577992
SCR-005588,CRC-GLB-301,SITE-0044,INV-0087,DEU,2025-08-13,WY,27,Female,Eligible,,Yes,2026-07-30T20:12:28.577992
SCR-005589,CRC-GLB-301,SITE-0033,INV-0065,GBR,2025-12-17,HY,79,Female,Screen Failure,Withdrew Consent,Yes,2026-07-30T20:12:28.577992
SCR-005590,CRC-GLB-301,SITE-0025,INV-0049,CAN,2025-11-17,BZ,47,Male,Eligible,,Yes,2026-07-30T20:12:28.577992
SCR-005591,CRC-GLB-301,SITE-0032,INV-0063,CAN,2025-10-26,LM,38,Female,Eligible,,Yes,2026-07-30T20:12:28.577992
SCR-005592,CRC-GLB-301,SITE-0040,INV-0080,GBR,2025-02-21,KG,55,Female,Eligible,,Yes,2026-07-30T20:12:28.577992
SCR-005593,CRC-GLB-301,SITE-0049,INV-0098,ZAF,2025-05-25,JY,82,Male,Eligible,,Yes,2026-07-30T20:12:28.577992
SCR-005594,CRC-GLB-301,SITE-0033,INV-0066,GBR,2025-12-07,OE,26,Male,Screen Failure,Inclusion Criteria Not Met,Yes,2026-07-30T20:12:28.577992
SCR-005595,CRC-GLB-301,SITE-0031,INV-0062,CAN,2025-11-20,DY,53,Female,Eligible,,Yes,2026-07-30T20:12:28.577992
SCR-005596,CRC-GLB-301,SITE-0021,INV-0042,USA,2025-06-16,ZC,52,Female,Eligible,,Yes,2026-07-30T20:12:28.577992
SCR-005597,CRC-GLB-301,SITE-0040,INV-0079,GBR,2025-01-03,OI,61,Female,Eligible,,Yes,2026-07-30T20:12:28.577992
SCR-005598,CRC-GLB-301,SITE-0052,INV-0103,ZAF,2025-10-24,ET,82,Female,Eligible,,Yes,2026-07-30T20:12:28.577992
SCR-005599,CRC-GLB-301,SITE-0003,INV-0006,IND,2025-05-05,MR,79,Female,Eligible,,Yes,2026-07-30T20:12:28.577992
SCR-005600,CRC-GLB-301,SITE-0033,INV-0066,GBR,2025-04-16,LB,49,Female,Eligible,,Yes,2026-07-30T20:12:28.577992
SCR-005601,CRC-GLB-301,SITE-0019,INV-0038,USA,2025-02-27,OW,76,Male,Eligible,,Yes,2026-07-30T20:12:28.577992
SCR-005602,CRC-GLB-301,SITE-0055,INV-0109,ZAF,2025-10-03,OH,73,Female,Eligible,,Yes,2026-07-30T20:12:28.577992
SCR-005603,CRC-GLB-301,SITE-0056,INV-0112,ZAF,2025-12-22,YT,28,Male,Eligible,,Yes,2026-07-30T20:12:28.577992
SCR-005604,CRC-GLB-301,SITE-0025,INV-0050,CAN,2025-03-25,JG,61,Male,Eligible,,Yes,2026-07-30T20:12:28.577992
SCR-005605,CRC-GLB-301,SITE-0015,INV-0030,SGP,2025-08-11,WM,19,Female,Eligible,,Yes,2026-07-30T20:12:28.577992
SCR-005606,CRC-GLB-301,SITE-0054,INV-0108,ZAF,2025-06-13,OA,65,Female,Eligible,,Yes,2026-07-30T20:12:28.577992
SCR-005607,CRC-GLB-301,SITE-0028,INV-0056,CAN,2025-01-24,RW,75,Female,Screen Failure,Withdrew Consent,Yes,2026-07-30T20:12:28.577992
SCR-005608,CRC-GLB-301,SITE-0062,INV-0123,KEN,2025-01-18,JL,77,Male,Screen Failure,Abnormal Laboratory Values,Yes,2026-07-30T20:12:28.577992
SCR-005609,CRC-GLB-301,SITE-0018,INV-0036,USA,2025-01-10,SJ,54,Female,Eligible,,Yes,2026-07-30T20:12:28.577992
SCR-005610,CRC-GLB-301,SITE-0037,INV-0073,GBR,2025-11-24,VQ,59,Female,Eligible,,Yes,2026-07-30T20:12:28.577992
SCR-005611,CRC-GLB-301,SITE-0042,INV-0083,DEU,2025-07-09,KQ,80,Female,Eligible,,Yes,2026-07-30T20:12:28.577992
SCR-005612,CRC-GLB-301,SITE-0035,INV-0070,GBR,2025-07-02,II,78,Female,Eligible,,Yes,2026-07-30T20:12:28.577992
SCR-005613,CRC-GLB-301,SITE-0053,INV-0105,ZAF,2025-06-23,RZ,18,Female,Screen Failure,Exclusion Criteria Met,Yes,2026-07-30T20:12:28.577992
SCR-005614,CRC-GLB-301,SITE-0004,INV-0008,IND,2025-04-21,UR,38,Female,Eligible,,Yes,2026-07-30T20:12:28.577992
SCR-005615,CRC-GLB-301,SITE-0061,INV-0121,KEN,2025-09-28,QS,36,Female,Eligible,,Yes,2026-07-30T20:12:28.577992
SCR-005616,CRC-GLB-301,SITE-0050,INV-0100,ZAF,2025-01-31,YO,52,Male,Screen Failure,Withdrew Consent,Yes,2026-07-30T20:12:28.577992
SCR-005617,CRC-GLB-301,SITE-0055,INV-0110,ZAF,2025-05-01,KL,21,Male,Screen Failure,Inclusion Criteria Not Met,Yes,2026-07-30T20:12:28.577992
SCR-005618,CRC-GLB-301,SITE-0060,INV-0120,KEN,2025-12-15,WG,40,Female,Eligible,,Yes,2026-07-30T20:12:28.577992
SCR-005619,CRC-GLB-301,SITE-0026,INV-0052,CAN,2025-01-24,BM,68,Male,Eligible,,Yes,2026-07-30T20:12:28.577992
SCR-005620,CRC-GLB-301,SITE-0056,INV-0112,ZAF,2025-04-25,MW,77,Female,Eligible,,Yes,2026-07-30T20:12:28.577992
SCR-005621,CRC-GLB-301,SITE-0018,INV-0036,USA,2025-09-09,CZ,26,Male,Eligible,,Yes,2026-07-30T20:12:28.577992
SCR-005622,CRC-GLB-301,SITE-0050,INV-0099,ZAF,2025-10-25,IW,78,Male,Screen Failure,Withdrew Consent,Yes,2026-07-30T20:12:28.577992
SCR-005623,CRC-GLB-301,SITE-0044,INV-0087,DEU,2025-01-19,CP,62,Female,Screen Failure,Abnormal Laboratory Values,Yes,2026-07-30T20:12:28.577992
SCR-005624,CRC-GLB-301,SITE-0061,INV-0121,KEN,2025-09-03,QD,24,Female,Eligible,,Yes,2026-07-30T20:12:28.577992
SCR-005625,CRC-GLB-301,SITE-0006,INV-0011,IND,2025-09-26,BF,57,Male,Eligible,,Yes,2026-07-30T20:12:28.577992
SCR-005626,CRC-GLB-301,SITE-0019,INV-0037,USA,2025-06-03,GV,73,Male,Screen Failure,Withdrew Consent,Yes,2026-07-30T20:12:28.577992
SCR-005627,CRC-GLB-301,SITE-0036,INV-0072,GBR,2025-02-20,OC,66,Female,Eligible,,Yes,2026-07-30T20:12:28.577992
SCR-005628,CRC-GLB-301,SITE-0016,INV-0031,SGP,2025-11-27,SO,56,Female,Eligible,,Yes,2026-07-30T20:12:28.577992
SCR-005629,CRC-GLB-301,SITE-0034,INV-0067,GBR,2025-05-07,BC,37,Female,Eligible,,Yes,2026-07-30T20:12:28.577992
SCR-005630,CRC-GLB-301,SITE-0013,INV-0026,SGP,2025-08-11,XP,30,Male,Eligible,,Yes,2026-07-30T20:12:28.577992
SCR-005631,CRC-GLB-301,SITE-0019,INV-0037,USA,2025-04-07,VO,25,Female,Eligible,,Yes,2026-07-30T20:12:28.577992
SCR-005632,CRC-GLB-301,SITE-0050,INV-0100,ZAF,2025-12-15,LP,37,Male,Eligible,,Yes,2026-07-30T20:12:28.577992
SCR-005633,CRC-GLB-301,SITE-0038,INV-0075,GBR,2025-10-13,RS,63,Female,Eligible,,Yes,2026-07-30T20:12:28.577992
SCR-005634,CRC-GLB-301,SITE-0021,INV-0042,USA,2025-07-17,GS,48,Female,Eligible,,Yes,2026-07-30T20:12:28.577992
SCR-005635,CRC-GLB-301,SITE-0042,INV-0083,DEU,2025-05-05,AZ,40,Female,Eligible,,Yes,2026-07-30T20:12:28.577992
SCR-005636,CRC-GLB-301,SITE-0061,INV-0121,KEN,2025-12-17,UZ,44,Male,Eligible,,Yes,2026-07-30T20:12:28.577992
SCR-005637,CRC-GLB-301,SITE-0052,INV-0103,ZAF,2025-07-03,BV,63,Male,Eligible,,Yes,2026-07-30T20:12:28.577992
SCR-005638,CRC-GLB-301,SITE-0021,INV-0042,USA,2025-11-13,PH,57,Male,Screen Failure,Withdrew Consent,Yes,2026-07-30T20:12:28.577992
SCR-005639,CRC-GLB-301,SITE-0060,INV-0119,KEN,2025-07-22,YS,80,Male,Eligible,,Yes,2026-07-30T20:12:28.577992
SCR-005640,CRC-GLB-301,SITE-0035,INV-0069,GBR,2025-03-29,WZ,74,Male,Eligible,,Yes,2026-07-30T20:12:28.577992
SCR-005641,CRC-GLB-301,SITE-0063,INV-0126,KEN,2025-05-12,MN,28,Male,Eligible,,Yes,2026-07-30T20:12:28.577992
SCR-005642,CRC-GLB-301,SITE-0038,INV-0075,GBR,2025-07-14,SW,39,Female,Screen Failure,Withdrew Consent,Yes,2026-07-30T20:12:28.577992
SCR-005643,CRC-GLB-301,SITE-0049,INV-0098,ZAF,2025-04-04,VH,58,Female,Eligible,,Yes,2026-07-30T20:12:28.577992
SCR-005644,CRC-GLB-301,SITE-0029,INV-0057,CAN,2025-12-07,ND,54,Male,Eligible,,Yes,2026-07-30T20:12:28.577992
SCR-005645,CRC-GLB-301,SITE-0034,INV-0067,GBR,2025-12-27,XL,31,Male,Eligible,,Yes,2026-07-30T20:12:28.577992
SCR-005646,CRC-GLB-301,SITE-0018,INV-0036,USA,2025-05-08,UG,25,Male,Eligible,,Yes,2026-07-30T20:12:28.577992
SCR-005647,CRC-GLB-301,SITE-0055,INV-0110,ZAF,2025-08-13,NC,68,Male,Eligible,,Yes,2026-07-30T20:12:28.577992
SCR-005648,CRC-GLB-301,SITE-0046,INV-0092,DEU,2025-01-16,CF,44,Male,Eligible,,Yes,2026-07-30T20:12:28.577992
SCR-005649,CRC-GLB-301,SITE-0011,INV-0021,SGP,2025-02-28,SN,65,Female,Eligible,,Yes,2026-07-30T20:12:28.577992
SCR-005650,CRC-GLB-301,SITE-0057,INV-0113,KEN,2025-02-16,VM,23,Male,Eligible,,Yes,2026-07-30T20:12:28.577992
SCR-005651,CRC-GLB-301,SITE-0060,INV-0120,KEN,2025-10-18,EX,75,Female,Eligible,,Yes,2026-07-30T20:12:28.577992
SCR-005652,CRC-GLB-301,SITE-0054,INV-0107,ZAF,2025-09-13,ZA,31,Female,Eligible,,Yes,2026-07-30T20:12:28.577992
SCR-005653,CRC-GLB-301,SITE-0028,INV-0056,CAN,2025-04-20,GP,23,Male,Eligible,,Yes,2026-07-30T20:12:28.577992
SCR-005654,CRC-GLB-301,SITE-0001,INV-0001,IND,2025-12-05,WH,39,Female,Eligible,,Yes,2026-07-30T20:12:28.577992
SCR-005655,CRC-GLB-301,SITE-0021,INV-0041,USA,2025-10-10,QE,38,Female,Eligible,,Yes,2026-07-30T20:12:28.577992
SCR-005656,CRC-GLB-301,SITE-0002,INV-0003,IND,2025-08-01,CN,60,Female,Eligible,,Yes,2026-07-30T20:12:28.577992
SCR-005657,CRC-GLB-301,SITE-0055,INV-0110,ZAF,2025-01-28,EQ,28,Female,Eligible,,Yes,2026-07-30T20:12:28.577992
SCR-005658,CRC-GLB-301,SITE-0032,INV-0064,CAN,2025-05-22,VC,21,Male,Screen Failure,Inclusion Criteria Not Met,Yes,2026-07-30T20:12:28.577992
SCR-005659,CRC-GLB-301,SITE-0039,INV-0078,GBR,2025-02-12,XT,26,Male,Screen Failure,Inclusion Criteria Not Met,Yes,2026-07-30T20:12:28.577992
SCR-005660,CRC-GLB-301,SITE-0042,INV-0084,DEU,2025-01-30,VD,69,Male,Eligible,,Yes,2026-07-30T20:12:28.577992
SCR-005661,CRC-GLB-301,SITE-0036,INV-0072,GBR,2025-09-06,PK,59,Female,Eligible,,Yes,2026-07-30T20:12:28.577992
SCR-005662,CRC-GLB-301,SITE-0043,INV-0086,DEU,2025-03-18,IJ,52,Male,Eligible,,Yes,2026-07-30T20:12:28.577992
SCR-005663,CRC-GLB-301,SITE-0023,INV-0046,USA,2025-05-14,TK,51,Female,Screen Failure,Withdrew Consent,Yes,2026-07-30T20:12:28.577992
SCR-005664,CRC-GLB-301,SITE-0015,INV-0030,SGP,2025-06-22,WW,84,Male,Eligible,,Yes,2026-07-30T20:12:28.577992
SCR-005665,CRC-GLB-301,SITE-0064,INV-0128,KEN,2025-02-25,UH,30,Female,Eligible,,Yes,2026-07-30T20:12:28.577992
SCR-005666,CRC-GLB-301,SITE-0008,INV-0016,IND,2025-02-08,OR,60,Female,Screen Failure,Inclusion Criteria Not Met,Yes,2026-07-30T20:12:28.577992
SCR-005667,CRC-GLB-301,SITE-0063,INV-0125,KEN,2025-10-13,EM,66,Female,Eligible,,Yes,2026-07-30T20:12:28.577992
SCR-005668,CRC-GLB-301,SITE-0006,INV-0012,IND,2025-05-29,CH,53,Male,Screen Failure,Abnormal Laboratory Values,Yes,2026-07-30T20:12:28.577992
SCR-005669,CRC-GLB-301,SITE-0034,INV-0067,GBR,2025-07-27,MQ,85,Male,Eligible,,Yes,2026-07-30T20:12:28.577992
SCR-005670,CRC-GLB-301,SITE-0045,INV-0089,DEU,2025-02-03,ID,74,Female,Eligible,,Yes,2026-07-30T20:12:28.577992
SCR-005671,CRC-GLB-301,SITE-0023,INV-0046,USA,2025-11-13,YL,55,Male,Screen Failure,Abnormal Laboratory Values,Yes,2026-07-30T20:12:28.577992
SCR-005672,CRC-GLB-301,SITE-0033,INV-0065,GBR,2025-07-30,SR,32,Female,Eligible,,Yes,2026-07-30T20:12:28.577992
SCR-005673,CRC-GLB-301,SITE-0020,INV-0039,USA,2025-08-16,ZR,28,Female,Eligible,,Yes,2026-07-30T20:12:28.577992
SCR-005674,CRC-GLB-301,SITE-0002,INV-0003,IND,2025-08-08,NX,46,Female,Eligible,,Yes,2026-07-30T20:12:28.577992
SCR-005675,CRC-GLB-301,SITE-0047,INV-0094,DEU,2025-12-10,YP,77,Female,Screen Failure,Exclusion Criteria Met,Yes,2026-07-30T20:12:28.577992
SCR-005676,CRC-GLB-301,SITE-0053,INV-0105,ZAF,2025-12-16,BG,76,Male,Eligible,,Yes,2026-07-30T20:12:28.577992
SCR-005677,CRC-GLB-301,SITE-0042,INV-0083,DEU,2025-01-15,UL,28,Female,Eligible,,Yes,2026-07-30T20:12:28.577992
SCR-005678,CRC-GLB-301,SITE-0045,INV-0089,DEU,2025-12-30,TW,18,Female,Eligible,,Yes,2026-07-30T20:12:28.577992
SCR-005679,CRC-GLB-301,SITE-0061,INV-0122,KEN,2025-04-02,NZ,64,Female,Eligible,,Yes,2026-07-30T20:12:28.577992
SCR-005680,CRC-GLB-301,SITE-0056,INV-0111,ZAF,2025-09-29,QX,79,Male,Eligible,,Yes,2026-07-30T20:12:28.577992
SCR-005681,CRC-GLB-301,SITE-0056,INV-0112,ZAF,2025-09-07,DC,38,Male,Eligible,,Yes,2026-07-30T20:12:28.577992
SCR-005682,CRC-GLB-301,SITE-0030,INV-0060,CAN,2025-10-28,WG,19,Male,Eligible,,Yes,2026-07-30T20:12:28.577992
SCR-005683,CRC-GLB-301,SITE-0015,INV-0030,SGP,2025-08-20,YT,80,Male,Screen Failure,Exclusion Criteria Met,Yes,2026-07-30T20:12:28.577992
SCR-005684,CRC-GLB-301,SITE-0026,INV-0052,CAN,2025-08-26,XH,24,Male,Eligible,,Yes,2026-07-30T20:12:28.577992
SCR-005685,CRC-GLB-301,SITE-0022,INV-0043,USA,2025-06-26,PV,54,Female,Eligible,,Yes,2026-07-30T20:12:28.577992
SCR-005686,CRC-GLB-301,SITE-0051,INV-0101,ZAF,2025-02-16,EU,61,Female,Eligible,,Yes,2026-07-30T20:12:28.577992
SCR-005687,CRC-GLB-301,SITE-0017,INV-0033,USA,2025-09-30,FC,19,Male,Eligible,,Yes,2026-07-30T20:12:28.577992
SCR-005688,CRC-GLB-301,SITE-0020,INV-0040,USA,2025-12-03,BB,69,Male,Screen Failure,Withdrew Consent,Yes,2026-07-30T20:12:28.577992
SCR-005689,CRC-GLB-301,SITE-0007,INV-0014,IND,2025-05-04,LF,65,Female,Eligible,,Yes,2026-07-30T20:12:28.577992
SCR-005690,CRC-GLB-301,SITE-0046,INV-0091,DEU,2025-06-12,DL,66,Male,Eligible,,Yes,2026-07-30T20:12:28.577992
SCR-005691,CRC-GLB-301,SITE-0056,INV-0112,ZAF,2025-03-19,ZK,62,Female,Eligible,,Yes,2026-07-30T20:12:28.577992
SCR-005692,CRC-GLB-301,SITE-0025,INV-0050,CAN,2025-01-28,DJ,66,Female,Eligible,,Yes,2026-07-30T20:12:28.577992
SCR-005693,CRC-GLB-301,SITE-0025,INV-0049,CAN,2025-02-01,QE,53,Female,Eligible,,Yes,2026-07-30T20:12:28.577992
SCR-005694,CRC-GLB-301,SITE-0006,INV-0011,IND,2025-07-18,PA,74,Female,Eligible,,Yes,2026-07-30T20:12:28.577992
SCR-005695,CRC-GLB-301,SITE-0027,INV-0054,CAN,2025-02-19,VN,43,Female,Eligible,,Yes,2026-07-30T20:12:28.577992
SCR-005696,CRC-GLB-301,SITE-0016,INV-0031,SGP,2025-01-27,QL,59,Female,Eligible,,Yes,2026-07-30T20:12:28.577992
SCR-005697,CRC-GLB-301,SITE-0037,INV-0073,GBR,2025-12-31,TU,47,Male,Eligible,,Yes,2026-07-30T20:12:28.577992
SCR-005698,CRC-GLB-301,SITE-0001,INV-0002,IND,2025-08-09,BS,58,Female,Eligible,,Yes,2026-07-30T20:12:28.577992
SCR-005699,CRC-GLB-301,SITE-0001,INV-0002,IND,2025-07-16,HW,49,Female,Screen Failure,Inclusion Criteria Not Met,Yes,2026-07-30T20:12:28.577992
SCR-005700,CRC-GLB-301,SITE-0048,INV-0095,DEU,2025-05-26,HW,24,Female,Eligible,,Yes,2026-07-30T20:12:28.577992
SCR-005701,CRC-GLB-301,SITE-0032,INV-0063,CAN,2025-05-15,MD,85,Male,Eligible,,Yes,2026-07-30T20:12:28.577992
SCR-005702,CRC-GLB-301,SITE-0021,INV-0042,USA,2025-08-06,GC,42,Male,Eligible,,Yes,2026-07-30T20:12:28.577992
SCR-005703,CRC-GLB-301,SITE-0007,INV-0014,IND,2025-11-19,UX,33,Female,Eligible,,Yes,2026-07-30T20:12:28.577992
SCR-005704,CRC-GLB-301,SITE-0063,INV-0126,KEN,2025-06-02,MX,83,Male,Eligible,,Yes,2026-07-30T20:12:28.577992
SCR-005705,CRC-GLB-301,SITE-0037,INV-0073,GBR,2025-06-07,AE,39,Female,Screen Failure,Withdrew Consent,Yes,2026-07-30T20:12:28.577992
SCR-005706,CRC-GLB-301,SITE-0001,INV-0002,IND,2025-03-25,IF,19,Female,Eligible,,Yes,2026-07-30T20:12:28.577992
SCR-005707,CRC-GLB-301,SITE-0018,INV-0036,USA,2025-06-13,VX,32,Male,Screen Failure,Inclusion Criteria Not Met,Yes,2026-07-30T20:12:28.577992
SCR-005708,CRC-GLB-301,SITE-0043,INV-0085,DEU,2025-05-10,MC,74,Female,Eligible,,Yes,2026-07-30T20:12:28.577992
SCR-005709,CRC-GLB-301,SITE-0045,INV-0089,DEU,2025-07-05,DZ,33,Female,Eligible,,Yes,2026-07-30T20:12:28.577992
SCR-005710,CRC-GLB-301,SITE-0012,INV-0023,SGP,2025-02-17,VC,20,Male,Screen Failure,Abnormal Laboratory Values,Yes,2026-07-30T20:12:28.577992
SCR-005711,CRC-GLB-301,SITE-0064,INV-0128,KEN,2025-11-20,YZ,65,Male,Eligible,,Yes,2026-07-30T20:12:28.577992
SCR-005712,CRC-GLB-301,SITE-0043,INV-0086,DEU,2025-04-21,UE,70,Male,Screen Failure,Exclusion Criteria Met,Yes,2026-07-30T20:12:28.577992
SCR-005713,CRC-GLB-301,SITE-0049,INV-0098,ZAF,2025-08-18,FM,43,Male,Eligible,,Yes,2026-07-30T20:12:28.577992
SCR-005714,CRC-GLB-301,SITE-0020,INV-0040,USA,2025-04-15,PJ,24,Female,Screen Failure,Exclusion Criteria Met,Yes,2026-07-30T20:12:28.577992
SCR-005715,CRC-GLB-301,SITE-0053,INV-0105,ZAF,2025-07-30,VL,37,Female,Eligible,,Yes,2026-07-30T20:12:28.577992
SCR-005716,CRC-GLB-301,SITE-0016,INV-0031,SGP,2025-09-02,FV,29,Male,Eligible,,Yes,2026-07-30T20:12:28.577992
SCR-005717,CRC-GLB-301,SITE-0041,INV-0081,DEU,2025-10-18,FL,54,Male,Eligible,,Yes,2026-07-30T20:12:28.577992
SCR-005718,CRC-GLB-301,SITE-0056,INV-0112,ZAF,2025-04-17,ZJ,42,Male,Eligible,,Yes,2026-07-30T20:12:28.577992
SCR-005719,CRC-GLB-301,SITE-0040,INV-0080,GBR,2025-12-21,ZZ,53,Female,Eligible,,Yes,2026-07-30T20:12:28.577992
SCR-005720,CRC-GLB-301,SITE-0054,INV-0107,ZAF,2025-07-08,AO,58,Male,Eligible,,Yes,2026-07-30T20:12:28.577992
SCR-005721,CRC-GLB-301,SITE-0038,INV-0076,GBR,2025-12-26,GQ,31,Female,Eligible,,Yes,2026-07-30T20:12:28.577992
SCR-005722,CRC-GLB-301,SITE-0062,INV-0124,KEN,2025-04-27,GR,23,Male,Eligible,,Yes,2026-07-30T20:12:28.577992
SCR-005723,CRC-GLB-301,SITE-0026,INV-0051,CAN,2025-03-21,VF,46,Male,Screen Failure,Abnormal Laboratory Values,Yes,2026-07-30T20:12:28.577992
SCR-005724,CRC-GLB-301,SITE-0014,INV-0028,SGP,2025-01-03,TI,37,Female,Eligible,,Yes,2026-07-30T20:12:28.577992
SCR-005725,CRC-GLB-301,SITE-0003,INV-0006,IND,2025-01-03,AI,73,Female,Eligible,,Yes,2026-07-30T20:12:28.577992
SCR-005726,CRC-GLB-301,SITE-0055,INV-0110,ZAF,2025-08-28,BM,37,Female,Eligible,,Yes,2026-07-30T20:12:28.577992
SCR-005727,CRC-GLB-301,SITE-0006,INV-0011,IND,2025-08-26,IT,71,Female,Eligible,,Yes,2026-07-30T20:12:28.577992
SCR-005728,CRC-GLB-301,SITE-0026,INV-0052,CAN,2025-09-15,AF,80,Male,Eligible,,Yes,2026-07-30T20:12:28.577992
SCR-005729,CRC-GLB-301,SITE-0008,INV-0015,IND,2025-04-14,EW,76,Male,Eligible,,Yes,2026-07-30T20:12:28.577992
SCR-005730,CRC-GLB-301,SITE-0012,INV-0023,SGP,2025-08-26,MQ,77,Female,Screen Failure,Abnormal Laboratory Values,Yes,2026-07-30T20:12:28.577992
SCR-005731,CRC-GLB-301,SITE-0013,INV-0026,SGP,2025-02-23,AN,70,Male,Screen Failure,Exclusion Criteria Met,Yes,2026-07-30T20:12:28.577992
SCR-005732,CRC-GLB-301,SITE-0052,INV-0104,ZAF,2025-09-28,YR,82,Male,Eligible,,Yes,2026-07-30T20:12:28.577992
SCR-005733,CRC-GLB-301,SITE-0055,INV-0110,ZAF,2025-01-06,AU,69,Male,Eligible,,Yes,2026-07-30T20:12:28.577992
SCR-005734,CRC-GLB-301,SITE-0021,INV-0042,USA,2025-10-29,BS,38,Female,Eligible,,Yes,2026-07-30T20:12:28.577992
SCR-005735,CRC-GLB-301,SITE-0022,INV-0044,USA,2025-07-13,IY,72,Male,Eligible,,Yes,2026-07-30T20:12:28.577992
SCR-005736,CRC-GLB-301,SITE-0058,INV-0115,KEN,2025-03-22,QC,76,Female,Eligible,,Yes,2026-07-30T20:12:28.577992
SCR-005737,CRC-GLB-301,SITE-0002,INV-0003,IND,2025-03-05,BB,45,Female,Eligible,,Yes,2026-07-30T20:12:28.577992
SCR-005738,CRC-GLB-301,SITE-0001,INV-0002,IND,2025-05-13,GN,76,Male,Eligible,,Yes,2026-07-30T20:12:28.577992
SCR-005739,CRC-GLB-301,SITE-0035,INV-0069,GBR,2025-04-09,GX,58,Female,Eligible,,Yes,2026-07-30T20:12:28.577992
SCR-005740,CRC-GLB-301,SITE-0059,INV-0117,KEN,2025-07-18,BC,26,Male,Eligible,,Yes,2026-07-30T20:12:28.577992
SCR-005741,CRC-GLB-301,SITE-0055,INV-0110,ZAF,2025-06-02,BX,78,Female,Screen Failure,Withdrew Consent,Yes,2026-07-30T20:12:28.577992
SCR-005742,CRC-GLB-301,SITE-0029,INV-0057,CAN,2025-09-29,MO,45,Female,Eligible,,Yes,2026-07-30T20:12:28.577992
SCR-005743,CRC-GLB-301,SITE-0023,INV-0046,USA,2025-08-13,CK,85,Female,Screen Failure,Exclusion Criteria Met,Yes,2026-07-30T20:12:28.577992
SCR-005744,CRC-GLB-301,SITE-0003,INV-0006,IND,2025-06-20,UI,30,Male,Screen Failure,Inclusion Criteria Not Met,Yes,2026-07-30T20:12:28.577992
SCR-005745,CRC-GLB-301,SITE-0057,INV-0113,KEN,2025-02-09,HE,33,Female,Eligible,,Yes,2026-07-30T20:12:28.577992
SCR-005746,CRC-GLB-301,SITE-0044,INV-0088,DEU,2025-03-12,HP,53,Female,Eligible,,Yes,2026-07-30T20:12:28.577992
SCR-005747,CRC-GLB-301,SITE-0032,INV-0063,CAN,2025-02-26,MO,75,Male,Eligible,,Yes,2026-07-30T20:12:28.577992
SCR-005748,CRC-GLB-301,SITE-0005,INV-0010,IND,2025-07-29,LA,57,Male,Screen Failure,Withdrew Consent,Yes,2026-07-30T20:12:28.577992
SCR-005749,CRC-GLB-301,SITE-0057,INV-0114,KEN,2025-05-10,XT,60,Female,Screen Failure,Withdrew Consent,Yes,2026-07-30T20:12:28.577992
SCR-005750,CRC-GLB-301,SITE-0058,INV-0116,KEN,2025-07-28,ZD,80,Female,Eligible,,Yes,2026-07-30T20:12:28.577992
SCR-005751,CRC-GLB-301,SITE-0055,INV-0110,ZAF,2025-11-20,DX,56,Male,Eligible,,Yes,2026-07-30T20:12:28.577992
SCR-005752,CRC-GLB-301,SITE-0034,INV-0068,GBR,2025-07-25,LP,25,Female,Screen Failure,Withdrew Consent,Yes,2026-07-30T20:12:28.577992
SCR-005753,CRC-GLB-301,SITE-0021,INV-0041,USA,2025-08-04,MH,73,Male,Eligible,,Yes,2026-07-30T20:12:28.577992
SCR-005754,CRC-GLB-301,SITE-0013,INV-0026,SGP,2025-02-23,FE,47,Female,Screen Failure,Abnormal Laboratory Values,Yes,2026-07-30T20:12:28.577992
SCR-005755,CRC-GLB-301,SITE-0028,INV-0055,CAN,2025-04-14,VR,85,Female,Screen Failure,Exclusion Criteria Met,Yes,2026-07-30T20:12:28.577992
SCR-005756,CRC-GLB-301,SITE-0018,INV-0035,USA,2025-07-03,QG,82,Female,Eligible,,Yes,2026-07-30T20:12:28.577992
SCR-005757,CRC-GLB-301,SITE-0024,INV-0048,USA,2025-08-09,ZB,64,Female,Eligible,,Yes,2026-07-30T20:12:28.577992
SCR-005758,CRC-GLB-301,SITE-0048,INV-0096,DEU,2025-05-18,QB,57,Male,Eligible,,Yes,2026-07-30T20:12:28.577992
SCR-005759,CRC-GLB-301,SITE-0063,INV-0125,KEN,2025-12-28,HU,38,Female,Eligible,,Yes,2026-07-30T20:12:28.577992
SCR-005760,CRC-GLB-301,SITE-0019,INV-0038,USA,2025-04-29,QA,69,Male,Eligible,,Yes,2026-07-30T20:12:28.577992
SCR-005761,CRC-GLB-301,SITE-0007,INV-0013,IND,2025-03-18,VK,54,Female,Eligible,,Yes,2026-07-30T20:12:28.577992
SCR-005762,CRC-GLB-301,SITE-0005,INV-0010,IND,2025-05-26,PA,28,Male,Screen Failure,Inclusion Criteria Not Met,Yes,2026-07-30T20:12:28.577992
SCR-005763,CRC-GLB-301,SITE-0007,INV-0013,IND,2025-07-20,JR,59,Female,Screen Failure,Withdrew Consent,Yes,2026-07-30T20:12:28.577992
SCR-005764,CRC-GLB-301,SITE-0044,INV-0088,DEU,2025-05-08,BC,84,Female,Eligible,,Yes,2026-07-30T20:12:28.577992
SCR-005765,CRC-GLB-301,SITE-0052,INV-0103,ZAF,2025-06-02,WQ,38,Male,Screen Failure,Withdrew Consent,Yes,2026-07-30T20:12:28.577992
SCR-005766,CRC-GLB-301,SITE-0041,INV-0081,DEU,2025-03-08,IR,82,Female,Eligible,,Yes,2026-07-30T20:12:28.577992
SCR-005767,CRC-GLB-301,SITE-0026,INV-0051,CAN,2025-09-13,UF,31,Female,Eligible,,Yes,2026-07-30T20:12:28.577992
SCR-005768,CRC-GLB-301,SITE-0051,INV-0102,ZAF,2025-07-24,OC,75,Male,Eligible,,Yes,2026-07-30T20:12:28.577992
SCR-005769,CRC-GLB-301,SITE-0052,INV-0103,ZAF,2025-03-02,VC,50,Male,Eligible,,Yes,2026-07-30T20:12:28.577992
SCR-005770,CRC-GLB-301,SITE-0019,INV-0038,USA,2025-01-12,KE,76,Female,Screen Failure,Inclusion Criteria Not Met,Yes,2026-07-30T20:12:28.577992
SCR-005771,CRC-GLB-301,SITE-0033,INV-0065,GBR,2025-06-08,VQ,70,Female,Eligible,,Yes,2026-07-30T20:12:28.577992
SCR-005772,CRC-GLB-301,SITE-0018,INV-0036,USA,2025-12-11,RJ,58,Male,Eligible,,Yes,2026-07-30T20:12:28.577992
SCR-005773,CRC-GLB-301,SITE-0037,INV-0074,GBR,2025-09-09,RG,28,Female,Eligible,,Yes,2026-07-30T20:12:28.577992
SCR-005774,CRC-GLB-301,SITE-0002,INV-0003,IND,2025-09-18,JO,63,Male,Eligible,,Yes,2026-07-30T20:12:28.577992
SCR-005775,CRC-GLB-301,SITE-0064,INV-0128,KEN,2025-07-03,PX,81,Female,Eligible,,Yes,2026-07-30T20:12:28.577992
SCR-005776,CRC-GLB-301,SITE-0024,INV-0047,USA,2025-05-14,SR,59,Male,Eligible,,Yes,2026-07-30T20:12:28.577992
SCR-005777,CRC-GLB-301,SITE-0022,INV-0043,USA,2025-01-26,UC,53,Male,Eligible,,Yes,2026-07-30T20:12:28.577992
SCR-005778,CRC-GLB-301,SITE-0003,INV-0005,IND,2025-11-18,ZD,81,Female,Eligible,,Yes,2026-07-30T20:12:28.577992
SCR-005779,CRC-GLB-301,SITE-0036,INV-0072,GBR,2025-04-27,FS,36,Female,Screen Failure,Abnormal Laboratory Values,Yes,2026-07-30T20:12:28.577992
SCR-005780,CRC-GLB-301,SITE-0045,INV-0090,DEU,2025-09-26,LX,81,Female,Eligible,,Yes,2026-07-30T20:12:28.577992
SCR-005781,CRC-GLB-301,SITE-0007,INV-0014,IND,2025-08-30,YD,68,Female,Eligible,,Yes,2026-07-30T20:12:28.577992
SCR-005782,CRC-GLB-301,SITE-0062,INV-0123,KEN,2025-09-19,FU,31,Male,Eligible,,Yes,2026-07-30T20:12:28.577992
SCR-005783,CRC-GLB-301,SITE-0053,INV-0106,ZAF,2025-11-18,XR,27,Male,Eligible,,Yes,2026-07-30T20:12:28.577992
SCR-005784,CRC-GLB-301,SITE-0005,INV-0010,IND,2025-10-14,HZ,83,Male,Eligible,,Yes,2026-07-30T20:12:28.577992
SCR-005785,CRC-GLB-301,SITE-0032,INV-0063,CAN,2025-07-14,QD,34,Male,Eligible,,Yes,2026-07-30T20:12:28.577992
SCR-005786,CRC-GLB-301,SITE-0055,INV-0110,ZAF,2025-11-06,MU,41,Female,Screen Failure,Abnormal Laboratory Values,Yes,2026-07-30T20:12:28.577992
SCR-005787,CRC-GLB-301,SITE-0010,INV-0019,SGP,2025-06-25,QM,29,Female,Eligible,,Yes,2026-07-30T20:12:28.577992
SCR-005788,CRC-GLB-301,SITE-0034,INV-0067,GBR,2025-12-14,ZX,62,Male,Screen Failure,Abnormal Laboratory Values,Yes,2026-07-30T20:12:28.577992
SCR-005789,CRC-GLB-301,SITE-0019,INV-0037,USA,2025-04-15,XH,77,Male,Screen Failure,Abnormal Laboratory Values,Yes,2026-07-30T20:12:28.577992
SCR-005790,CRC-GLB-301,SITE-0003,INV-0006,IND,2025-11-30,FY,48,Female,Eligible,,Yes,2026-07-30T20:12:28.577992
SCR-005791,CRC-GLB-301,SITE-0038,INV-0075,GBR,2025-06-15,YO,52,Female,Eligible,,Yes,2026-07-30T20:12:28.577992
SCR-005792,CRC-GLB-301,SITE-0003,INV-0006,IND,2025-04-18,ZS,33,Male,Eligible,,Yes,2026-07-30T20:12:28.577992
SCR-005793,CRC-GLB-301,SITE-0021,INV-0041,USA,2025-02-06,EI,37,Male,Screen Failure,Inclusion Criteria Not Met,Yes,2026-07-30T20:12:28.577992
SCR-005794,CRC-GLB-301,SITE-0011,INV-0022,SGP,2025-05-15,TZ,82,Male,Screen Failure,Abnormal Laboratory Values,Yes,2026-07-30T20:12:28.577992
SCR-005795,CRC-GLB-301,SITE-0060,INV-0120,KEN,2025-01-27,MJ,21,Female,Eligible,,Yes,2026-07-30T20:12:28.577992
SCR-005796,CRC-GLB-301,SITE-0004,INV-0008,IND,2025-11-23,KD,45,Male,Screen Failure,Inclusion Criteria Not Met,Yes,2026-07-30T20:12:28.577992
SCR-005797,CRC-GLB-301,SITE-0057,INV-0114,KEN,2025-04-02,YS,43,Male,Eligible,,Yes,2026-07-30T20:12:28.577992
SCR-005798,CRC-GLB-301,SITE-0055,INV-0110,ZAF,2025-03-20,AT,85,Male,Screen Failure,Withdrew Consent,Yes,2026-07-30T20:12:28.577992
SCR-005799,CRC-GLB-301,SITE-0033,INV-0066,GBR,2025-09-04,NZ,48,Female,Screen Failure,Inclusion Criteria Not Met,Yes,2026-07-30T20:12:28.577992
SCR-005800,CRC-GLB-301,SITE-0064,INV-0128,KEN,2025-12-06,IS,42,Female,Eligible,,Yes,2026-07-30T20:12:28.577992
SCR-005801,CRC-GLB-301,SITE-0025,INV-0050,CAN,2025-10-17,UV,56,Female,Eligible,,Yes,2026-07-30T20:12:28.577992
SCR-005802,CRC-GLB-301,SITE-0036,INV-0072,GBR,2025-02-25,WU,46,Female,Eligible,,Yes,2026-07-30T20:12:28.577992
SCR-005803,CRC-GLB-301,SITE-0058,INV-0115,KEN,2025-09-27,EV,20,Male,Eligible,,Yes,2026-07-30T20:12:28.577992
SCR-005804,CRC-GLB-301,SITE-0054,INV-0108,ZAF,2025-06-11,PP,39,Female,Screen Failure,Inclusion Criteria Not Met,Yes,2026-07-30T20:12:28.577992
SCR-005805,CRC-GLB-301,SITE-0037,INV-0074,GBR,2025-10-06,VZ,30,Female,Eligible,,Yes,2026-07-30T20:12:28.577992
SCR-005806,CRC-GLB-301,SITE-0043,INV-0085,DEU,2025-04-09,YB,75,Male,Eligible,,Yes,2026-07-30T20:12:28.577992
SCR-005807,CRC-GLB-301,SITE-0010,INV-0019,SGP,2025-11-25,HM,67,Male,Eligible,,Yes,2026-07-30T20:12:28.577992
SCR-005808,CRC-GLB-301,SITE-0055,INV-0109,ZAF,2025-07-14,JB,32,Male,Screen Failure,Withdrew Consent,Yes,2026-07-30T20:12:28.577992
SCR-005809,CRC-GLB-301,SITE-0003,INV-0005,IND,2025-03-29,ML,63,Female,Eligible,,Yes,2026-07-30T20:12:28.577992
SCR-005810,CRC-GLB-301,SITE-0008,INV-0015,IND,2025-06-29,DD,59,Male,Eligible,,Yes,2026-07-30T20:12:28.577992
SCR-005811,CRC-GLB-301,SITE-0007,INV-0014,IND,2025-04-09,CS,60,Male,Eligible,,Yes,2026-07-30T20:12:28.577992
SCR-005812,CRC-GLB-301,SITE-0064,INV-0128,KEN,2025-03-29,SM,39,Female,Screen Failure,Exclusion Criteria Met,Yes,2026-07-30T20:12:28.577992
SCR-005813,CRC-GLB-301,SITE-0037,INV-0074,GBR,2025-04-02,KN,78,Female,Screen Failure,Exclusion Criteria Met,Yes,2026-07-30T20:12:28.577992
SCR-005814,CRC-GLB-301,SITE-0025,INV-0049,CAN,2025-02-09,TJ,51,Male,Eligible,,Yes,2026-07-30T20:12:28.577992
SCR-005815,CRC-GLB-301,SITE-0063,INV-0125,KEN,2025-12-03,AI,42,Male,Eligible,,Yes,2026-07-30T20:12:28.577992
SCR-005816,CRC-GLB-301,SITE-0040,INV-0080,GBR,2025-05-09,RG,32,Female,Eligible,,Yes,2026-07-30T20:12:28.577992
SCR-005817,CRC-GLB-301,SITE-0035,INV-0070,GBR,2025-12-14,OZ,67,Male,Eligible,,Yes,2026-07-30T20:12:28.577992
SCR-005818,CRC-GLB-301,SITE-0034,INV-0067,GBR,2025-10-11,HZ,36,Female,Eligible,,Yes,2026-07-30T20:12:28.577992
SCR-005819,CRC-GLB-301,SITE-0058,INV-0115,KEN,2025-08-19,WF,70,Female,Screen Failure,Abnormal Laboratory Values,Yes,2026-07-30T20:12:28.577992
SCR-005820,CRC-GLB-301,SITE-0001,INV-0002,IND,2025-01-31,IC,37,Female,Eligible,,Yes,2026-07-30T20:12:28.577992
SCR-005821,CRC-GLB-301,SITE-0012,INV-0023,SGP,2025-04-09,CN,75,Male,Screen Failure,Inclusion Criteria Not Met,Yes,2026-07-30T20:12:28.577992
SCR-005822,CRC-GLB-301,SITE-0003,INV-0006,IND,2025-07-01,PH,65,Female,Eligible,,Yes,2026-07-30T20:12:28.577992
SCR-005823,CRC-GLB-301,SITE-0055,INV-0109,ZAF,2025-11-14,KK,76,Female,Eligible,,Yes,2026-07-30T20:12:28.577992
SCR-005824,CRC-GLB-301,SITE-0002,INV-0003,IND,2025-06-20,BH,52,Male,Eligible,,Yes,2026-07-30T20:12:28.577992
SCR-005825,CRC-GLB-301,SITE-0011,INV-0021,SGP,2025-04-05,KJ,76,Female,Eligible,,Yes,2026-07-30T20:12:28.577992
SCR-005826,CRC-GLB-301,SITE-0039,INV-0078,GBR,2025-07-09,KQ,68,Female,Eligible,,Yes,2026-07-30T20:12:28.577992
SCR-005827,CRC-GLB-301,SITE-0059,INV-0117,KEN,2025-03-13,PM,56,Male,Eligible,,Yes,2026-07-30T20:12:28.577992
SCR-005828,CRC-GLB-301,SITE-0008,INV-0016,IND,2025-01-02,LI,20,Male,Eligible,,Yes,2026-07-30T20:12:28.577992
SCR-005829,CRC-GLB-301,SITE-0031,INV-0061,CAN,2025-01-28,PH,72,Male,Eligible,,Yes,2026-07-30T20:12:28.577992
SCR-005830,CRC-GLB-301,SITE-0016,INV-0032,SGP,2025-12-26,MA,71,Male,Eligible,,Yes,2026-07-30T20:12:28.577992
SCR-005831,CRC-GLB-301,SITE-0049,INV-0098,ZAF,2025-08-25,FV,19,Female,Screen Failure,Exclusion Criteria Met,Yes,2026-07-30T20:12:28.577992
SCR-005832,CRC-GLB-301,SITE-0027,INV-0054,CAN,2025-03-26,OA,80,Male,Eligible,,Yes,2026-07-30T20:12:28.577992
SCR-005833,CRC-GLB-301,SITE-0054,INV-0107,ZAF,2025-02-01,YU,66,Male,Screen Failure,Exclusion Criteria Met,Yes,2026-07-30T20:12:28.577992
SCR-005834,CRC-GLB-301,SITE-0046,INV-0091,DEU,2025-09-03,CV,73,Female,Eligible,,Yes,2026-07-30T20:12:28.577992
SCR-005835,CRC-GLB-301,SITE-0016,INV-0032,SGP,2025-04-23,LW,25,Female,Screen Failure,Inclusion Criteria Not Met,Yes,2026-07-30T20:12:28.577992
SCR-005836,CRC-GLB-301,SITE-0008,INV-0016,IND,2025-03-02,DR,78,Female,Eligible,,Yes,2026-07-30T20:12:28.577992
SCR-005837,CRC-GLB-301,SITE-0056,INV-0111,ZAF,2025-11-01,OH,74,Male,Screen Failure,Inclusion Criteria Not Met,Yes,2026-07-30T20:12:28.577992
SCR-005838,CRC-GLB-301,SITE-0050,INV-0099,ZAF,2025-10-09,LQ,26,Male,Eligible,,Yes,2026-07-30T20:12:28.577992
SCR-005839,CRC-GLB-301,SITE-0020,INV-0039,USA,2025-01-10,NT,84,Female,Eligible,,Yes,2026-07-30T20:12:28.577992
SCR-005840,CRC-GLB-301,SITE-0061,INV-0122,KEN,2025-10-16,OX,37,Female,Eligible,,Yes,2026-07-30T20:12:28.577992
SCR-005841,CRC-GLB-301,SITE-0028,INV-0056,CAN,2025-06-28,QZ,68,Female,Eligible,,Yes,2026-07-30T20:12:28.577992
SCR-005842,CRC-GLB-301,SITE-0023,INV-0046,USA,2025-05-10,XE,47,Male,Eligible,,Yes,2026-07-30T20:12:28.577992
SCR-005843,CRC-GLB-301,SITE-0005,INV-0010,IND,2025-02-03,XG,60,Female,Eligible,,Yes,2026-07-30T20:12:28.577992
SCR-005844,CRC-GLB-301,SITE-0003,INV-0005,IND,2025-04-10,WU,45,Female,Eligible,,Yes,2026-07-30T20:12:28.577992
SCR-005845,CRC-GLB-301,SITE-0058,INV-0115,KEN,2025-02-03,VJ,84,Male,Screen Failure,Inclusion Criteria Not Met,Yes,2026-07-30T20:12:28.577992
SCR-005846,CRC-GLB-301,SITE-0036,INV-0071,GBR,2025-10-02,EN,55,Female,Eligible,,Yes,2026-07-30T20:12:28.577992
SCR-005847,CRC-GLB-301,SITE-0040,INV-0079,GBR,2025-11-25,GC,59,Male,Eligible,,Yes,2026-07-30T20:12:28.577992
SCR-005848,CRC-GLB-301,SITE-0036,INV-0071,GBR,2025-12-06,VF,31,Female,Eligible,,Yes,2026-07-30T20:12:28.577992
SCR-005849,CRC-GLB-301,SITE-0053,INV-0105,ZAF,2025-08-29,ZC,46,Male,Eligible,,Yes,2026-07-30T20:12:28.577992
SCR-005850,CRC-GLB-301,SITE-0009,INV-0018,SGP,2025-02-24,NB,48,Female,Eligible,,Yes,2026-07-30T20:12:28.577992
SCR-005851,CRC-GLB-301,SITE-0003,INV-0005,IND,2025-05-22,XP,56,Female,Eligible,,Yes,2026-07-30T20:12:28.577992
SCR-005852,CRC-GLB-301,SITE-0040,INV-0080,GBR,2025-01-31,UR,26,Female,Screen Failure,Abnormal Laboratory Values,Yes,2026-07-30T20:12:28.577992
SCR-005853,CRC-GLB-301,SITE-0013,INV-0025,SGP,2025-03-21,MO,29,Male,Screen Failure,Abnormal Laboratory Values,Yes,2026-07-30T20:12:28.577992
SCR-005854,CRC-GLB-301,SITE-0021,INV-0042,USA,2025-01-11,QV,72,Male,Screen Failure,Inclusion Criteria Not Met,Yes,2026-07-30T20:12:28.577992
SCR-005855,CRC-GLB-301,SITE-0055,INV-0109,ZAF,2025-05-30,IC,72,Female,Eligible,,Yes,2026-07-30T20:12:28.577992
SCR-005856,CRC-GLB-301,SITE-0013,INV-0025,SGP,2025-09-02,TR,53,Male,Eligible,,Yes,2026-07-30T20:12:28.577992
SCR-005857,CRC-GLB-301,SITE-0001,INV-0002,IND,2025-08-29,BZ,61,Female,Eligible,,Yes,2026-07-30T20:12:28.577992
SCR-005858,CRC-GLB-301,SITE-0020,INV-0040,USA,2025-12-14,AQ,79,Female,Eligible,,Yes,2026-07-30T20:12:28.577992
SCR-005859,CRC-GLB-301,SITE-0042,INV-0084,DEU,2025-04-01,HA,47,Male,Eligible,,Yes,2026-07-30T20:12:28.577992
SCR-005860,CRC-GLB-301,SITE-0026,INV-0051,CAN,2025-07-07,BU,70,Male,Eligible,,Yes,2026-07-30T20:12:28.577992
SCR-005861,CRC-GLB-301,SITE-0058,INV-0116,KEN,2025-10-29,OL,37,Female,Eligible,,Yes,2026-07-30T20:12:28.577992
SCR-005862,CRC-GLB-301,SITE-0039,INV-0078,GBR,2025-08-03,GY,52,Female,Eligible,,Yes,2026-07-30T20:12:28.577992
SCR-005863,CRC-GLB-301,SITE-0028,INV-0055,CAN,2025-07-05,BO,28,Male,Eligible,,Yes,2026-07-30T20:12:28.577992
SCR-005864,CRC-GLB-301,SITE-0018,INV-0036,USA,2025-04-29,FY,35,Male,Eligible,,Yes,2026-07-30T20:12:28.577992
SCR-005865,CRC-GLB-301,SITE-0057,INV-0114,KEN,2025-12-24,TB,59,Female,Eligible,,Yes,2026-07-30T20:12:28.577992
SCR-005866,CRC-GLB-301,SITE-0022,INV-0044,USA,2025-09-17,EQ,64,Female,Eligible,,Yes,2026-07-30T20:12:28.577992
SCR-005867,CRC-GLB-301,SITE-0034,INV-0067,GBR,2025-12-22,HN,41,Male,Eligible,,Yes,2026-07-30T20:12:28.577992
SCR-005868,CRC-GLB-301,SITE-0031,INV-0061,CAN,2025-03-02,DQ,61,Female,Eligible,,Yes,2026-07-30T20:12:28.577992
SCR-005869,CRC-GLB-301,SITE-0052,INV-0104,ZAF,2025-12-11,ZW,31,Male,Screen Failure,Inclusion Criteria Not Met,Yes,2026-07-30T20:12:28.577992
SCR-005870,CRC-GLB-301,SITE-0047,INV-0094,DEU,2025-05-08,EY,78,Female,Eligible,,Yes,2026-07-30T20:12:28.577992
SCR-005871,CRC-GLB-301,SITE-0002,INV-0003,IND,2025-11-09,MD,58,Male,Eligible,,Yes,2026-07-30T20:12:28.577992
SCR-005872,CRC-GLB-301,SITE-0041,INV-0081,DEU,2025-12-15,ZF,53,Male,Eligible,,Yes,2026-07-30T20:12:28.577992
SCR-005873,CRC-GLB-301,SITE-0033,INV-0065,GBR,2025-02-19,TO,79,Female,Eligible,,Yes,2026-07-30T20:12:28.577992
SCR-005874,CRC-GLB-301,SITE-0042,INV-0084,DEU,2025-10-10,AF,46,Female,Screen Failure,Exclusion Criteria Met,Yes,2026-07-30T20:12:28.577992
SCR-005875,CRC-GLB-301,SITE-0003,INV-0005,IND,2025-08-04,SW,59,Female,Eligible,,Yes,2026-07-30T20:12:28.577992
SCR-005876,CRC-GLB-301,SITE-0006,INV-0012,IND,2025-09-23,EX,23,Female,Eligible,,Yes,2026-07-30T20:12:28.577992
SCR-005877,CRC-GLB-301,SITE-0021,INV-0042,USA,2025-07-07,TN,41,Male,Screen Failure,Exclusion Criteria Met,Yes,2026-07-30T20:12:28.577992
SCR-005878,CRC-GLB-301,SITE-0058,INV-0115,KEN,2025-08-08,WE,64,Female,Eligible,,Yes,2026-07-30T20:12:28.577992
SCR-005879,CRC-GLB-301,SITE-0028,INV-0056,CAN,2025-01-10,NJ,35,Male,Eligible,,Yes,2026-07-30T20:12:28.577992
SCR-005880,CRC-GLB-301,SITE-0054,INV-0107,ZAF,2025-04-14,YR,70,Female,Eligible,,Yes,2026-07-30T20:12:28.577992
SCR-005881,CRC-GLB-301,SITE-0048,INV-0095,DEU,2025-02-02,CF,35,Female,Eligible,,Yes,2026-07-30T20:12:28.577992
SCR-005882,CRC-GLB-301,SITE-0004,INV-0007,IND,2025-06-03,TV,54,Female,Eligible,,Yes,2026-07-30T20:12:28.577992
SCR-005883,CRC-GLB-301,SITE-0062,INV-0124,KEN,2025-07-14,WO,71,Male,Eligible,,Yes,2026-07-30T20:12:28.577992
SCR-005884,CRC-GLB-301,SITE-0063,INV-0125,KEN,2025-08-14,ZP,78,Male,Screen Failure,Exclusion Criteria Met,Yes,2026-07-30T20:12:28.577992
SCR-005885,CRC-GLB-301,SITE-0004,INV-0008,IND,2025-05-08,NO,27,Male,Eligible,,Yes,2026-07-30T20:12:28.577992
SCR-005886,CRC-GLB-301,SITE-0020,INV-0039,USA,2025-12-04,WK,60,Female,Eligible,,Yes,2026-07-30T20:12:28.577992
SCR-005887,CRC-GLB-301,SITE-0047,INV-0093,DEU,2025-11-27,MT,52,Female,Eligible,,Yes,2026-07-30T20:12:28.577992
SCR-005888,CRC-GLB-301,SITE-0043,INV-0085,DEU,2025-11-17,IJ,39,Male,Screen Failure,Exclusion Criteria Met,Yes,2026-07-30T20:12:28.577992
SCR-005889,CRC-GLB-301,SITE-0002,INV-0003,IND,2025-07-28,VR,34,Female,Screen Failure,Abnormal Laboratory Values,Yes,2026-07-30T20:12:28.577992
SCR-005890,CRC-GLB-301,SITE-0016,INV-0031,SGP,2025-09-23,BB,66,Male,Eligible,,Yes,2026-07-30T20:12:28.577992
SCR-005891,CRC-GLB-301,SITE-0056,INV-0111,ZAF,2025-11-06,PI,22,Female,Eligible,,Yes,2026-07-30T20:12:28.577992
SCR-005892,CRC-GLB-301,SITE-0026,INV-0051,CAN,2025-11-12,DJ,84,Female,Eligible,,Yes,2026-07-30T20:12:28.577992
SCR-005893,CRC-GLB-301,SITE-0002,INV-0004,IND,2025-12-22,EN,81,Male,Eligible,,Yes,2026-07-30T20:12:28.577992
SCR-005894,CRC-GLB-301,SITE-0008,INV-0015,IND,2025-08-04,QQ,64,Female,Eligible,,Yes,2026-07-30T20:12:28.577992
SCR-005895,CRC-GLB-301,SITE-0043,INV-0086,DEU,2025-04-01,IA,67,Female,Eligible,,Yes,2026-07-30T20:12:28.577992
SCR-005896,CRC-GLB-301,SITE-0010,INV-0019,SGP,2025-04-20,IO,18,Female,Eligible,,Yes,2026-07-30T20:12:28.577992
SCR-005897,CRC-GLB-301,SITE-0004,INV-0007,IND,2025-01-02,LH,40,Male,Screen Failure,Inclusion Criteria Not Met,Yes,2026-07-30T20:12:28.577992
SCR-005898,CRC-GLB-301,SITE-0052,INV-0103,ZAF,2025-05-06,UK,21,Female,Eligible,,Yes,2026-07-30T20:12:28.577992
SCR-005899,CRC-GLB-301,SITE-0037,INV-0074,GBR,2025-04-18,UM,32,Male,Screen Failure,Abnormal Laboratory Values,Yes,2026-07-30T20:12:28.577992
SCR-005900,CRC-GLB-301,SITE-0023,INV-0046,USA,2025-12-30,MM,71,Male,Eligible,,Yes,2026-07-30T20:12:28.577992
SCR-005901,CRC-GLB-301,SITE-0029,INV-0057,CAN,2025-10-28,BX,25,Female,Eligible,,Yes,2026-07-30T20:12:28.577992
SCR-005902,CRC-GLB-301,SITE-0030,INV-0060,CAN,2025-12-24,GU,78,Female,Eligible,,Yes,2026-07-30T20:12:28.577992
SCR-005903,CRC-GLB-301,SITE-0043,INV-0086,DEU,2025-09-20,SG,33,Male,Eligible,,Yes,2026-07-30T20:12:28.577992
SCR-005904,CRC-GLB-301,SITE-0005,INV-0009,IND,2025-09-27,WM,77,Male,Eligible,,Yes,2026-07-30T20:12:28.577992
SCR-005905,CRC-GLB-301,SITE-0012,INV-0023,SGP,2025-02-23,DZ,63,Female,Eligible,,Yes,2026-07-30T20:12:28.577992
SCR-005906,CRC-GLB-301,SITE-0040,INV-0080,GBR,2025-01-04,FD,45,Male,Eligible,,Yes,2026-07-30T20:12:28.577992
SCR-005907,CRC-GLB-301,SITE-0018,INV-0035,USA,2025-09-08,NL,20,Female,Eligible,,Yes,2026-07-30T20:12:28.577992
SCR-005908,CRC-GLB-301,SITE-0023,INV-0045,USA,2025-03-13,MI,29,Male,Eligible,,Yes,2026-07-30T20:12:28.577992
SCR-005909,CRC-GLB-301,SITE-0041,INV-0081,DEU,2025-01-13,KA,51,Male,Eligible,,Yes,2026-07-30T20:12:28.577992
SCR-005910,CRC-GLB-301,SITE-0049,INV-0098,ZAF,2025-03-08,WE,68,Male,Eligible,,Yes,2026-07-30T20:12:28.577992
SCR-005911,CRC-GLB-301,SITE-0014,INV-0027,SGP,2025-10-22,IC,23,Male,Eligible,,Yes,2026-07-30T20:12:28.577992
SCR-005912,CRC-GLB-301,SITE-0009,INV-0018,SGP,2025-06-15,BK,39,Male,Screen Failure,Exclusion Criteria Met,Yes,2026-07-30T20:12:28.577992
SCR-005913,CRC-GLB-301,SITE-0025,INV-0049,CAN,2025-02-08,FL,22,Male,Eligible,,Yes,2026-07-30T20:12:28.577992
SCR-005914,CRC-GLB-301,SITE-0004,INV-0007,IND,2025-11-02,IB,53,Female,Eligible,,Yes,2026-07-30T20:12:28.577992
SCR-005915,CRC-GLB-301,SITE-0050,INV-0099,ZAF,2025-12-27,GK,77,Female,Eligible,,Yes,2026-07-30T20:12:28.577992
SCR-005916,CRC-GLB-301,SITE-0019,INV-0038,USA,2025-03-22,AT,64,Male,Eligible,,Yes,2026-07-30T20:12:28.577992
SCR-005917,CRC-GLB-301,SITE-0001,INV-0002,IND,2025-12-20,RX,47,Male,Screen Failure,Exclusion Criteria Met,Yes,2026-07-30T20:12:28.577992
SCR-005918,CRC-GLB-301,SITE-0027,INV-0054,CAN,2025-01-14,CK,41,Female,Eligible,,Yes,2026-07-30T20:12:28.577992
SCR-005919,CRC-GLB-301,SITE-0017,INV-0034,USA,2025-02-04,AV,52,Female,Eligible,,Yes,2026-07-30T20:12:28.577992
SCR-005920,CRC-GLB-301,SITE-0016,INV-0032,SGP,2025-05-06,AX,27,Female,Eligible,,Yes,2026-07-30T20:12:28.577992
SCR-005921,CRC-GLB-301,SITE-0013,INV-0025,SGP,2025-04-24,RA,68,Female,Eligible,,Yes,2026-07-30T20:12:28.577992
SCR-005922,CRC-GLB-301,SITE-0026,INV-0051,CAN,2025-05-31,ZM,29,Male,Screen Failure,Exclusion Criteria Met,Yes,2026-07-30T20:12:28.577992
SCR-005923,CRC-GLB-301,SITE-0044,INV-0088,DEU,2025-08-01,IG,24,Male,Eligible,,Yes,2026-07-30T20:12:28.577992
SCR-005924,CRC-GLB-301,SITE-0050,INV-0099,ZAF,2025-12-05,ZY,64,Female,Eligible,,Yes,2026-07-30T20:12:28.577992
SCR-005925,CRC-GLB-301,SITE-0036,INV-0071,GBR,2025-04-24,PP,82,Male,Eligible,,Yes,2026-07-30T20:12:28.577992
SCR-005926,CRC-GLB-301,SITE-0002,INV-0003,IND,2025-10-10,HK,66,Female,Eligible,,Yes,2026-07-30T20:12:28.577992
SCR-005927,CRC-GLB-301,SITE-0047,INV-0093,DEU,2025-02-17,SL,48,Male,Eligible,,Yes,2026-07-30T20:12:28.577992
SCR-005928,CRC-GLB-301,SITE-0035,INV-0070,GBR,2025-07-05,AV,20,Male,Eligible,,Yes,2026-07-30T20:12:28.577992
SCR-005929,CRC-GLB-301,SITE-0033,INV-0066,GBR,2025-07-04,NR,55,Female,Eligible,,Yes,2026-07-30T20:12:28.577992
SCR-005930,CRC-GLB-301,SITE-0037,INV-0073,GBR,2025-02-20,NT,20,Male,Screen Failure,Inclusion Criteria Not Met,Yes,2026-07-30T20:12:28.577992
SCR-005931,CRC-GLB-301,SITE-0028,INV-0055,CAN,2025-01-02,CZ,31,Male,Eligible,,Yes,2026-07-30T20:12:28.577992
SCR-005932,CRC-GLB-301,SITE-0052,INV-0103,ZAF,2025-11-01,CM,62,Male,Eligible,,Yes,2026-07-30T20:12:28.577992
SCR-005933,CRC-GLB-301,SITE-0059,INV-0118,KEN,2025-03-03,XT,38,Female,Eligible,,Yes,2026-07-30T20:12:28.577992
SCR-005934,CRC-GLB-301,SITE-0060,INV-0120,KEN,2025-01-11,HC,68,Male,Screen Failure,Abnormal Laboratory Values,Yes,2026-07-30T20:12:28.577992
SCR-005935,CRC-GLB-301,SITE-0019,INV-0038,USA,2025-04-11,TR,62,Female,Eligible,,Yes,2026-07-30T20:12:28.577992
SCR-005936,CRC-GLB-301,SITE-0064,INV-0127,KEN,2025-01-06,DA,80,Male,Eligible,,Yes,2026-07-30T20:12:28.577992
SCR-005937,CRC-GLB-301,SITE-0004,INV-0007,IND,2025-07-16,UI,54,Female,Eligible,,Yes,2026-07-30T20:12:28.577992
SCR-005938,CRC-GLB-301,SITE-0049,INV-0098,ZAF,2025-02-15,GU,78,Male,Eligible,,Yes,2026-07-30T20:12:28.577992
SCR-005939,CRC-GLB-301,SITE-0057,INV-0114,KEN,2025-06-22,FW,64,Female,Eligible,,Yes,2026-07-30T20:12:28.577992
SCR-005940,CRC-GLB-301,SITE-0046,INV-0091,DEU,2025-10-14,YB,20,Female,Eligible,,Yes,2026-07-30T20:12:28.577992
SCR-005941,CRC-GLB-301,SITE-0045,INV-0090,DEU,2025-08-29,FI,50,Male,Eligible,,Yes,2026-07-30T20:12:28.577992
SCR-005942,CRC-GLB-301,SITE-0058,INV-0115,KEN,2025-10-31,GK,29,Male,Eligible,,Yes,2026-07-30T20:12:28.577992
SCR-005943,CRC-GLB-301,SITE-0004,INV-0007,IND,2025-05-14,IQ,32,Female,Eligible,,Yes,2026-07-30T20:12:28.577992
SCR-005944,CRC-GLB-301,SITE-0056,INV-0112,ZAF,2025-01-22,DF,18,Female,Screen Failure,Withdrew Consent,Yes,2026-07-30T20:12:28.577992
SCR-005945,CRC-GLB-301,SITE-0038,INV-0075,GBR,2025-01-31,UA,40,Female,Screen Failure,Withdrew Consent,Yes,2026-07-30T20:12:28.577992
SCR-005946,CRC-GLB-301,SITE-0022,INV-0044,USA,2025-06-15,XF,28,Male,Eligible,,Yes,2026-07-30T20:12:28.577992
SCR-005947,CRC-GLB-301,SITE-0033,INV-0065,GBR,2025-08-19,KZ,21,Female,Eligible,,Yes,2026-07-30T20:12:28.577992
SCR-005948,CRC-GLB-301,SITE-0039,INV-0077,GBR,2025-09-09,JR,30,Female,Eligible,,Yes,2026-07-30T20:12:28.577992
SCR-005949,CRC-GLB-301,SITE-0032,INV-0064,CAN,2025-11-11,AU,52,Male,Eligible,,Yes,2026-07-30T20:12:28.577992
SCR-005950,CRC-GLB-301,SITE-0015,INV-0030,SGP,2025-11-11,FT,69,Male,Screen Failure,Exclusion Criteria Met,Yes,2026-07-30T20:12:28.577992
SCR-005951,CRC-GLB-301,SITE-0004,INV-0007,IND,2025-10-27,LR,63,Female,Eligible,,Yes,2026-07-30T20:12:28.577992
SCR-005952,CRC-GLB-301,SITE-0014,INV-0027,SGP,2025-02-01,UY,54,Female,Eligible,,Yes,2026-07-30T20:12:28.577992
SCR-005953,CRC-GLB-301,SITE-0036,INV-0072,GBR,2025-07-12,GO,63,Female,Screen Failure,Withdrew Consent,Yes,2026-07-30T20:12:28.577992
SCR-005954,CRC-GLB-301,SITE-0022,INV-0044,USA,2025-01-25,OX,25,Male,Eligible,,Yes,2026-07-30T20:12:28.577992
SCR-005955,CRC-GLB-301,SITE-0040,INV-0079,GBR,2025-10-21,PE,77,Male,Eligible,,Yes,2026-07-30T20:12:28.577992
SCR-005956,CRC-GLB-301,SITE-0022,INV-0044,USA,2025-03-03,AN,60,Male,Eligible,,Yes,2026-07-30T20:12:28.577992
SCR-005957,CRC-GLB-301,SITE-0033,INV-0065,GBR,2025-09-28,RD,60,Male,Eligible,,Yes,2026-07-30T20:12:28.577992
SCR-005958,CRC-GLB-301,SITE-0002,INV-0003,IND,2025-04-06,YR,70,Female,Eligible,,Yes,2026-07-30T20:12:28.577992
SCR-005959,CRC-GLB-301,SITE-0016,INV-0031,SGP,2025-10-16,UN,62,Male,Eligible,,Yes,2026-07-30T20:12:28.577992
SCR-005960,CRC-GLB-301,SITE-0027,INV-0053,CAN,2025-04-10,AL,46,Male,Screen Failure,Abnormal Laboratory Values,Yes,2026-07-30T20:12:28.577992
SCR-005961,CRC-GLB-301,SITE-0029,INV-0057,CAN,2025-04-27,ON,20,Male,Eligible,,Yes,2026-07-30T20:12:28.577992
SCR-005962,CRC-GLB-301,SITE-0056,INV-0112,ZAF,2025-07-25,PS,26,Male,Screen Failure,Withdrew Consent,Yes,2026-07-30T20:12:28.577992
SCR-005963,CRC-GLB-301,SITE-0003,INV-0006,IND,2025-01-07,VW,76,Male,Eligible,,Yes,2026-07-30T20:12:28.577992
SCR-005964,CRC-GLB-301,SITE-0046,INV-0092,DEU,2025-05-31,ZT,62,Female,Eligible,,Yes,2026-07-30T20:12:28.577992
SCR-005965,CRC-GLB-301,SITE-0004,INV-0008,IND,2025-10-30,YZ,57,Male,Eligible,,Yes,2026-07-30T20:12:28.577992
SCR-005966,CRC-GLB-301,SITE-0059,INV-0118,KEN,2025-04-17,OH,32,Female,Screen Failure,Withdrew Consent,Yes,2026-07-30T20:12:28.577992
SCR-005967,CRC-GLB-301,SITE-0048,INV-0096,DEU,2025-08-06,PP,77,Male,Screen Failure,Withdrew Consent,Yes,2026-07-30T20:12:28.577992
SCR-005968,CRC-GLB-301,SITE-0049,INV-0097,ZAF,2025-07-29,FS,45,Male,Eligible,,Yes,2026-07-30T20:12:28.577992
SCR-005969,CRC-GLB-301,SITE-0034,INV-0067,GBR,2025-01-22,EW,28,Male,Screen Failure,Withdrew Consent,Yes,2026-07-30T20:12:28.577992
SCR-005970,CRC-GLB-301,SITE-0042,INV-0084,DEU,2025-06-14,RZ,51,Male,Screen Failure,Withdrew Consent,Yes,2026-07-30T20:12:28.577992
SCR-005971,CRC-GLB-301,SITE-0030,INV-0060,CAN,2025-01-11,XK,47,Male,Screen Failure,Exclusion Criteria Met,Yes,2026-07-30T20:12:28.577992
SCR-005972,CRC-GLB-301,SITE-0057,INV-0114,KEN,2025-12-22,OQ,73,Male,Eligible,,Yes,2026-07-30T20:12:28.577992
SCR-005973,CRC-GLB-301,SITE-0046,INV-0091,DEU,2025-08-30,UE,52,Male,Screen Failure,Inclusion Criteria Not Met,Yes,2026-07-30T20:12:28.577992
SCR-005974,CRC-GLB-301,SITE-0031,INV-0062,CAN,2025-08-15,GR,77,Male,Screen Failure,Exclusion Criteria Met,Yes,2026-07-30T20:12:28.577992
SCR-005975,CRC-GLB-301,SITE-0006,INV-0011,IND,2025-04-22,ZN,51,Male,Eligible,,Yes,2026-07-30T20:12:28.577992
SCR-005976,CRC-GLB-301,SITE-0037,INV-0073,GBR,2025-06-26,WM,33,Female,Screen Failure,Exclusion Criteria Met,Yes,2026-07-30T20:12:28.577992
SCR-005977,CRC-GLB-301,SITE-0019,INV-0038,USA,2025-03-05,BT,54,Female,Eligible,,Yes,2026-07-30T20:12:28.577992
SCR-005978,CRC-GLB-301,SITE-0049,INV-0097,ZAF,2025-01-13,LG,79,Male,Eligible,,Yes,2026-07-30T20:12:28.577992
SCR-005979,CRC-GLB-301,SITE-0045,INV-0090,DEU,2025-03-03,HZ,62,Female,Eligible,,Yes,2026-07-30T20:12:28.577992
SCR-005980,CRC-GLB-301,SITE-0040,INV-0080,GBR,2025-04-10,BC,68,Female,Eligible,,Yes,2026-07-30T20:12:28.577992
SCR-005981,CRC-GLB-301,SITE-0023,INV-0046,USA,2025-07-26,GQ,20,Male,Eligible,,Yes,2026-07-30T20:12:28.577992
SCR-005982,CRC-GLB-301,SITE-0035,INV-0069,GBR,2025-10-08,FD,64,Female,Eligible,,Yes,2026-07-30T20:12:28.577992
SCR-005983,CRC-GLB-301,SITE-0014,INV-0028,SGP,2025-08-10,AN,24,Female,Screen Failure,Abnormal Laboratory Values,Yes,2026-07-30T20:12:28.577992
SCR-005984,CRC-GLB-301,SITE-0009,INV-0017,SGP,2025-12-10,DH,69,Male,Eligible,,Yes,2026-07-30T20:12:28.577992
SCR-005985,CRC-GLB-301,SITE-0022,INV-0044,USA,2025-02-03,MG,66,Male,Eligible,,Yes,2026-07-30T20:12:28.577992
SCR-005986,CRC-GLB-301,SITE-0059,INV-0117,KEN,2025-08-11,VC,42,Male,Eligible,,Yes,2026-07-30T20:12:28.577992
SCR-005987,CRC-GLB-301,SITE-0011,INV-0021,SGP,2025-08-20,XT,43,Male,Eligible,,Yes,2026-07-30T20:12:28.577992
SCR-005988,CRC-GLB-301,SITE-0040,INV-0080,GBR,2025-11-29,FU,85,Male,Screen Failure,Inclusion Criteria Not Met,Yes,2026-07-30T20:12:28.577992
SCR-005989,CRC-GLB-301,SITE-0036,INV-0071,GBR,2025-12-02,CH,70,Female,Eligible,,Yes,2026-07-30T20:12:28.577992
SCR-005990,CRC-GLB-301,SITE-0024,INV-0048,USA,2025-10-15,RK,30,Male,Screen Failure,Exclusion Criteria Met,Yes,2026-07-30T20:12:28.577992
SCR-005991,CRC-GLB-301,SITE-0030,INV-0060,CAN,2025-11-29,DS,80,Male,Eligible,,Yes,2026-07-30T20:12:28.577992
SCR-005992,CRC-GLB-301,SITE-0010,INV-0020,SGP,2025-06-26,XR,41,Female,Eligible,,Yes,2026-07-30T20:12:28.577992
SCR-005993,CRC-GLB-301,SITE-0032,INV-0063,CAN,2025-03-31,CK,26,Female,Eligible,,Yes,2026-07-30T20:12:28.577992
SCR-005994,CRC-GLB-301,SITE-0007,INV-0013,IND,2025-05-06,NB,78,Female,Eligible,,Yes,2026-07-30T20:12:28.577992
SCR-005995,CRC-GLB-301,SITE-0052,INV-0103,ZAF,2025-03-21,NI,19,Female,Eligible,,Yes,2026-07-30T20:12:28.577992
SCR-005996,CRC-GLB-301,SITE-0021,INV-0042,USA,2025-12-20,RN,27,Male,Eligible,,Yes,2026-07-30T20:12:28.577992
SCR-005997,CRC-GLB-301,SITE-0044,INV-0087,DEU,2025-05-08,PK,27,Male,Eligible,,Yes,2026-07-30T20:12:28.577992
SCR-005998,CRC-GLB-301,SITE-0032,INV-0064,CAN,2025-11-09,QP,60,Male,Eligible,,Yes,2026-07-30T20:12:28.577992
SCR-005999,CRC-GLB-301,SITE-0008,INV-0015,IND,2025-04-05,UQ,84,Male,Eligible,,Yes,2026-07-30T20:12:28.577992
SCR-006000,CRC-GLB-301,SITE-0036,INV-0072,GBR,2025-10-20,JP,49,Female,Eligible,,Yes,2026-07-30T20:12:28.577992
SCR-006001,CRC-GLB-301,SITE-0020,INV-0039,USA,2025-03-31,BE,56,Female,Eligible,,Yes,2026-07-30T20:12:28.577992
SCR-006002,CRC-GLB-301,SITE-0013,INV-0025,SGP,2025-06-24,LX,38,Male,Eligible,,Yes,2026-07-30T20:12:28.577992
SCR-006003,CRC-GLB-301,SITE-0007,INV-0014,IND,2025-10-10,AR,53,Female,Screen Failure,Withdrew Consent,Yes,2026-07-30T20:12:28.577992
SCR-006004,CRC-GLB-301,SITE-0063,INV-0125,KEN,2025-02-13,HZ,37,Male,Eligible,,Yes,2026-07-30T20:12:28.577992
SCR-006005,CRC-GLB-301,SITE-0033,INV-0066,GBR,2025-08-13,CZ,38,Male,Eligible,,Yes,2026-07-30T20:12:28.577992
SCR-006006,CRC-GLB-301,SITE-0026,INV-0052,CAN,2025-05-26,OH,60,Female,Screen Failure,Exclusion Criteria Met,Yes,2026-07-30T20:12:28.577992
SCR-006007,CRC-GLB-301,SITE-0024,INV-0047,USA,2025-08-18,OZ,72,Male,Eligible,,Yes,2026-07-30T20:12:28.577992
SCR-006008,CRC-GLB-301,SITE-0062,INV-0123,KEN,2025-03-08,UL,70,Male,Eligible,,Yes,2026-07-30T20:12:28.577992
SCR-006009,CRC-GLB-301,SITE-0054,INV-0107,ZAF,2025-11-09,WR,26,Male,Eligible,,Yes,2026-07-30T20:12:28.577992
SCR-006010,CRC-GLB-301,SITE-0053,INV-0105,ZAF,2025-08-07,JM,27,Female,Eligible,,Yes,2026-07-30T20:12:28.577992
SCR-006011,CRC-GLB-301,SITE-0033,INV-0065,GBR,2025-07-27,YG,49,Female,Screen Failure,Withdrew Consent,Yes,2026-07-30T20:12:28.577992
SCR-006012,CRC-GLB-301,SITE-0048,INV-0096,DEU,2025-09-17,HF,79,Female,Screen Failure,Inclusion Criteria Not Met,Yes,2026-07-30T20:12:28.577992
SCR-006013,CRC-GLB-301,SITE-0062,INV-0124,KEN,2025-10-16,DP,61,Male,Screen Failure,Abnormal Laboratory Values,Yes,2026-07-30T20:12:28.577992
SCR-006014,CRC-GLB-301,SITE-0053,INV-0105,ZAF,2025-10-02,ZY,83,Male,Eligible,,Yes,2026-07-30T20:12:28.577992
SCR-006015,CRC-GLB-301,SITE-0057,INV-0114,KEN,2025-06-09,OO,39,Male,Eligible,,Yes,2026-07-30T20:12:28.577992
SCR-006016,CRC-GLB-301,SITE-0049,INV-0097,ZAF,2025-05-25,DG,18,Male,Eligible,,Yes,2026-07-30T20:12:28.577992
SCR-006017,CRC-GLB-301,SITE-0045,INV-0090,DEU,2025-09-12,QE,79,Male,Eligible,,Yes,2026-07-30T20:12:28.577992
SCR-006018,CRC-GLB-301,SITE-0043,INV-0085,DEU,2025-07-23,TS,47,Female,Eligible,,Yes,2026-07-30T20:12:28.577992
SCR-006019,CRC-GLB-301,SITE-0053,INV-0105,ZAF,2025-03-24,PA,83,Male,Eligible,,Yes,2026-07-30T20:12:28.577992
SCR-006020,CRC-GLB-301,SITE-0039,INV-0077,GBR,2025-09-09,GQ,73,Male,Eligible,,Yes,2026-07-30T20:12:28.577992
SCR-006021,CRC-GLB-301,SITE-0049,INV-0098,ZAF,2025-06-13,WA,70,Male,Eligible,,Yes,2026-07-30T20:12:28.577992
SCR-006022,CRC-GLB-301,SITE-0060,INV-0119,KEN,2025-09-15,FU,28,Male,Screen Failure,Withdrew Consent,Yes,2026-07-30T20:12:28.577992
SCR-006023,CRC-GLB-301,SITE-0017,INV-0034,USA,2025-03-27,RU,55,Male,Screen Failure,Inclusion Criteria Not Met,Yes,2026-07-30T20:12:28.577992
SCR-006024,CRC-GLB-301,SITE-0046,INV-0091,DEU,2025-02-03,XK,75,Female,Eligible,,Yes,2026-07-30T20:12:28.577992
SCR-006025,CRC-GLB-301,SITE-0047,INV-0094,DEU,2025-09-01,HJ,37,Male,Eligible,,Yes,2026-07-30T20:12:28.577992
SCR-006026,CRC-GLB-301,SITE-0002,INV-0004,IND,2025-12-09,TA,61,Female,Eligible,,Yes,2026-07-30T20:12:28.577992
SCR-006027,CRC-GLB-301,SITE-0008,INV-0016,IND,2025-09-03,FS,54,Male,Screen Failure,Abnormal Laboratory Values,Yes,2026-07-30T20:12:28.577992
SCR-006028,CRC-GLB-301,SITE-0007,INV-0014,IND,2025-01-04,UT,66,Male,Eligible,,Yes,2026-07-30T20:12:28.577992
SCR-006029,CRC-GLB-301,SITE-0053,INV-0105,ZAF,2025-12-04,IZ,74,Female,Eligible,,Yes,2026-07-30T20:12:28.577992
SCR-006030,CRC-GLB-301,SITE-0052,INV-0103,ZAF,2025-12-21,EH,65,Female,Eligible,,Yes,2026-07-30T20:12:28.577992
SCR-006031,CRC-GLB-301,SITE-0060,INV-0119,KEN,2025-09-19,CF,67,Female,Eligible,,Yes,2026-07-30T20:12:28.577992
SCR-006032,CRC-GLB-301,SITE-0043,INV-0086,DEU,2025-06-20,WJ,68,Male,Eligible,,Yes,2026-07-30T20:12:28.577992
SCR-006033,CRC-GLB-301,SITE-0050,INV-0099,ZAF,2025-04-03,KJ,48,Male,Screen Failure,Abnormal Laboratory Values,Yes,2026-07-30T20:12:28.577992
SCR-006034,CRC-GLB-301,SITE-0040,INV-0080,GBR,2025-10-29,KS,32,Female,Eligible,,Yes,2026-07-30T20:12:28.577992
SCR-006035,CRC-GLB-301,SITE-0041,INV-0081,DEU,2025-05-28,CQ,42,Female,Eligible,,Yes,2026-07-30T20:12:28.577992
SCR-006036,CRC-GLB-301,SITE-0029,INV-0058,CAN,2025-09-27,LI,35,Female,Eligible,,Yes,2026-07-30T20:12:28.577992
SCR-006037,CRC-GLB-301,SITE-0016,INV-0031,SGP,2025-08-19,PW,38,Male,Eligible,,Yes,2026-07-30T20:12:28.577992
SCR-006038,CRC-GLB-301,SITE-0003,INV-0006,IND,2025-04-21,YB,38,Male,Screen Failure,Abnormal Laboratory Values,Yes,2026-07-30T20:12:28.577992
SCR-006039,CRC-GLB-301,SITE-0026,INV-0052,CAN,2025-06-15,IL,21,Male,Eligible,,Yes,2026-07-30T20:12:28.577992
SCR-006040,CRC-GLB-301,SITE-0061,INV-0121,KEN,2025-07-25,KW,80,Male,Screen Failure,Abnormal Laboratory Values,Yes,2026-07-30T20:12:28.577992
SCR-006041,CRC-GLB-301,SITE-0032,INV-0063,CAN,2025-07-15,QY,62,Female,Eligible,,Yes,2026-07-30T20:12:28.577992
SCR-006042,CRC-GLB-301,SITE-0026,INV-0052,CAN,2025-12-24,BR,31,Male,Eligible,,Yes,2026-07-30T20:12:28.577992
SCR-006043,CRC-GLB-301,SITE-0037,INV-0073,GBR,2025-05-01,KL,66,Female,Eligible,,Yes,2026-07-30T20:12:28.577992
SCR-006044,CRC-GLB-301,SITE-0047,INV-0093,DEU,2025-03-07,SD,67,Female,Eligible,,Yes,2026-07-30T20:12:28.577992
SCR-006045,CRC-GLB-301,SITE-0028,INV-0056,CAN,2025-02-10,PM,60,Female,Eligible,,Yes,2026-07-30T20:12:28.577992
SCR-006046,CRC-GLB-301,SITE-0016,INV-0031,SGP,2025-01-16,VH,51,Male,Eligible,,Yes,2026-07-30T20:12:28.577992
SCR-006047,CRC-GLB-301,SITE-0021,INV-0042,USA,2025-06-02,FY,85,Male,Eligible,,Yes,2026-07-30T20:12:28.577992
SCR-006048,CRC-GLB-301,SITE-0049,INV-0098,ZAF,2025-07-26,OY,48,Female,Eligible,,Yes,2026-07-30T20:12:28.577992
SCR-006049,CRC-GLB-301,SITE-0050,INV-0100,ZAF,2025-10-07,NV,68,Male,Screen Failure,Abnormal Laboratory Values,Yes,2026-07-30T20:12:28.577992
SCR-006050,CRC-GLB-301,SITE-0062,INV-0124,KEN,2025-10-17,XZ,56,Male,Screen Failure,Exclusion Criteria Met,Yes,2026-07-30T20:12:28.577992
SCR-006051,CRC-GLB-301,SITE-0031,INV-0062,CAN,2025-10-27,AS,54,Male,Eligible,,Yes,2026-07-30T20:12:28.577992
SCR-006052,CRC-GLB-301,SITE-0037,INV-0074,GBR,2025-08-27,HL,75,Male,Screen Failure,Abnormal Laboratory Values,Yes,2026-07-30T20:12:28.577992
SCR-006053,CRC-GLB-301,SITE-0047,INV-0094,DEU,2025-05-20,ID,70,Male,Eligible,,Yes,2026-07-30T20:12:28.577992
SCR-006054,CRC-GLB-301,SITE-0008,INV-0016,IND,2025-05-10,LQ,78,Female,Eligible,,Yes,2026-07-30T20:12:28.577992
SCR-006055,CRC-GLB-301,SITE-0008,INV-0016,IND,2025-02-16,WG,33,Female,Screen Failure,Abnormal Laboratory Values,Yes,2026-07-30T20:12:28.577992
SCR-006056,CRC-GLB-301,SITE-0049,INV-0097,ZAF,2025-05-03,LE,21,Male,Eligible,,Yes,2026-07-30T20:12:28.577992
SCR-006057,CRC-GLB-301,SITE-0041,INV-0082,DEU,2025-09-25,YP,32,Male,Eligible,,Yes,2026-07-30T20:12:28.577992
SCR-006058,CRC-GLB-301,SITE-0048,INV-0096,DEU,2025-09-03,LX,78,Female,Eligible,,Yes,2026-07-30T20:12:28.577992
SCR-006059,CRC-GLB-301,SITE-0004,INV-0007,IND,2025-10-22,RQ,40,Female,Screen Failure,Exclusion Criteria Met,Yes,2026-07-30T20:12:28.577992
SCR-006060,CRC-GLB-301,SITE-0051,INV-0102,ZAF,2025-12-21,UU,68,Male,Screen Failure,Withdrew Consent,Yes,2026-07-30T20:12:28.577992
SCR-006061,CRC-GLB-301,SITE-0012,INV-0024,SGP,2025-09-04,BK,70,Female,Eligible,,Yes,2026-07-30T20:12:28.577992
SCR-006062,CRC-GLB-301,SITE-0057,INV-0114,KEN,2025-02-05,KG,46,Female,Eligible,,Yes,2026-07-30T20:12:28.577992
SCR-006063,CRC-GLB-301,SITE-0027,INV-0053,CAN,2025-05-04,AF,70,Male,Eligible,,Yes,2026-07-30T20:12:28.577992
SCR-006064,CRC-GLB-301,SITE-0039,INV-0078,GBR,2025-06-05,AG,68,Female,Eligible,,Yes,2026-07-30T20:12:28.577992
SCR-006065,CRC-GLB-301,SITE-0036,INV-0072,GBR,2025-08-20,AI,68,Female,Eligible,,Yes,2026-07-30T20:12:28.577992
SCR-006066,CRC-GLB-301,SITE-0035,INV-0069,GBR,2025-10-16,QH,34,Male,Screen Failure,Abnormal Laboratory Values,Yes,2026-07-30T20:12:28.577992
SCR-006067,CRC-GLB-301,SITE-0060,INV-0120,KEN,2025-03-29,BO,22,Male,Eligible,,Yes,2026-07-30T20:12:28.577992
SCR-006068,CRC-GLB-301,SITE-0023,INV-0045,USA,2025-05-11,XE,19,Male,Eligible,,Yes,2026-07-30T20:12:28.577992
SCR-006069,CRC-GLB-301,SITE-0021,INV-0041,USA,2025-07-01,GK,21,Female,Eligible,,Yes,2026-07-30T20:12:28.577992
SCR-006070,CRC-GLB-301,SITE-0046,INV-0092,DEU,2025-09-26,LK,23,Male,Eligible,,Yes,2026-07-30T20:12:28.577992
SCR-006071,CRC-GLB-301,SITE-0011,INV-0021,SGP,2025-04-07,CX,35,Female,Screen Failure,Exclusion Criteria Met,Yes,2026-07-30T20:12:28.577992
SCR-006072,CRC-GLB-301,SITE-0002,INV-0004,IND,2025-03-04,YQ,59,Female,Eligible,,Yes,2026-07-30T20:12:28.577992
SCR-006073,CRC-GLB-301,SITE-0019,INV-0038,USA,2025-08-05,NZ,29,Male,Eligible,,Yes,2026-07-30T20:12:28.577992
SCR-006074,CRC-GLB-301,SITE-0062,INV-0124,KEN,2025-10-20,TF,48,Male,Eligible,,Yes,2026-07-30T20:12:28.577992
SCR-006075,CRC-GLB-301,SITE-0031,INV-0062,CAN,2025-08-12,YQ,37,Male,Eligible,,Yes,2026-07-30T20:12:28.577992
SCR-006076,CRC-GLB-301,SITE-0012,INV-0024,SGP,2025-05-12,UL,66,Male,Eligible,,Yes,2026-07-30T20:12:28.577992
SCR-006077,CRC-GLB-301,SITE-0054,INV-0107,ZAF,2025-10-22,VX,64,Male,Eligible,,Yes,2026-07-30T20:12:28.577992
SCR-006078,CRC-GLB-301,SITE-0054,INV-0108,ZAF,2025-02-03,AC,57,Male,Eligible,,Yes,2026-07-30T20:12:28.577992
SCR-006079,CRC-GLB-301,SITE-0063,INV-0125,KEN,2025-12-09,EK,35,Male,Eligible,,Yes,2026-07-30T20:12:28.577992
SCR-006080,CRC-GLB-301,SITE-0033,INV-0066,GBR,2025-07-09,SX,54,Female,Eligible,,Yes,2026-07-30T20:12:28.577992
SCR-006081,CRC-GLB-301,SITE-0009,INV-0017,SGP,2025-12-04,UF,53,Female,Eligible,,Yes,2026-07-30T20:12:28.577992
SCR-006082,CRC-GLB-301,SITE-0059,INV-0117,KEN,2025-05-14,HB,83,Male,Screen Failure,Withdrew Consent,Yes,2026-07-30T20:12:28.577992
SCR-006083,CRC-GLB-301,SITE-0015,INV-0030,SGP,2025-12-14,FI,45,Female,Eligible,,Yes,2026-07-30T20:12:28.577992
SCR-006084,CRC-GLB-301,SITE-0034,INV-0067,GBR,2025-06-25,QZ,73,Male,Eligible,,Yes,2026-07-30T20:12:28.577992
SCR-006085,CRC-GLB-301,SITE-0055,INV-0109,ZAF,2025-09-12,SN,49,Female,Eligible,,Yes,2026-07-30T20:12:28.577992
SCR-006086,CRC-GLB-301,SITE-0059,INV-0118,KEN,2025-02-07,GT,23,Female,Eligible,,Yes,2026-07-30T20:12:28.577992
SCR-006087,CRC-GLB-301,SITE-0035,INV-0069,GBR,2025-09-15,WI,65,Male,Eligible,,Yes,2026-07-30T20:12:28.577992
SCR-006088,CRC-GLB-301,SITE-0034,INV-0067,GBR,2025-06-27,RI,52,Female,Eligible,,Yes,2026-07-30T20:12:28.577992
SCR-006089,CRC-GLB-301,SITE-0045,INV-0089,DEU,2025-03-09,BQ,73,Male,Eligible,,Yes,2026-07-30T20:12:28.577992
SCR-006090,CRC-GLB-301,SITE-0013,INV-0026,SGP,2025-10-31,LQ,37,Female,Eligible,,Yes,2026-07-30T20:12:28.577992
SCR-006091,CRC-GLB-301,SITE-0031,INV-0061,CAN,2025-04-29,DN,66,Female,Eligible,,Yes,2026-07-30T20:12:28.577992
SCR-006092,CRC-GLB-301,SITE-0030,INV-0060,CAN,2025-05-19,XT,20,Female,Eligible,,Yes,2026-07-30T20:12:28.577992
SCR-006093,CRC-GLB-301,SITE-0033,INV-0065,GBR,2025-02-01,PE,44,Male,Eligible,,Yes,2026-07-30T20:12:28.577992
SCR-006094,CRC-GLB-301,SITE-0046,INV-0091,DEU,2025-08-30,OG,61,Male,Eligible,,Yes,2026-07-30T20:12:28.577992
SCR-006095,CRC-GLB-301,SITE-0004,INV-0007,IND,2025-05-03,TQ,44,Male,Eligible,,Yes,2026-07-30T20:12:28.577992
SCR-006096,CRC-GLB-301,SITE-0021,INV-0042,USA,2025-03-14,AI,64,Female,Eligible,,Yes,2026-07-30T20:12:28.577992
SCR-006097,CRC-GLB-301,SITE-0045,INV-0090,DEU,2025-03-17,XH,81,Female,Eligible,,Yes,2026-07-30T20:12:28.577992
SCR-006098,CRC-GLB-301,SITE-0050,INV-0100,ZAF,2025-10-07,RV,47,Male,Screen Failure,Withdrew Consent,Yes,2026-07-30T20:12:28.577992
SCR-006099,CRC-GLB-301,SITE-0038,INV-0075,GBR,2025-02-06,AR,28,Female,Eligible,,Yes,2026-07-30T20:12:28.577992
SCR-006100,CRC-GLB-301,SITE-0057,INV-0114,KEN,2025-09-29,YA,61,Female,Screen Failure,Exclusion Criteria Met,Yes,2026-07-30T20:12:28.577992
SCR-006101,CRC-GLB-301,SITE-0024,INV-0047,USA,2025-11-06,LF,27,Female,Eligible,,Yes,2026-07-30T20:12:28.577992
SCR-006102,CRC-GLB-301,SITE-0047,INV-0094,DEU,2025-07-26,TQ,20,Female,Eligible,,Yes,2026-07-30T20:12:28.577992
SCR-006103,CRC-GLB-301,SITE-0038,INV-0076,GBR,2025-08-03,EI,66,Female,Eligible,,Yes,2026-07-30T20:12:28.577992
SCR-006104,CRC-GLB-301,SITE-0001,INV-0001,IND,2025-08-18,CN,82,Female,Screen Failure,Exclusion Criteria Met,Yes,2026-07-30T20:12:28.577992
SCR-006105,CRC-GLB-301,SITE-0046,INV-0092,DEU,2025-06-18,BP,22,Male,Eligible,,Yes,2026-07-30T20:12:28.577992
SCR-006106,CRC-GLB-301,SITE-0005,INV-0010,IND,2025-06-24,XR,34,Male,Eligible,,Yes,2026-07-30T20:12:28.577992
SCR-006107,CRC-GLB-301,SITE-0033,INV-0066,GBR,2025-10-27,XX,54,Male,Eligible,,Yes,2026-07-30T20:12:28.577992
SCR-006108,CRC-GLB-301,SITE-0003,INV-0006,IND,2025-05-13,XG,81,Male,Eligible,,Yes,2026-07-30T20:12:28.577992
SCR-006109,CRC-GLB-301,SITE-0022,INV-0043,USA,2025-03-18,HU,52,Male,Eligible,,Yes,2026-07-30T20:12:28.577992
SCR-006110,CRC-GLB-301,SITE-0062,INV-0123,KEN,2025-10-21,MX,18,Male,Screen Failure,Inclusion Criteria Not Met,Yes,2026-07-30T20:12:28.577992
SCR-006111,CRC-GLB-301,SITE-0009,INV-0017,SGP,2025-04-11,TM,41,Male,Screen Failure,Inclusion Criteria Not Met,Yes,2026-07-30T20:12:28.577992
SCR-006112,CRC-GLB-301,SITE-0051,INV-0102,ZAF,2025-03-06,XC,68,Female,Eligible,,Yes,2026-07-30T20:12:28.577992
SCR-006113,CRC-GLB-301,SITE-0054,INV-0108,ZAF,2025-02-03,ZM,46,Female,Screen Failure,Withdrew Consent,Yes,2026-07-30T20:12:28.577992
SCR-006114,CRC-GLB-301,SITE-0024,INV-0048,USA,2025-06-24,KD,21,Male,Eligible,,Yes,2026-07-30T20:12:28.577992
SCR-006115,CRC-GLB-301,SITE-0014,INV-0027,SGP,2025-01-06,QB,67,Male,Eligible,,Yes,2026-07-30T20:12:28.577992
SCR-006116,CRC-GLB-301,SITE-0029,INV-0057,CAN,2025-02-16,IZ,23,Male,Eligible,,Yes,2026-07-30T20:12:28.577992
SCR-006117,CRC-GLB-301,SITE-0064,INV-0128,KEN,2025-02-05,UJ,66,Female,Eligible,,Yes,2026-07-30T20:12:28.577992
SCR-006118,CRC-GLB-301,SITE-0027,INV-0053,CAN,2025-01-13,UD,48,Male,Screen Failure,Withdrew Consent,Yes,2026-07-30T20:12:28.577992
SCR-006119,CRC-GLB-301,SITE-0051,INV-0102,ZAF,2025-03-13,FW,56,Female,Eligible,,Yes,2026-07-30T20:12:28.577992
SCR-006120,CRC-GLB-301,SITE-0033,INV-0066,GBR,2025-08-31,DJ,68,Male,Eligible,,Yes,2026-07-30T20:12:28.577992
SCR-006121,CRC-GLB-301,SITE-0056,INV-0112,ZAF,2025-11-26,GX,85,Male,Eligible,,Yes,2026-07-30T20:12:28.577992
SCR-006122,CRC-GLB-301,SITE-0010,INV-0020,SGP,2025-03-04,OB,76,Male,Eligible,,Yes,2026-07-30T20:12:28.577992
SCR-006123,CRC-GLB-301,SITE-0004,INV-0008,IND,2025-08-30,QY,23,Male,Eligible,,Yes,2026-07-30T20:12:28.577992
SCR-006124,CRC-GLB-301,SITE-0013,INV-0026,SGP,2025-06-26,TH,72,Female,Screen Failure,Inclusion Criteria Not Met,Yes,2026-07-30T20:12:28.577992
SCR-006125,CRC-GLB-301,SITE-0048,INV-0096,DEU,2025-08-19,PX,46,Female,Screen Failure,Abnormal Laboratory Values,Yes,2026-07-30T20:12:28.577992
SCR-006126,CRC-GLB-301,SITE-0060,INV-0120,KEN,2025-09-08,YZ,20,Male,Screen Failure,Abnormal Laboratory Values,Yes,2026-07-30T20:12:28.577992
SCR-006127,CRC-GLB-301,SITE-0062,INV-0124,KEN,2025-10-04,SK,38,Male,Eligible,,Yes,2026-07-30T20:12:28.577992
SCR-006128,CRC-GLB-301,SITE-0006,INV-0011,IND,2025-05-28,IF,51,Male,Eligible,,Yes,2026-07-30T20:12:28.577992
SCR-006129,CRC-GLB-301,SITE-0004,INV-0008,IND,2025-11-10,VE,77,Male,Eligible,,Yes,2026-07-30T20:12:28.577992
SCR-006130,CRC-GLB-301,SITE-0001,INV-0001,IND,2025-03-20,KU,62,Female,Eligible,,Yes,2026-07-30T20:12:28.577992
SCR-006131,CRC-GLB-301,SITE-0034,INV-0068,GBR,2025-06-27,FS,73,Female,Eligible,,Yes,2026-07-30T20:12:28.577992
SCR-006132,CRC-GLB-301,SITE-0012,INV-0024,SGP,2025-04-18,NI,31,Female,Eligible,,Yes,2026-07-30T20:12:28.577992
SCR-006133,CRC-GLB-301,SITE-0019,INV-0037,USA,2025-01-27,FV,82,Male,Eligible,,Yes,2026-07-30T20:12:28.577992
SCR-006134,CRC-GLB-301,SITE-0012,INV-0024,SGP,2025-03-31,ZY,49,Male,Eligible,,Yes,2026-07-30T20:12:28.577992
SCR-006135,CRC-GLB-301,SITE-0007,INV-0014,IND,2025-10-11,YV,19,Female,Eligible,,Yes,2026-07-30T20:12:28.577992
SCR-006136,CRC-GLB-301,SITE-0011,INV-0021,SGP,2025-03-27,UN,56,Female,Eligible,,Yes,2026-07-30T20:12:28.577992
SCR-006137,CRC-GLB-301,SITE-0030,INV-0059,CAN,2025-07-23,ZR,77,Female,Eligible,,Yes,2026-07-30T20:12:28.577992
SCR-006138,CRC-GLB-301,SITE-0017,INV-0033,USA,2025-03-10,LS,84,Male,Screen Failure,Inclusion Criteria Not Met,Yes,2026-07-30T20:12:28.577992
SCR-006139,CRC-GLB-301,SITE-0001,INV-0001,IND,2025-12-04,WZ,72,Male,Eligible,,Yes,2026-07-30T20:12:28.577992
SCR-006140,CRC-GLB-301,SITE-0048,INV-0095,DEU,2025-06-20,DK,43,Female,Screen Failure,Inclusion Criteria Not Met,Yes,2026-07-30T20:12:28.577992
SCR-006141,CRC-GLB-301,SITE-0015,INV-0029,SGP,2025-01-07,LA,68,Female,Eligible,,Yes,2026-07-30T20:12:28.577992
SCR-006142,CRC-GLB-301,SITE-0056,INV-0112,ZAF,2025-08-03,ZV,30,Female,Eligible,,Yes,2026-07-30T20:12:28.577992
SCR-006143,CRC-GLB-301,SITE-0061,INV-0121,KEN,2025-06-29,WV,72,Female,Eligible,,Yes,2026-07-30T20:12:28.577992
SCR-006144,CRC-GLB-301,SITE-0025,INV-0050,CAN,2025-04-06,II,74,Female,Screen Failure,Abnormal Laboratory Values,Yes,2026-07-30T20:12:28.577992
SCR-006145,CRC-GLB-301,SITE-0063,INV-0126,KEN,2025-12-15,VJ,67,Female,Screen Failure,Exclusion Criteria Met,Yes,2026-07-30T20:12:28.577992
SCR-006146,CRC-GLB-301,SITE-0005,INV-0009,IND,2025-03-24,ZQ,79,Male,Eligible,,Yes,2026-07-30T20:12:28.577992
SCR-006147,CRC-GLB-301,SITE-0013,INV-0026,SGP,2025-12-13,SW,63,Male,Eligible,,Yes,2026-07-30T20:12:28.577992
SCR-006148,CRC-GLB-301,SITE-0057,INV-0113,KEN,2025-06-29,QT,66,Male,Eligible,,Yes,2026-07-30T20:12:28.577992
SCR-006149,CRC-GLB-301,SITE-0019,INV-0037,USA,2025-01-30,QM,80,Male,Eligible,,Yes,2026-07-30T20:12:28.577992
SCR-006150,CRC-GLB-301,SITE-0044,INV-0088,DEU,2025-12-26,CQ,62,Male,Screen Failure,Inclusion Criteria Not Met,Yes,2026-07-30T20:12:28.577992
SCR-006151,CRC-GLB-301,SITE-0030,INV-0060,CAN,2025-02-16,KY,20,Female,Eligible,,Yes,2026-07-30T20:12:28.577992
SCR-006152,CRC-GLB-301,SITE-0024,INV-0047,USA,2025-06-14,SS,68,Male,Eligible,,Yes,2026-07-30T20:12:28.577992
SCR-006153,CRC-GLB-301,SITE-0025,INV-0049,CAN,2025-10-22,NJ,28,Male,Eligible,,Yes,2026-07-30T20:12:28.577992
SCR-006154,CRC-GLB-301,SITE-0034,INV-0067,GBR,2025-05-21,VF,49,Female,Eligible,,Yes,2026-07-30T20:12:28.577992
SCR-006155,CRC-GLB-301,SITE-0056,INV-0111,ZAF,2025-12-21,ZN,74,Male,Eligible,,Yes,2026-07-30T20:12:28.577992
SCR-006156,CRC-GLB-301,SITE-0037,INV-0074,GBR,2025-03-16,HS,30,Female,Eligible,,Yes,2026-07-30T20:12:28.577992
SCR-006157,CRC-GLB-301,SITE-0060,INV-0120,KEN,2025-03-15,CN,55,Male,Eligible,,Yes,2026-07-30T20:12:28.577992
SCR-006158,CRC-GLB-301,SITE-0003,INV-0006,IND,2025-05-27,MD,43,Male,Eligible,,Yes,2026-07-30T20:12:28.577992
SCR-006159,CRC-GLB-301,SITE-0051,INV-0101,ZAF,2025-06-04,NA,40,Female,Eligible,,Yes,2026-07-30T20:12:28.577992
SCR-006160,CRC-GLB-301,SITE-0014,INV-0028,SGP,2025-10-14,SB,57,Female,Screen Failure,Exclusion Criteria Met,Yes,2026-07-30T20:12:28.577992
SCR-006161,CRC-GLB-301,SITE-0034,INV-0067,GBR,2025-07-13,DM,44,Male,Eligible,,Yes,2026-07-30T20:12:28.577992
SCR-006162,CRC-GLB-301,SITE-0014,INV-0027,SGP,2025-06-22,ND,77,Female,Eligible,,Yes,2026-07-30T20:12:28.577992
SCR-006163,CRC-GLB-301,SITE-0052,INV-0103,ZAF,2025-05-17,AU,74,Female,Eligible,,Yes,2026-07-30T20:12:28.577992
SCR-006164,CRC-GLB-301,SITE-0034,INV-0068,GBR,2025-08-06,IE,34,Female,Eligible,,Yes,2026-07-30T20:12:28.577992
SCR-006165,CRC-GLB-301,SITE-0052,INV-0104,ZAF,2025-09-22,UY,32,Female,Eligible,,Yes,2026-07-30T20:12:28.577992
SCR-006166,CRC-GLB-301,SITE-0023,INV-0045,USA,2025-09-02,JL,49,Female,Eligible,,Yes,2026-07-30T20:12:28.577992
SCR-006167,CRC-GLB-301,SITE-0019,INV-0038,USA,2025-06-17,GL,59,Male,Eligible,,Yes,2026-07-30T20:12:28.577992
SCR-006168,CRC-GLB-301,SITE-0003,INV-0006,IND,2025-05-14,RS,23,Female,Screen Failure,Withdrew Consent,Yes,2026-07-30T20:12:28.577992
SCR-006169,CRC-GLB-301,SITE-0054,INV-0108,ZAF,2025-06-09,NN,32,Male,Eligible,,Yes,2026-07-30T20:12:28.577992
SCR-006170,CRC-GLB-301,SITE-0032,INV-0063,CAN,2025-04-02,LB,48,Male,Eligible,,Yes,2026-07-30T20:12:28.577992
SCR-006171,CRC-GLB-301,SITE-0045,INV-0090,DEU,2025-10-04,EX,34,Female,Eligible,,Yes,2026-07-30T20:12:28.577992
SCR-006172,CRC-GLB-301,SITE-0047,INV-0093,DEU,2025-05-27,VU,33,Female,Eligible,,Yes,2026-07-30T20:12:28.577992
SCR-006173,CRC-GLB-301,SITE-0002,INV-0003,IND,2025-07-06,UI,80,Female,Eligible,,Yes,2026-07-30T20:12:28.577992
SCR-006174,CRC-GLB-301,SITE-0046,INV-0092,DEU,2025-02-24,UC,31,Male,Screen Failure,Withdrew Consent,Yes,2026-07-30T20:12:28.577992
SCR-006175,CRC-GLB-301,SITE-0013,INV-0026,SGP,2025-12-11,UW,28,Male,Eligible,,Yes,2026-07-30T20:12:28.577992
SCR-006176,CRC-GLB-301,SITE-0031,INV-0062,CAN,2025-09-24,GO,19,Male,Eligible,,Yes,2026-07-30T20:12:28.577992
SCR-006177,CRC-GLB-301,SITE-0018,INV-0036,USA,2025-09-01,BX,80,Male,Eligible,,Yes,2026-07-30T20:12:28.577992
SCR-006178,CRC-GLB-301,SITE-0042,INV-0084,DEU,2025-11-28,NI,18,Male,Eligible,,Yes,2026-07-30T20:12:28.577992
SCR-006179,CRC-GLB-301,SITE-0058,INV-0116,KEN,2025-05-19,MX,50,Male,Eligible,,Yes,2026-07-30T20:12:28.577992
SCR-006180,CRC-GLB-301,SITE-0001,INV-0001,IND,2025-01-15,UZ,38,Male,Eligible,,Yes,2026-07-30T20:12:28.577992
SCR-006181,CRC-GLB-301,SITE-0006,INV-0012,IND,2025-05-14,VP,67,Female,Eligible,,Yes,2026-07-30T20:12:28.577992
SCR-006182,CRC-GLB-301,SITE-0038,INV-0075,GBR,2025-03-21,SG,71,Female,Eligible,,Yes,2026-07-30T20:12:28.577992
SCR-006183,CRC-GLB-301,SITE-0042,INV-0083,DEU,2025-08-01,QO,34,Male,Eligible,,Yes,2026-07-30T20:12:28.577992
SCR-006184,CRC-GLB-301,SITE-0022,INV-0043,USA,2025-06-13,KZ,23,Male,Screen Failure,Withdrew Consent,Yes,2026-07-30T20:12:28.577992
SCR-006185,CRC-GLB-301,SITE-0002,INV-0004,IND,2025-10-24,OR,33,Male,Eligible,,Yes,2026-07-30T20:12:28.577992
SCR-006186,CRC-GLB-301,SITE-0001,INV-0001,IND,2025-01-01,IF,37,Female,Screen Failure,Inclusion Criteria Not Met,Yes,2026-07-30T20:12:28.577992
SCR-006187,CRC-GLB-301,SITE-0062,INV-0123,KEN,2025-01-27,XZ,19,Female,Screen Failure,Exclusion Criteria Met,Yes,2026-07-30T20:12:28.577992
SCR-006188,CRC-GLB-301,SITE-0010,INV-0019,SGP,2025-10-05,BT,39,Male,Eligible,,Yes,2026-07-30T20:12:28.577992
SCR-006189,CRC-GLB-301,SITE-0027,INV-0054,CAN,2025-07-13,YK,32,Female,Eligible,,Yes,2026-07-30T20:12:28.577992
SCR-006190,CRC-GLB-301,SITE-0035,INV-0069,GBR,2025-06-28,WS,25,Female,Eligible,,Yes,2026-07-30T20:12:28.577992
SCR-006191,CRC-GLB-301,SITE-0001,INV-0001,IND,2025-08-21,TQ,39,Female,Eligible,,Yes,2026-07-30T20:12:28.577992
SCR-006192,CRC-GLB-301,SITE-0020,INV-0040,USA,2025-04-21,IT,48,Female,Eligible,,Yes,2026-07-30T20:12:28.577992
SCR-006193,CRC-GLB-301,SITE-0022,INV-0044,USA,2025-10-14,PX,80,Female,Screen Failure,Exclusion Criteria Met,Yes,2026-07-30T20:12:28.577992
SCR-006194,CRC-GLB-301,SITE-0042,INV-0084,DEU,2025-01-28,PU,47,Male,Screen Failure,Inclusion Criteria Not Met,Yes,2026-07-30T20:12:28.577992
SCR-006195,CRC-GLB-301,SITE-0047,INV-0094,DEU,2025-09-26,NL,37,Male,Eligible,,Yes,2026-07-30T20:12:28.577992
SCR-006196,CRC-GLB-301,SITE-0034,INV-0068,GBR,2025-12-02,FN,30,Female,Eligible,,Yes,2026-07-30T20:12:28.577992
SCR-006197,CRC-GLB-301,SITE-0011,INV-0021,SGP,2025-06-29,IX,80,Female,Eligible,,Yes,2026-07-30T20:12:28.577992
SCR-006198,CRC-GLB-301,SITE-0027,INV-0053,CAN,2025-10-28,KH,25,Female,Screen Failure,Exclusion Criteria Met,Yes,2026-07-30T20:12:28.577992
SCR-006199,CRC-GLB-301,SITE-0009,INV-0018,SGP,2025-08-28,OQ,38,Male,Eligible,,Yes,2026-07-30T20:12:28.577992
SCR-006200,CRC-GLB-301,SITE-0024,INV-0048,USA,2025-11-02,UN,30,Female,Eligible,,Yes,2026-07-30T20:12:28.577992
SCR-006201,CRC-GLB-301,SITE-0043,INV-0086,DEU,2025-10-05,CB,33,Female,Eligible,,Yes,2026-07-30T20:12:28.577992
SCR-006202,CRC-GLB-301,SITE-0021,INV-0042,USA,2025-06-22,UH,79,Female,Eligible,,Yes,2026-07-30T20:12:28.577992
SCR-006203,CRC-GLB-301,SITE-0033,INV-0065,GBR,2025-10-23,WK,84,Female,Screen Failure,Inclusion Criteria Not Met,Yes,2026-07-30T20:12:28.577992
SCR-006204,CRC-GLB-301,SITE-0045,INV-0089,DEU,2025-09-10,RZ,25,Male,Eligible,,Yes,2026-07-30T20:12:28.577992
SCR-006205,CRC-GLB-301,SITE-0046,INV-0092,DEU,2025-01-11,CX,54,Male,Eligible,,Yes,2026-07-30T20:12:28.577992
SCR-006206,CRC-GLB-301,SITE-0042,INV-0084,DEU,2025-12-18,DX,34,Female,Screen Failure,Abnormal Laboratory Values,Yes,2026-07-30T20:12:28.577992
SCR-006207,CRC-GLB-301,SITE-0045,INV-0090,DEU,2025-11-22,KA,52,Female,Eligible,,Yes,2026-07-30T20:12:28.577992
SCR-006208,CRC-GLB-301,SITE-0002,INV-0003,IND,2025-02-23,IQ,32,Male,Eligible,,Yes,2026-07-30T20:12:28.577992
SCR-006209,CRC-GLB-301,SITE-0028,INV-0056,CAN,2025-03-20,HE,54,Female,Eligible,,Yes,2026-07-30T20:12:28.577992
SCR-006210,CRC-GLB-301,SITE-0005,INV-0009,IND,2025-03-11,ZI,23,Female,Eligible,,Yes,2026-07-30T20:12:28.577992
SCR-006211,CRC-GLB-301,SITE-0058,INV-0115,KEN,2025-06-07,SU,24,Female,Eligible,,Yes,2026-07-30T20:12:28.577992
SCR-006212,CRC-GLB-301,SITE-0061,INV-0122,KEN,2025-03-23,VN,80,Female,Eligible,,Yes,2026-07-30T20:12:28.577992
SCR-006213,CRC-GLB-301,SITE-0059,INV-0118,KEN,2025-05-05,YY,45,Female,Eligible,,Yes,2026-07-30T20:12:28.577992
SCR-006214,CRC-GLB-301,SITE-0057,INV-0113,KEN,2025-12-09,NA,30,Male,Eligible,,Yes,2026-07-30T20:12:28.577992
SCR-006215,CRC-GLB-301,SITE-0005,INV-0010,IND,2025-05-08,GL,28,Male,Eligible,,Yes,2026-07-30T20:12:28.577992
SCR-006216,CRC-GLB-301,SITE-0034,INV-0067,GBR,2025-12-14,EF,58,Female,Screen Failure,Inclusion Criteria Not Met,Yes,2026-07-30T20:12:28.577992
SCR-006217,CRC-GLB-301,SITE-0045,INV-0090,DEU,2025-05-08,FU,73,Male,Eligible,,Yes,2026-07-30T20:12:28.577992
SCR-006218,CRC-GLB-301,SITE-0062,INV-0124,KEN,2025-06-26,YJ,63,Female,Eligible,,Yes,2026-07-30T20:12:28.577992
SCR-006219,CRC-GLB-301,SITE-0018,INV-0036,USA,2025-09-18,KI,67,Female,Eligible,,Yes,2026-07-30T20:12:28.577992
SCR-006220,CRC-GLB-301,SITE-0004,INV-0008,IND,2025-07-16,GZ,79,Male,Eligible,,Yes,2026-07-30T20:12:28.577992
SCR-006221,CRC-GLB-301,SITE-0052,INV-0104,ZAF,2025-02-27,FB,40,Female,Screen Failure,Withdrew Consent,Yes,2026-07-30T20:12:28.577992
SCR-006222,CRC-GLB-301,SITE-0046,INV-0092,DEU,2025-07-27,QI,49,Male,Eligible,,Yes,2026-07-30T20:12:28.577992
SCR-006223,CRC-GLB-301,SITE-0037,INV-0074,GBR,2025-11-15,ND,51,Female,Eligible,,Yes,2026-07-30T20:12:28.577992
SCR-006224,CRC-GLB-301,SITE-0037,INV-0074,GBR,2025-01-04,HD,57,Female,Eligible,,Yes,2026-07-30T20:12:28.577992
SCR-006225,CRC-GLB-301,SITE-0005,INV-0010,IND,2025-12-08,TF,43,Female,Eligible,,Yes,2026-07-30T20:12:28.577992
SCR-006226,CRC-GLB-301,SITE-0006,INV-0012,IND,2025-11-05,XQ,26,Male,Eligible,,Yes,2026-07-30T20:12:28.577992
SCR-006227,CRC-GLB-301,SITE-0051,INV-0101,ZAF,2025-04-12,NL,64,Female,Eligible,,Yes,2026-07-30T20:12:28.577992
SCR-006228,CRC-GLB-301,SITE-0042,INV-0084,DEU,2025-04-02,OY,42,Male,Screen Failure,Exclusion Criteria Met,Yes,2026-07-30T20:12:28.577992
SCR-006229,CRC-GLB-301,SITE-0020,INV-0040,USA,2025-11-12,RL,77,Male,Screen Failure,Inclusion Criteria Not Met,Yes,2026-07-30T20:12:28.577992
SCR-006230,CRC-GLB-301,SITE-0011,INV-0021,SGP,2025-02-25,SJ,76,Female,Eligible,,Yes,2026-07-30T20:12:28.577992
SCR-006231,CRC-GLB-301,SITE-0025,INV-0050,CAN,2025-01-27,VO,18,Female,Eligible,,Yes,2026-07-30T20:12:28.577992
SCR-006232,CRC-GLB-301,SITE-0020,INV-0040,USA,2025-05-13,FK,52,Female,Screen Failure,Inclusion Criteria Not Met,Yes,2026-07-30T20:12:28.577992
SCR-006233,CRC-GLB-301,SITE-0033,INV-0065,GBR,2025-11-22,HM,84,Male,Eligible,,Yes,2026-07-30T20:12:28.577992
SCR-006234,CRC-GLB-301,SITE-0054,INV-0107,ZAF,2025-07-20,QC,85,Female,Eligible,,Yes,2026-07-30T20:12:28.577992
SCR-006235,CRC-GLB-301,SITE-0059,INV-0118,KEN,2025-06-07,ZI,25,Female,Eligible,,Yes,2026-07-30T20:12:28.577992
SCR-006236,CRC-GLB-301,SITE-0025,INV-0049,CAN,2025-11-21,IS,75,Male,Screen Failure,Withdrew Consent,Yes,2026-07-30T20:12:28.577992
SCR-006237,CRC-GLB-301,SITE-0004,INV-0008,IND,2025-04-10,RD,71,Male,Eligible,,Yes,2026-07-30T20:12:28.577992
SCR-006238,CRC-GLB-301,SITE-0048,INV-0096,DEU,2025-12-23,VH,35,Female,Eligible,,Yes,2026-07-30T20:12:28.577992
SCR-006239,CRC-GLB-301,SITE-0044,INV-0088,DEU,2025-08-05,OJ,30,Male,Screen Failure,Withdrew Consent,Yes,2026-07-30T20:12:28.577992
SCR-006240,CRC-GLB-301,SITE-0054,INV-0107,ZAF,2025-01-18,MG,44,Male,Screen Failure,Exclusion Criteria Met,Yes,2026-07-30T20:12:28.577992
SCR-006241,CRC-GLB-301,SITE-0031,INV-0062,CAN,2025-02-25,EG,51,Female,Screen Failure,Abnormal Laboratory Values,Yes,2026-07-30T20:12:28.577992
SCR-006242,CRC-GLB-301,SITE-0023,INV-0045,USA,2025-04-01,VS,25,Male,Eligible,,Yes,2026-07-30T20:12:28.577992
SCR-006243,CRC-GLB-301,SITE-0037,INV-0074,GBR,2025-06-13,VC,31,Female,Eligible,,Yes,2026-07-30T20:12:28.577992
SCR-006244,CRC-GLB-301,SITE-0023,INV-0046,USA,2025-05-19,UI,54,Male,Eligible,,Yes,2026-07-30T20:12:28.577992
SCR-006245,CRC-GLB-301,SITE-0053,INV-0105,ZAF,2025-03-10,MB,44,Male,Eligible,,Yes,2026-07-30T20:12:28.577992
SCR-006246,CRC-GLB-301,SITE-0060,INV-0120,KEN,2025-11-21,XA,85,Male,Eligible,,Yes,2026-07-30T20:12:28.577992
SCR-006247,CRC-GLB-301,SITE-0006,INV-0012,IND,2025-01-02,UW,67,Male,Eligible,,Yes,2026-07-30T20:12:28.577992
SCR-006248,CRC-GLB-301,SITE-0038,INV-0076,GBR,2025-04-17,HK,41,Female,Screen Failure,Exclusion Criteria Met,Yes,2026-07-30T20:12:28.577992
SCR-006249,CRC-GLB-301,SITE-0027,INV-0053,CAN,2025-07-07,KB,69,Male,Eligible,,Yes,2026-07-30T20:12:28.577992
SCR-006250,CRC-GLB-301,SITE-0064,INV-0127,KEN,2025-03-29,IC,29,Female,Eligible,,Yes,2026-07-30T20:12:28.577992
SCR-006251,CRC-GLB-301,SITE-0030,INV-0060,CAN,2025-02-18,MQ,66,Female,Eligible,,Yes,2026-07-30T20:12:28.577992
SCR-006252,CRC-GLB-301,SITE-0006,INV-0012,IND,2025-12-04,IJ,67,Male,Eligible,,Yes,2026-07-30T20:12:28.577992
SCR-006253,CRC-GLB-301,SITE-0019,INV-0037,USA,2025-06-20,HM,39,Female,Eligible,,Yes,2026-07-30T20:12:28.577992
SCR-006254,CRC-GLB-301,SITE-0005,INV-0010,IND,2025-07-04,UX,23,Female,Eligible,,Yes,2026-07-30T20:12:28.577992
SCR-006255,CRC-GLB-301,SITE-0010,INV-0019,SGP,2025-04-26,PA,64,Male,Eligible,,Yes,2026-07-30T20:12:28.577992
SCR-006256,CRC-GLB-301,SITE-0061,INV-0122,KEN,2025-11-21,EG,82,Female,Eligible,,Yes,2026-07-30T20:12:28.577992
SCR-006257,CRC-GLB-301,SITE-0005,INV-0010,IND,2025-08-03,OX,46,Male,Eligible,,Yes,2026-07-30T20:12:28.577992
SCR-006258,CRC-GLB-301,SITE-0043,INV-0086,DEU,2025-07-03,KN,26,Male,Eligible,,Yes,2026-07-30T20:12:28.577992
SCR-006259,CRC-GLB-301,SITE-0034,INV-0067,GBR,2025-06-02,NK,23,Male,Screen Failure,Withdrew Consent,Yes,2026-07-30T20:12:28.577992
SCR-006260,CRC-GLB-301,SITE-0045,INV-0090,DEU,2025-09-08,SF,43,Male,Eligible,,Yes,2026-07-30T20:12:28.577992
SCR-006261,CRC-GLB-301,SITE-0059,INV-0117,KEN,2025-07-27,QA,54,Male,Eligible,,Yes,2026-07-30T20:12:28.577992
SCR-006262,CRC-GLB-301,SITE-0039,INV-0078,GBR,2025-07-09,AL,58,Male,Screen Failure,Withdrew Consent,Yes,2026-07-30T20:12:28.577992
SCR-006263,CRC-GLB-301,SITE-0043,INV-0086,DEU,2025-12-14,VJ,59,Male,Eligible,,Yes,2026-07-30T20:12:28.577992
SCR-006264,CRC-GLB-301,SITE-0051,INV-0102,ZAF,2025-10-30,MU,35,Male,Screen Failure,Withdrew Consent,Yes,2026-07-30T20:12:28.577992
SCR-006265,CRC-GLB-301,SITE-0026,INV-0051,CAN,2025-04-04,BG,25,Female,Screen Failure,Abnormal Laboratory Values,Yes,2026-07-30T20:12:28.577992
SCR-006266,CRC-GLB-301,SITE-0031,INV-0061,CAN,2025-10-21,CA,72,Female,Eligible,,Yes,2026-07-30T20:12:28.577992
SCR-006267,CRC-GLB-301,SITE-0013,INV-0025,SGP,2025-05-04,IC,29,Female,Screen Failure,Withdrew Consent,Yes,2026-07-30T20:12:28.577992
SCR-006268,CRC-GLB-301,SITE-0019,INV-0037,USA,2025-03-20,OC,36,Male,Eligible,,Yes,2026-07-30T20:12:28.577992
SCR-006269,CRC-GLB-301,SITE-0021,INV-0042,USA,2025-12-14,WZ,33,Female,Eligible,,Yes,2026-07-30T20:12:28.577992
SCR-006270,CRC-GLB-301,SITE-0001,INV-0001,IND,2025-11-22,HI,35,Male,Eligible,,Yes,2026-07-30T20:12:28.577992
SCR-006271,CRC-GLB-301,SITE-0034,INV-0067,GBR,2025-03-29,HA,47,Male,Eligible,,Yes,2026-07-30T20:12:28.577992
SCR-006272,CRC-GLB-301,SITE-0008,INV-0015,IND,2025-02-19,EL,39,Male,Screen Failure,Inclusion Criteria Not Met,Yes,2026-07-30T20:12:28.577992
SCR-006273,CRC-GLB-301,SITE-0034,INV-0067,GBR,2025-06-20,BP,80,Male,Eligible,,Yes,2026-07-30T20:12:28.577992
SCR-006274,CRC-GLB-301,SITE-0030,INV-0060,CAN,2025-04-28,TP,66,Male,Eligible,,Yes,2026-07-30T20:12:28.577992
SCR-006275,CRC-GLB-301,SITE-0063,INV-0126,KEN,2025-04-05,PX,84,Female,Eligible,,Yes,2026-07-30T20:12:28.577992
SCR-006276,CRC-GLB-301,SITE-0053,INV-0106,ZAF,2025-07-12,HX,76,Female,Eligible,,Yes,2026-07-30T20:12:28.577992
SCR-006277,CRC-GLB-301,SITE-0047,INV-0093,DEU,2025-07-12,BH,42,Male,Eligible,,Yes,2026-07-30T20:12:28.577992
SCR-006278,CRC-GLB-301,SITE-0060,INV-0119,KEN,2025-11-02,BG,48,Female,Eligible,,Yes,2026-07-30T20:12:28.577992
SCR-006279,CRC-GLB-301,SITE-0008,INV-0015,IND,2025-04-07,XS,60,Female,Screen Failure,Withdrew Consent,Yes,2026-07-30T20:12:28.577992
SCR-006280,CRC-GLB-301,SITE-0061,INV-0121,KEN,2025-08-04,BT,43,Female,Eligible,,Yes,2026-07-30T20:12:28.577992
SCR-006281,CRC-GLB-301,SITE-0024,INV-0047,USA,2025-06-14,VR,78,Female,Screen Failure,Abnormal Laboratory Values,Yes,2026-07-30T20:12:28.577992
SCR-006282,CRC-GLB-301,SITE-0059,INV-0117,KEN,2025-10-06,SE,56,Male,Eligible,,Yes,2026-07-30T20:12:28.577992
SCR-006283,CRC-GLB-301,SITE-0020,INV-0039,USA,2025-05-24,LP,39,Male,Eligible,,Yes,2026-07-30T20:12:28.577992
SCR-006284,CRC-GLB-301,SITE-0021,INV-0041,USA,2025-04-11,NU,43,Female,Eligible,,Yes,2026-07-30T20:12:28.577992
SCR-006285,CRC-GLB-301,SITE-0023,INV-0045,USA,2025-04-22,IZ,67,Male,Eligible,,Yes,2026-07-30T20:12:28.577992
SCR-006286,CRC-GLB-301,SITE-0063,INV-0125,KEN,2025-10-25,WH,23,Male,Eligible,,Yes,2026-07-30T20:12:28.577992
SCR-006287,CRC-GLB-301,SITE-0036,INV-0072,GBR,2025-03-29,IY,41,Male,Screen Failure,Inclusion Criteria Not Met,Yes,2026-07-30T20:12:28.577992
SCR-006288,CRC-GLB-301,SITE-0033,INV-0066,GBR,2025-07-18,LA,46,Male,Eligible,,Yes,2026-07-30T20:12:28.577992
SCR-006289,CRC-GLB-301,SITE-0045,INV-0089,DEU,2025-08-01,XS,42,Male,Screen Failure,Abnormal Laboratory Values,Yes,2026-07-30T20:12:28.577992
SCR-006290,CRC-GLB-301,SITE-0059,INV-0118,KEN,2025-02-27,JF,61,Male,Eligible,,Yes,2026-07-30T20:12:28.577992
SCR-006291,CRC-GLB-301,SITE-0027,INV-0054,CAN,2025-09-18,QP,28,Male,Eligible,,Yes,2026-07-30T20:12:28.577992
SCR-006292,CRC-GLB-301,SITE-0044,INV-0087,DEU,2025-01-17,PT,61,Female,Eligible,,Yes,2026-07-30T20:12:28.577992
SCR-006293,CRC-GLB-301,SITE-0047,INV-0094,DEU,2025-09-18,SE,79,Male,Screen Failure,Inclusion Criteria Not Met,Yes,2026-07-30T20:12:28.577992
SCR-006294,CRC-GLB-301,SITE-0029,INV-0057,CAN,2025-12-24,RA,79,Male,Eligible,,Yes,2026-07-30T20:12:28.577992
SCR-006295,CRC-GLB-301,SITE-0054,INV-0107,ZAF,2025-11-05,VN,56,Female,Screen Failure,Withdrew Consent,Yes,2026-07-30T20:12:28.577992
SCR-006296,CRC-GLB-301,SITE-0059,INV-0118,KEN,2025-11-19,TE,30,Female,Screen Failure,Withdrew Consent,Yes,2026-07-30T20:12:28.577992
SCR-006297,CRC-GLB-301,SITE-0032,INV-0064,CAN,2025-11-27,JJ,66,Male,Eligible,,Yes,2026-07-30T20:12:28.577992
SCR-006298,CRC-GLB-301,SITE-0018,INV-0036,USA,2025-12-05,AE,34,Female,Eligible,,Yes,2026-07-30T20:12:28.577992
SCR-006299,CRC-GLB-301,SITE-0034,INV-0067,GBR,2025-02-26,TB,65,Female,Eligible,,Yes,2026-07-30T20:12:28.577992
SCR-006300,CRC-GLB-301,SITE-0053,INV-0105,ZAF,2025-12-01,HB,72,Female,Eligible,,Yes,2026-07-30T20:12:28.577992
SCR-006301,CRC-GLB-301,SITE-0058,INV-0116,KEN,2025-11-28,YV,24,Female,Screen Failure,Inclusion Criteria Not Met,Yes,2026-07-30T20:12:28.577992
SCR-006302,CRC-GLB-301,SITE-0052,INV-0104,ZAF,2025-09-05,AF,52,Male,Eligible,,Yes,2026-07-30T20:12:28.577992
SCR-006303,CRC-GLB-301,SITE-0037,INV-0074,GBR,2025-04-12,ZE,73,Female,Eligible,,Yes,2026-07-30T20:12:28.577992
SCR-006304,CRC-GLB-301,SITE-0035,INV-0069,GBR,2025-03-13,ZQ,55,Male,Eligible,,Yes,2026-07-30T20:12:28.577992
SCR-006305,CRC-GLB-301,SITE-0039,INV-0077,GBR,2025-12-23,RX,44,Female,Eligible,,Yes,2026-07-30T20:12:28.577992
SCR-006306,CRC-GLB-301,SITE-0010,INV-0020,SGP,2025-03-18,XS,42,Male,Eligible,,Yes,2026-07-30T20:12:28.577992
SCR-006307,CRC-GLB-301,SITE-0006,INV-0011,IND,2025-06-21,RY,49,Male,Eligible,,Yes,2026-07-30T20:12:28.577992
SCR-006308,CRC-GLB-301,SITE-0047,INV-0093,DEU,2025-02-09,TE,64,Male,Eligible,,Yes,2026-07-30T20:12:28.577992
SCR-006309,CRC-GLB-301,SITE-0052,INV-0104,ZAF,2025-10-28,LL,77,Male,Eligible,,Yes,2026-07-30T20:12:28.577992
SCR-006310,CRC-GLB-301,SITE-0056,INV-0112,ZAF,2025-05-29,HN,47,Male,Screen Failure,Withdrew Consent,Yes,2026-07-30T20:12:28.577992
SCR-006311,CRC-GLB-301,SITE-0060,INV-0119,KEN,2025-08-24,NT,26,Male,Eligible,,Yes,2026-07-30T20:12:28.577992
SCR-006312,CRC-GLB-301,SITE-0014,INV-0027,SGP,2025-05-31,ZZ,85,Male,Eligible,,Yes,2026-07-30T20:12:28.577992
SCR-006313,CRC-GLB-301,SITE-0048,INV-0096,DEU,2025-11-07,QY,31,Male,Eligible,,Yes,2026-07-30T20:12:28.577992
SCR-006314,CRC-GLB-301,SITE-0062,INV-0124,KEN,2025-10-28,QA,50,Male,Eligible,,Yes,2026-07-30T20:12:28.577992
SCR-006315,CRC-GLB-301,SITE-0007,INV-0013,IND,2025-08-13,EF,27,Female,Eligible,,Yes,2026-07-30T20:12:28.577992
SCR-006316,CRC-GLB-301,SITE-0023,INV-0045,USA,2025-10-19,PA,71,Female,Screen Failure,Abnormal Laboratory Values,Yes,2026-07-30T20:12:28.577992
SCR-006317,CRC-GLB-301,SITE-0008,INV-0016,IND,2025-02-13,DB,23,Female,Eligible,,Yes,2026-07-30T20:12:28.577992
SCR-006318,CRC-GLB-301,SITE-0027,INV-0053,CAN,2025-01-15,UJ,19,Male,Eligible,,Yes,2026-07-30T20:12:28.577992
SCR-006319,CRC-GLB-301,SITE-0012,INV-0024,SGP,2025-09-25,NO,22,Female,Eligible,,Yes,2026-07-30T20:12:28.577992
SCR-006320,CRC-GLB-301,SITE-0054,INV-0107,ZAF,2025-08-09,LV,32,Female,Eligible,,Yes,2026-07-30T20:12:28.577992
SCR-006321,CRC-GLB-301,SITE-0015,INV-0030,SGP,2025-09-25,FY,60,Female,Eligible,,Yes,2026-07-30T20:12:28.577992
SCR-006322,CRC-GLB-301,SITE-0003,INV-0006,IND,2025-03-03,GD,76,Female,Eligible,,Yes,2026-07-30T20:12:28.577992
SCR-006323,CRC-GLB-301,SITE-0007,INV-0013,IND,2025-02-03,IF,67,Male,Eligible,,Yes,2026-07-30T20:12:28.577992
SCR-006324,CRC-GLB-301,SITE-0014,INV-0028,SGP,2025-03-04,DX,73,Male,Eligible,,Yes,2026-07-30T20:12:28.577992
SCR-006325,CRC-GLB-301,SITE-0061,INV-0121,KEN,2025-05-12,FJ,42,Female,Eligible,,Yes,2026-07-30T20:12:28.577992
SCR-006326,CRC-GLB-301,SITE-0015,INV-0029,SGP,2025-07-21,CW,59,Male,Eligible,,Yes,2026-07-30T20:12:28.577992
SCR-006327,CRC-GLB-301,SITE-0033,INV-0066,GBR,2025-06-12,JD,22,Female,Screen Failure,Exclusion Criteria Met,Yes,2026-07-30T20:12:28.577992
SCR-006328,CRC-GLB-301,SITE-0026,INV-0052,CAN,2025-02-08,EA,36,Female,Eligible,,Yes,2026-07-30T20:12:28.577992
SCR-006329,CRC-GLB-301,SITE-0005,INV-0010,IND,2025-06-14,VT,56,Male,Eligible,,Yes,2026-07-30T20:12:28.577992
SCR-006330,CRC-GLB-301,SITE-0056,INV-0111,ZAF,2025-11-09,LP,58,Male,Eligible,,Yes,2026-07-30T20:12:28.577992
SCR-006331,CRC-GLB-301,SITE-0031,INV-0062,CAN,2025-01-20,CA,48,Male,Eligible,,Yes,2026-07-30T20:12:28.577992
SCR-006332,CRC-GLB-301,SITE-0013,INV-0026,SGP,2025-01-31,AP,82,Male,Eligible,,Yes,2026-07-30T20:12:28.577992
SCR-006333,CRC-GLB-301,SITE-0022,INV-0044,USA,2025-12-29,CU,35,Male,Eligible,,Yes,2026-07-30T20:12:28.577992
SCR-006334,CRC-GLB-301,SITE-0058,INV-0116,KEN,2025-02-09,IP,50,Male,Eligible,,Yes,2026-07-30T20:12:28.577992
SCR-006335,CRC-GLB-301,SITE-0046,INV-0092,DEU,2025-11-22,ES,23,Male,Eligible,,Yes,2026-07-30T20:12:28.577992
SCR-006336,CRC-GLB-301,SITE-0052,INV-0104,ZAF,2025-05-14,QM,73,Female,Eligible,,Yes,2026-07-30T20:12:28.577992
SCR-006337,CRC-GLB-301,SITE-0056,INV-0112,ZAF,2025-10-08,BC,60,Male,Eligible,,Yes,2026-07-30T20:12:28.577992
SCR-006338,CRC-GLB-301,SITE-0022,INV-0043,USA,2025-12-24,WD,52,Male,Eligible,,Yes,2026-07-30T20:12:28.577992
SCR-006339,CRC-GLB-301,SITE-0003,INV-0006,IND,2025-09-10,MQ,47,Female,Eligible,,Yes,2026-07-30T20:12:28.577992
SCR-006340,CRC-GLB-301,SITE-0059,INV-0118,KEN,2025-09-17,BM,83,Male,Eligible,,Yes,2026-07-30T20:12:28.577992
SCR-006341,CRC-GLB-301,SITE-0033,INV-0065,GBR,2025-09-15,PF,63,Male,Eligible,,Yes,2026-07-30T20:12:28.577992
SCR-006342,CRC-GLB-301,SITE-0029,INV-0057,CAN,2025-02-19,ZL,40,Male,Eligible,,Yes,2026-07-30T20:12:28.577992
SCR-006343,CRC-GLB-301,SITE-0024,INV-0047,USA,2025-08-10,KV,67,Male,Eligible,,Yes,2026-07-30T20:12:28.577992
SCR-006344,CRC-GLB-301,SITE-0003,INV-0005,IND,2025-03-19,PZ,32,Male,Screen Failure,Withdrew Consent,Yes,2026-07-30T20:12:28.577992
SCR-006345,CRC-GLB-301,SITE-0049,INV-0098,ZAF,2025-01-30,WO,71,Female,Eligible,,Yes,2026-07-30T20:12:28.577992
SCR-006346,CRC-GLB-301,SITE-0015,INV-0029,SGP,2025-01-11,OA,48,Male,Eligible,,Yes,2026-07-30T20:12:28.577992
SCR-006347,CRC-GLB-301,SITE-0024,INV-0048,USA,2025-07-20,XF,70,Male,Eligible,,Yes,2026-07-30T20:12:28.577992
SCR-006348,CRC-GLB-301,SITE-0054,INV-0107,ZAF,2025-04-22,VP,62,Male,Screen Failure,Exclusion Criteria Met,Yes,2026-07-30T20:12:28.577992
SCR-006349,CRC-GLB-301,SITE-0051,INV-0102,ZAF,2025-12-26,KZ,72,Male,Eligible,,Yes,2026-07-30T20:12:28.577992
SCR-006350,CRC-GLB-301,SITE-0044,INV-0088,DEU,2025-01-11,NA,22,Female,Eligible,,Yes,2026-07-30T20:12:28.577992
SCR-006351,CRC-GLB-301,SITE-0007,INV-0013,IND,2025-10-08,FK,41,Female,Eligible,,Yes,2026-07-30T20:12:28.577992
SCR-006352,CRC-GLB-301,SITE-0007,INV-0013,IND,2025-06-29,ZZ,73,Female,Eligible,,Yes,2026-07-30T20:12:28.577992
SCR-006353,CRC-GLB-301,SITE-0040,INV-0079,GBR,2025-10-27,OH,26,Male,Eligible,,Yes,2026-07-30T20:12:28.577992
SCR-006354,CRC-GLB-301,SITE-0034,INV-0067,GBR,2025-08-02,BB,19,Male,Eligible,,Yes,2026-07-30T20:12:28.577992
SCR-006355,CRC-GLB-301,SITE-0006,INV-0012,IND,2025-02-17,PT,82,Male,Screen Failure,Withdrew Consent,Yes,2026-07-30T20:12:28.577992
SCR-006356,CRC-GLB-301,SITE-0040,INV-0079,GBR,2025-09-10,NP,48,Male,Screen Failure,Withdrew Consent,Yes,2026-07-30T20:12:28.577992
SCR-006357,CRC-GLB-301,SITE-0012,INV-0024,SGP,2025-08-15,HV,29,Male,Eligible,,Yes,2026-07-30T20:12:28.577992
SCR-006358,CRC-GLB-301,SITE-0062,INV-0124,KEN,2025-08-13,IA,23,Female,Eligible,,Yes,2026-07-30T20:12:28.577992
SCR-006359,CRC-GLB-301,SITE-0025,INV-0050,CAN,2025-11-25,WT,31,Female,Screen Failure,Abnormal Laboratory Values,Yes,2026-07-30T20:12:28.577992
SCR-006360,CRC-GLB-301,SITE-0058,INV-0116,KEN,2025-11-27,YW,40,Female,Eligible,,Yes,2026-07-30T20:12:28.577992
SCR-006361,CRC-GLB-301,SITE-0007,INV-0013,IND,2025-10-14,KX,25,Male,Eligible,,Yes,2026-07-30T20:12:28.577992
SCR-006362,CRC-GLB-301,SITE-0055,INV-0110,ZAF,2025-05-30,OL,64,Female,Eligible,,Yes,2026-07-30T20:12:28.577992
SCR-006363,CRC-GLB-301,SITE-0061,INV-0122,KEN,2025-04-15,UI,27,Female,Eligible,,Yes,2026-07-30T20:12:28.577992
SCR-006364,CRC-GLB-301,SITE-0032,INV-0064,CAN,2025-12-05,SZ,54,Male,Eligible,,Yes,2026-07-30T20:12:28.577992
SCR-006365,CRC-GLB-301,SITE-0018,INV-0036,USA,2025-01-01,NE,76,Male,Eligible,,Yes,2026-07-30T20:12:28.577992
SCR-006366,CRC-GLB-301,SITE-0004,INV-0007,IND,2025-09-10,OW,32,Male,Eligible,,Yes,2026-07-30T20:12:28.577992
SCR-006367,CRC-GLB-301,SITE-0032,INV-0063,CAN,2025-01-03,NW,50,Male,Eligible,,Yes,2026-07-30T20:12:28.577992
SCR-006368,CRC-GLB-301,SITE-0052,INV-0103,ZAF,2025-11-02,RA,77,Female,Eligible,,Yes,2026-07-30T20:12:28.577992
SCR-006369,CRC-GLB-301,SITE-0063,INV-0126,KEN,2025-02-28,XK,20,Female,Eligible,,Yes,2026-07-30T20:12:28.577992
SCR-006370,CRC-GLB-301,SITE-0051,INV-0102,ZAF,2025-05-17,XB,46,Female,Screen Failure,Abnormal Laboratory Values,Yes,2026-07-30T20:12:28.577992
SCR-006371,CRC-GLB-301,SITE-0052,INV-0103,ZAF,2025-08-11,YD,39,Female,Eligible,,Yes,2026-07-30T20:12:28.577992
SCR-006372,CRC-GLB-301,SITE-0057,INV-0113,KEN,2025-08-09,CI,22,Male,Eligible,,Yes,2026-07-30T20:12:28.577992
SCR-006373,CRC-GLB-301,SITE-0049,INV-0097,ZAF,2025-09-25,QW,70,Female,Screen Failure,Exclusion Criteria Met,Yes,2026-07-30T20:12:28.577992
SCR-006374,CRC-GLB-301,SITE-0043,INV-0085,DEU,2025-12-29,NI,82,Female,Screen Failure,Inclusion Criteria Not Met,Yes,2026-07-30T20:12:28.577992
SCR-006375,CRC-GLB-301,SITE-0033,INV-0065,GBR,2025-04-09,RL,53,Female,Eligible,,Yes,2026-07-30T20:12:28.577992
SCR-006376,CRC-GLB-301,SITE-0025,INV-0049,CAN,2025-09-30,BG,55,Female,Eligible,,Yes,2026-07-30T20:12:28.577992
SCR-006377,CRC-GLB-301,SITE-0053,INV-0105,ZAF,2025-11-24,HG,46,Female,Eligible,,Yes,2026-07-30T20:12:28.577992
SCR-006378,CRC-GLB-301,SITE-0030,INV-0060,CAN,2025-11-14,ZB,60,Female,Screen Failure,Inclusion Criteria Not Met,Yes,2026-07-30T20:12:28.577992
SCR-006379,CRC-GLB-301,SITE-0044,INV-0087,DEU,2025-11-05,HK,45,Male,Screen Failure,Withdrew Consent,Yes,2026-07-30T20:12:28.577992
SCR-006380,CRC-GLB-301,SITE-0028,INV-0056,CAN,2025-12-30,OA,54,Male,Screen Failure,Exclusion Criteria Met,Yes,2026-07-30T20:12:28.577992
SCR-006381,CRC-GLB-301,SITE-0063,INV-0126,KEN,2025-03-22,WH,28,Female,Eligible,,Yes,2026-07-30T20:12:28.577992
SCR-006382,CRC-GLB-301,SITE-0009,INV-0017,SGP,2025-02-27,TL,69,Male,Eligible,,Yes,2026-07-30T20:12:28.577992
SCR-006383,CRC-GLB-301,SITE-0053,INV-0105,ZAF,2025-02-15,AY,72,Female,Eligible,,Yes,2026-07-30T20:12:28.577992
SCR-006384,CRC-GLB-301,SITE-0058,INV-0115,KEN,2025-12-28,IT,71,Female,Eligible,,Yes,2026-07-30T20:12:28.577992
SCR-006385,CRC-GLB-301,SITE-0017,INV-0033,USA,2025-10-13,VG,23,Female,Eligible,,Yes,2026-07-30T20:12:28.577992
SCR-006386,CRC-GLB-301,SITE-0038,INV-0076,GBR,2025-01-10,RW,69,Male,Eligible,,Yes,2026-07-30T20:12:28.577992
SCR-006387,CRC-GLB-301,SITE-0026,INV-0052,CAN,2025-07-13,ZZ,20,Male,Eligible,,Yes,2026-07-30T20:12:28.577992
SCR-006388,CRC-GLB-301,SITE-0033,INV-0066,GBR,2025-11-07,NZ,35,Female,Eligible,,Yes,2026-07-30T20:12:28.577992
SCR-006389,CRC-GLB-301,SITE-0043,INV-0085,DEU,2025-04-04,RS,46,Male,Eligible,,Yes,2026-07-30T20:12:28.577992
SCR-006390,CRC-GLB-301,SITE-0045,INV-0089,DEU,2025-01-12,MM,31,Male,Eligible,,Yes,2026-07-30T20:12:28.577992
SCR-006391,CRC-GLB-301,SITE-0038,INV-0076,GBR,2025-09-22,LA,63,Male,Eligible,,Yes,2026-07-30T20:12:28.577992
SCR-006392,CRC-GLB-301,SITE-0029,INV-0057,CAN,2025-05-22,VB,85,Male,Eligible,,Yes,2026-07-30T20:12:28.577992
SCR-006393,CRC-GLB-301,SITE-0033,INV-0066,GBR,2025-05-20,TN,43,Female,Eligible,,Yes,2026-07-30T20:12:28.577992
SCR-006394,CRC-GLB-301,SITE-0014,INV-0028,SGP,2025-11-30,MX,57,Male,Eligible,,Yes,2026-07-30T20:12:28.577992
SCR-006395,CRC-GLB-301,SITE-0045,INV-0089,DEU,2025-06-07,FV,23,Male,Screen Failure,Withdrew Consent,Yes,2026-07-30T20:12:28.577992
SCR-006396,CRC-GLB-301,SITE-0046,INV-0091,DEU,2025-11-29,SB,83,Female,Eligible,,Yes,2026-07-30T20:12:28.577992
SCR-006397,CRC-GLB-301,SITE-0058,INV-0116,KEN,2025-06-20,IA,59,Male,Eligible,,Yes,2026-07-30T20:12:28.577992
SCR-006398,CRC-GLB-301,SITE-0041,INV-0082,DEU,2025-11-23,QV,25,Male,Eligible,,Yes,2026-07-30T20:12:28.577992
SCR-006399,CRC-GLB-301,SITE-0051,INV-0102,ZAF,2025-04-17,FK,52,Male,Eligible,,Yes,2026-07-30T20:12:28.577992
SCR-006400,CRC-GLB-301,SITE-0033,INV-0066,GBR,2025-02-13,ZT,29,Female,Screen Failure,Abnormal Laboratory Values,Yes,2026-07-30T20:12:28.577992
SCR-006401,CRC-GLB-301,SITE-0029,INV-0057,CAN,2025-11-12,IK,26,Female,Eligible,,Yes,2026-07-30T20:12:28.577992
SCR-006402,CRC-GLB-301,SITE-0021,INV-0042,USA,2025-08-02,HI,74,Male,Screen Failure,Exclusion Criteria Met,Yes,2026-07-30T20:12:28.577992
SCR-006403,CRC-GLB-301,SITE-0058,INV-0116,KEN,2025-09-11,MB,67,Male,Eligible,,Yes,2026-07-30T20:12:28.577992
SCR-006404,CRC-GLB-301,SITE-0034,INV-0068,GBR,2025-02-10,MG,29,Female,Screen Failure,Inclusion Criteria Not Met,Yes,2026-07-30T20:12:28.577992
SCR-006405,CRC-GLB-301,SITE-0040,INV-0079,GBR,2025-01-31,BS,37,Female,Eligible,,Yes,2026-07-30T20:12:28.577992
SCR-006406,CRC-GLB-301,SITE-0053,INV-0105,ZAF,2025-11-04,RL,34,Female,Screen Failure,Abnormal Laboratory Values,Yes,2026-07-30T20:12:28.577992
SCR-006407,CRC-GLB-301,SITE-0032,INV-0064,CAN,2025-09-02,MI,18,Male,Eligible,,Yes,2026-07-30T20:12:28.577992
SCR-006408,CRC-GLB-301,SITE-0029,INV-0058,CAN,2025-08-30,TH,32,Male,Eligible,,Yes,2026-07-30T20:12:28.577992
SCR-006409,CRC-GLB-301,SITE-0058,INV-0116,KEN,2025-12-04,WU,38,Female,Eligible,,Yes,2026-07-30T20:12:28.577992
SCR-006410,CRC-GLB-301,SITE-0046,INV-0092,DEU,2025-04-03,OX,66,Female,Screen Failure,Abnormal Laboratory Values,Yes,2026-07-30T20:12:28.577992
SCR-006411,CRC-GLB-301,SITE-0047,INV-0094,DEU,2025-04-02,LT,61,Female,Eligible,,Yes,2026-07-30T20:12:28.577992
SCR-006412,CRC-GLB-301,SITE-0002,INV-0003,IND,2025-06-06,PZ,49,Female,Eligible,,Yes,2026-07-30T20:12:28.577992
SCR-006413,CRC-GLB-301,SITE-0047,INV-0094,DEU,2025-05-02,KH,39,Male,Screen Failure,Abnormal Laboratory Values,Yes,2026-07-30T20:12:28.577992
SCR-006414,CRC-GLB-301,SITE-0007,INV-0014,IND,2025-08-13,AG,51,Female,Eligible,,Yes,2026-07-30T20:12:28.577992
SCR-006415,CRC-GLB-301,SITE-0051,INV-0102,ZAF,2025-09-16,WS,19,Male,Eligible,,Yes,2026-07-30T20:12:28.577992
SCR-006416,CRC-GLB-301,SITE-0060,INV-0120,KEN,2025-12-20,WE,75,Male,Eligible,,Yes,2026-07-30T20:12:28.577992
SCR-006417,CRC-GLB-301,SITE-0035,INV-0069,GBR,2025-09-19,OX,36,Female,Eligible,,Yes,2026-07-30T20:12:28.577992
SCR-006418,CRC-GLB-301,SITE-0009,INV-0018,SGP,2025-05-19,QQ,52,Male,Screen Failure,Exclusion Criteria Met,Yes,2026-07-30T20:12:28.577992
SCR-006419,CRC-GLB-301,SITE-0004,INV-0007,IND,2025-10-26,QR,48,Female,Eligible,,Yes,2026-07-30T20:12:28.577992
SCR-006420,CRC-GLB-301,SITE-0040,INV-0080,GBR,2025-04-01,UB,51,Male,Eligible,,Yes,2026-07-30T20:12:28.577992
SCR-006421,CRC-GLB-301,SITE-0039,INV-0078,GBR,2025-12-26,SQ,23,Female,Screen Failure,Withdrew Consent,Yes,2026-07-30T20:12:28.577992
SCR-006422,CRC-GLB-301,SITE-0052,INV-0103,ZAF,2025-05-11,YE,39,Female,Eligible,,Yes,2026-07-30T20:12:28.577992
SCR-006423,CRC-GLB-301,SITE-0057,INV-0114,KEN,2025-02-23,CL,76,Male,Eligible,,Yes,2026-07-30T20:12:28.577992
SCR-006424,CRC-GLB-301,SITE-0062,INV-0123,KEN,2025-06-24,XD,69,Male,Eligible,,Yes,2026-07-30T20:12:28.577992
SCR-006425,CRC-GLB-301,SITE-0009,INV-0018,SGP,2025-04-19,JM,28,Male,Eligible,,Yes,2026-07-30T20:12:28.577992
SCR-006426,CRC-GLB-301,SITE-0064,INV-0127,KEN,2025-02-02,HS,45,Male,Eligible,,Yes,2026-07-30T20:12:28.577992
SCR-006427,CRC-GLB-301,SITE-0016,INV-0032,SGP,2025-08-01,WS,72,Male,Screen Failure,Withdrew Consent,Yes,2026-07-30T20:12:28.577992
SCR-006428,CRC-GLB-301,SITE-0040,INV-0080,GBR,2025-11-13,SN,73,Female,Eligible,,Yes,2026-07-30T20:12:28.577992
SCR-006429,CRC-GLB-301,SITE-0051,INV-0101,ZAF,2025-02-08,NE,77,Male,Eligible,,Yes,2026-07-30T20:12:28.577992
SCR-006430,CRC-GLB-301,SITE-0017,INV-0034,USA,2025-09-10,KZ,72,Female,Eligible,,Yes,2026-07-30T20:12:28.577992
SCR-006431,CRC-GLB-301,SITE-0006,INV-0012,IND,2025-02-22,KL,52,Female,Eligible,,Yes,2026-07-30T20:12:28.577992
SCR-006432,CRC-GLB-301,SITE-0059,INV-0117,KEN,2025-08-22,NR,42,Female,Screen Failure,Abnormal Laboratory Values,Yes,2026-07-30T20:12:28.577992
SCR-006433,CRC-GLB-301,SITE-0020,INV-0039,USA,2025-11-14,ET,46,Female,Screen Failure,Inclusion Criteria Not Met,Yes,2026-07-30T20:12:28.577992
SCR-006434,CRC-GLB-301,SITE-0031,INV-0062,CAN,2025-06-24,HZ,79,Male,Eligible,,Yes,2026-07-30T20:12:28.577992
SCR-006435,CRC-GLB-301,SITE-0009,INV-0018,SGP,2025-06-11,NE,41,Male,Eligible,,Yes,2026-07-30T20:12:28.577992
SCR-006436,CRC-GLB-301,SITE-0015,INV-0030,SGP,2025-02-13,LU,18,Female,Eligible,,Yes,2026-07-30T20:12:28.577992
SCR-006437,CRC-GLB-301,SITE-0004,INV-0008,IND,2025-08-22,ML,43,Male,Eligible,,Yes,2026-07-30T20:12:28.577992
SCR-006438,CRC-GLB-301,SITE-0027,INV-0053,CAN,2025-07-20,XH,49,Male,Eligible,,Yes,2026-07-30T20:12:28.577992
SCR-006439,CRC-GLB-301,SITE-0025,INV-0050,CAN,2025-06-01,EI,19,Male,Eligible,,Yes,2026-07-30T20:12:28.577992
SCR-006440,CRC-GLB-301,SITE-0047,INV-0093,DEU,2025-05-05,ST,40,Male,Eligible,,Yes,2026-07-30T20:12:28.577992
SCR-006441,CRC-GLB-301,SITE-0005,INV-0009,IND,2025-03-24,IH,69,Female,Eligible,,Yes,2026-07-30T20:12:28.577992
SCR-006442,CRC-GLB-301,SITE-0042,INV-0083,DEU,2025-05-30,PR,63,Female,Eligible,,Yes,2026-07-30T20:12:28.577992
SCR-006443,CRC-GLB-301,SITE-0061,INV-0121,KEN,2025-04-30,CU,18,Female,Eligible,,Yes,2026-07-30T20:12:28.577992
SCR-006444,CRC-GLB-301,SITE-0055,INV-0109,ZAF,2025-07-09,OE,26,Female,Eligible,,Yes,2026-07-30T20:12:28.577992
SCR-006445,CRC-GLB-301,SITE-0028,INV-0056,CAN,2025-06-06,JU,42,Female,Eligible,,Yes,2026-07-30T20:12:28.577992
SCR-006446,CRC-GLB-301,SITE-0061,INV-0121,KEN,2025-08-12,NG,56,Female,Eligible,,Yes,2026-07-30T20:12:28.577992
SCR-006447,CRC-GLB-301,SITE-0040,INV-0079,GBR,2025-12-05,KY,34,Female,Screen Failure,Inclusion Criteria Not Met,Yes,2026-07-30T20:12:28.577992
SCR-006448,CRC-GLB-301,SITE-0058,INV-0115,KEN,2025-10-17,DA,20,Female,Eligible,,Yes,2026-07-30T20:12:28.577992
SCR-006449,CRC-GLB-301,SITE-0018,INV-0036,USA,2025-03-17,QW,27,Male,Eligible,,Yes,2026-07-30T20:12:28.577992
SCR-006450,CRC-GLB-301,SITE-0023,INV-0046,USA,2025-08-17,GF,61,Male,Eligible,,Yes,2026-07-30T20:12:28.577992
SCR-006451,CRC-GLB-301,SITE-0056,INV-0112,ZAF,2025-01-31,OT,82,Female,Screen Failure,Exclusion Criteria Met,Yes,2026-07-30T20:12:28.577992
SCR-006452,CRC-GLB-301,SITE-0018,INV-0035,USA,2025-03-12,YF,37,Male,Screen Failure,Inclusion Criteria Not Met,Yes,2026-07-30T20:12:28.577992
SCR-006453,CRC-GLB-301,SITE-0006,INV-0011,IND,2025-07-08,XU,65,Female,Eligible,,Yes,2026-07-30T20:12:28.577992
SCR-006454,CRC-GLB-301,SITE-0039,INV-0078,GBR,2025-08-07,CO,25,Female,Eligible,,Yes,2026-07-30T20:12:28.577992
SCR-006455,CRC-GLB-301,SITE-0005,INV-0009,IND,2025-06-08,SW,18,Female,Screen Failure,Inclusion Criteria Not Met,Yes,2026-07-30T20:12:28.577992
SCR-006456,CRC-GLB-301,SITE-0035,INV-0070,GBR,2025-09-24,AU,43,Male,Eligible,,Yes,2026-07-30T20:12:28.577992
SCR-006457,CRC-GLB-301,SITE-0036,INV-0071,GBR,2025-05-04,KX,81,Female,Eligible,,Yes,2026-07-30T20:12:28.577992
SCR-006458,CRC-GLB-301,SITE-0026,INV-0051,CAN,2025-02-22,TC,62,Female,Eligible,,Yes,2026-07-30T20:12:28.577992
SCR-006459,CRC-GLB-301,SITE-0043,INV-0085,DEU,2025-10-23,CR,31,Female,Eligible,,Yes,2026-07-30T20:12:28.577992
SCR-006460,CRC-GLB-301,SITE-0007,INV-0013,IND,2025-05-01,JB,71,Female,Eligible,,Yes,2026-07-30T20:12:28.577992
SCR-006461,CRC-GLB-301,SITE-0017,INV-0033,USA,2025-07-08,ZH,44,Female,Eligible,,Yes,2026-07-30T20:12:28.577992
SCR-006462,CRC-GLB-301,SITE-0004,INV-0007,IND,2025-02-08,KN,31,Male,Eligible,,Yes,2026-07-30T20:12:28.577992
SCR-006463,CRC-GLB-301,SITE-0044,INV-0087,DEU,2025-01-10,QH,56,Female,Screen Failure,Withdrew Consent,Yes,2026-07-30T20:12:28.577992
SCR-006464,CRC-GLB-301,SITE-0026,INV-0052,CAN,2025-11-08,MD,18,Female,Eligible,,Yes,2026-07-30T20:12:28.577992
SCR-006465,CRC-GLB-301,SITE-0005,INV-0009,IND,2025-04-11,IU,21,Female,Screen Failure,Abnormal Laboratory Values,Yes,2026-07-30T20:12:28.577992
SCR-006466,CRC-GLB-301,SITE-0029,INV-0057,CAN,2025-06-26,ZT,57,Male,Eligible,,Yes,2026-07-30T20:12:28.577992
SCR-006467,CRC-GLB-301,SITE-0039,INV-0078,GBR,2025-01-23,GH,60,Female,Eligible,,Yes,2026-07-30T20:12:28.577992
SCR-006468,CRC-GLB-301,SITE-0046,INV-0091,DEU,2025-12-16,KT,38,Female,Eligible,,Yes,2026-07-30T20:12:28.577992
SCR-006469,CRC-GLB-301,SITE-0005,INV-0010,IND,2025-12-11,YH,28,Male,Screen Failure,Withdrew Consent,Yes,2026-07-30T20:12:28.577992
SCR-006470,CRC-GLB-301,SITE-0048,INV-0095,DEU,2025-10-18,CA,83,Male,Eligible,,Yes,2026-07-30T20:12:28.577992
SCR-006471,CRC-GLB-301,SITE-0051,INV-0102,ZAF,2025-09-12,LA,64,Male,Eligible,,Yes,2026-07-30T20:12:28.577992
SCR-006472,CRC-GLB-301,SITE-0010,INV-0020,SGP,2025-09-29,WB,42,Female,Screen Failure,Withdrew Consent,Yes,2026-07-30T20:12:28.577992
SCR-006473,CRC-GLB-301,SITE-0019,INV-0037,USA,2025-01-17,ZN,85,Male,Eligible,,Yes,2026-07-30T20:12:28.577992
SCR-006474,CRC-GLB-301,SITE-0042,INV-0084,DEU,2025-09-21,UP,23,Male,Screen Failure,Withdrew Consent,Yes,2026-07-30T20:12:28.577992
SCR-006475,CRC-GLB-301,SITE-0062,INV-0123,KEN,2025-04-20,LF,28,Male,Eligible,,Yes,2026-07-30T20:12:28.577992
SCR-006476,CRC-GLB-301,SITE-0007,INV-0014,IND,2025-10-18,QH,63,Male,Screen Failure,Withdrew Consent,Yes,2026-07-30T20:12:28.577992
SCR-006477,CRC-GLB-301,SITE-0008,INV-0016,IND,2025-05-10,NY,27,Male,Eligible,,Yes,2026-07-30T20:12:28.577992
SCR-006478,CRC-GLB-301,SITE-0033,INV-0065,GBR,2025-10-31,JQ,53,Male,Eligible,,Yes,2026-07-30T20:12:28.577992
SCR-006479,CRC-GLB-301,SITE-0041,INV-0081,DEU,2025-02-06,OG,67,Male,Eligible,,Yes,2026-07-30T20:12:28.577992
SCR-006480,CRC-GLB-301,SITE-0064,INV-0127,KEN,2025-01-02,AH,63,Female,Eligible,,Yes,2026-07-30T20:12:28.577992
SCR-006481,CRC-GLB-301,SITE-0014,INV-0027,SGP,2025-12-16,EG,31,Male,Eligible,,Yes,2026-07-30T20:12:28.577992
SCR-006482,CRC-GLB-301,SITE-0037,INV-0074,GBR,2025-03-26,IW,67,Male,Eligible,,Yes,2026-07-30T20:12:28.577992
SCR-006483,CRC-GLB-301,SITE-0042,INV-0084,DEU,2025-08-09,CG,37,Female,Eligible,,Yes,2026-07-30T20:12:28.577992
SCR-006484,CRC-GLB-301,SITE-0008,INV-0015,IND,2025-01-30,PR,33,Female,Eligible,,Yes,2026-07-30T20:12:28.577992
SCR-006485,CRC-GLB-301,SITE-0019,INV-0038,USA,2025-02-25,ML,32,Male,Eligible,,Yes,2026-07-30T20:12:28.577992
SCR-006486,CRC-GLB-301,SITE-0040,INV-0079,GBR,2025-03-22,GS,69,Female,Eligible,,Yes,2026-07-30T20:12:28.577992
SCR-006487,CRC-GLB-301,SITE-0018,INV-0036,USA,2025-03-09,DV,70,Female,Screen Failure,Inclusion Criteria Not Met,Yes,2026-07-30T20:12:28.577992
SCR-006488,CRC-GLB-301,SITE-0012,INV-0023,SGP,2025-01-01,CE,44,Male,Eligible,,Yes,2026-07-30T20:12:28.577992
SCR-006489,CRC-GLB-301,SITE-0003,INV-0005,IND,2025-08-03,LV,61,Female,Eligible,,Yes,2026-07-30T20:12:28.577992
SCR-006490,CRC-GLB-301,SITE-0050,INV-0100,ZAF,2025-05-06,EO,42,Female,Eligible,,Yes,2026-07-30T20:12:28.577992
SCR-006491,CRC-GLB-301,SITE-0040,INV-0079,GBR,2025-05-31,GH,39,Male,Eligible,,Yes,2026-07-30T20:12:28.577992
SCR-006492,CRC-GLB-301,SITE-0003,INV-0006,IND,2025-05-16,RQ,58,Male,Eligible,,Yes,2026-07-30T20:12:28.577992
SCR-006493,CRC-GLB-301,SITE-0002,INV-0004,IND,2025-11-11,JP,52,Male,Eligible,,Yes,2026-07-30T20:12:28.577992
SCR-006494,CRC-GLB-301,SITE-0009,INV-0018,SGP,2025-10-06,GD,75,Female,Eligible,,Yes,2026-07-30T20:12:28.577992
SCR-006495,CRC-GLB-301,SITE-0023,INV-0045,USA,2025-12-25,NE,54,Male,Screen Failure,Inclusion Criteria Not Met,Yes,2026-07-30T20:12:28.577992
SCR-006496,CRC-GLB-301,SITE-0007,INV-0014,IND,2025-10-26,CY,62,Female,Eligible,,Yes,2026-07-30T20:12:28.577992
SCR-006497,CRC-GLB-301,SITE-0011,INV-0022,SGP,2025-06-23,IO,63,Female,Eligible,,Yes,2026-07-30T20:12:28.577992
SCR-006498,CRC-GLB-301,SITE-0022,INV-0044,USA,2025-05-12,GI,35,Male,Eligible,,Yes,2026-07-30T20:12:28.577992
SCR-006499,CRC-GLB-301,SITE-0062,INV-0123,KEN,2025-03-07,OD,85,Female,Eligible,,Yes,2026-07-30T20:12:28.577992
SCR-006500,CRC-GLB-301,SITE-0022,INV-0043,USA,2025-01-12,XQ,76,Male,Screen Failure,Exclusion Criteria Met,Yes,2026-07-30T20:12:28.577992
SCR-006501,CRC-GLB-301,SITE-0050,INV-0100,ZAF,2025-02-24,QG,51,Male,Eligible,,Yes,2026-07-30T20:12:28.577992
SCR-006502,CRC-GLB-301,SITE-0005,INV-0010,IND,2025-11-17,IM,32,Male,Eligible,,Yes,2026-07-30T20:12:28.577992
SCR-006503,CRC-GLB-301,SITE-0014,INV-0028,SGP,2025-07-05,YW,35,Female,Eligible,,Yes,2026-07-30T20:12:28.577992
SCR-006504,CRC-GLB-301,SITE-0030,INV-0059,CAN,2025-04-22,BD,26,Male,Eligible,,Yes,2026-07-30T20:12:28.577992
SCR-006505,CRC-GLB-301,SITE-0003,INV-0005,IND,2025-03-01,CB,72,Female,Eligible,,Yes,2026-07-30T20:12:28.577992
SCR-006506,CRC-GLB-301,SITE-0040,INV-0079,GBR,2025-05-25,GQ,82,Male,Screen Failure,Inclusion Criteria Not Met,Yes,2026-07-30T20:12:28.577992
SCR-006507,CRC-GLB-301,SITE-0048,INV-0096,DEU,2025-12-06,XD,35,Female,Eligible,,Yes,2026-07-30T20:12:28.577992
SCR-006508,CRC-GLB-301,SITE-0061,INV-0121,KEN,2025-08-07,BH,77,Female,Screen Failure,Exclusion Criteria Met,Yes,2026-07-30T20:12:28.577992
SCR-006509,CRC-GLB-301,SITE-0061,INV-0122,KEN,2025-06-29,KP,57,Male,Screen Failure,Exclusion Criteria Met,Yes,2026-07-30T20:12:28.577992
SCR-006510,CRC-GLB-301,SITE-0009,INV-0017,SGP,2025-06-28,AL,73,Female,Eligible,,Yes,2026-07-30T20:12:28.577992
SCR-006511,CRC-GLB-301,SITE-0049,INV-0098,ZAF,2025-03-27,SS,42,Male,Eligible,,Yes,2026-07-30T20:12:28.577992
SCR-006512,CRC-GLB-301,SITE-0053,INV-0105,ZAF,2025-08-15,CC,54,Female,Screen Failure,Inclusion Criteria Not Met,Yes,2026-07-30T20:12:28.577992
SCR-006513,CRC-GLB-301,SITE-0041,INV-0081,DEU,2025-11-22,EB,26,Male,Screen Failure,Abnormal Laboratory Values,Yes,2026-07-30T20:12:28.577992
SCR-006514,CRC-GLB-301,SITE-0062,INV-0123,KEN,2025-03-14,DS,46,Male,Screen Failure,Abnormal Laboratory Values,Yes,2026-07-30T20:12:28.577992
SCR-006515,CRC-GLB-301,SITE-0018,INV-0035,USA,2025-10-10,CH,45,Male,Eligible,,Yes,2026-07-30T20:12:28.577992
SCR-006516,CRC-GLB-301,SITE-0053,INV-0105,ZAF,2025-08-09,ZT,78,Female,Eligible,,Yes,2026-07-30T20:12:28.577992
SCR-006517,CRC-GLB-301,SITE-0040,INV-0080,GBR,2025-01-21,MC,85,Female,Screen Failure,Withdrew Consent,Yes,2026-07-30T20:12:28.577992
SCR-006518,CRC-GLB-301,SITE-0009,INV-0017,SGP,2025-03-02,JO,76,Male,Eligible,,Yes,2026-07-30T20:12:28.577992
SCR-006519,CRC-GLB-301,SITE-0031,INV-0061,CAN,2025-09-11,DQ,84,Female,Screen Failure,Exclusion Criteria Met,Yes,2026-07-30T20:12:28.577992
SCR-006520,CRC-GLB-301,SITE-0002,INV-0003,IND,2025-07-25,HF,40,Female,Eligible,,Yes,2026-07-30T20:12:28.577992
SCR-006521,CRC-GLB-301,SITE-0044,INV-0088,DEU,2025-12-31,JP,44,Female,Eligible,,Yes,2026-07-30T20:12:28.577992
SCR-006522,CRC-GLB-301,SITE-0009,INV-0018,SGP,2025-08-25,QM,21,Male,Eligible,,Yes,2026-07-30T20:12:28.577992
SCR-006523,CRC-GLB-301,SITE-0046,INV-0092,DEU,2025-02-04,XV,81,Female,Screen Failure,Inclusion Criteria Not Met,Yes,2026-07-30T20:12:28.577992
SCR-006524,CRC-GLB-301,SITE-0040,INV-0080,GBR,2025-01-26,BT,51,Female,Eligible,,Yes,2026-07-30T20:12:28.577992
SCR-006525,CRC-GLB-301,SITE-0022,INV-0044,USA,2025-06-07,YL,44,Female,Eligible,,Yes,2026-07-30T20:12:28.577992
SCR-006526,CRC-GLB-301,SITE-0050,INV-0100,ZAF,2025-05-27,IT,76,Male,Screen Failure,Inclusion Criteria Not Met,Yes,2026-07-30T20:12:28.577992
SCR-006527,CRC-GLB-301,SITE-0016,INV-0031,SGP,2025-07-28,BE,80,Female,Eligible,,Yes,2026-07-30T20:12:28.577992
SCR-006528,CRC-GLB-301,SITE-0029,INV-0058,CAN,2025-08-26,HK,84,Female,Screen Failure,Withdrew Consent,Yes,2026-07-30T20:12:28.577992
SCR-006529,CRC-GLB-301,SITE-0048,INV-0095,DEU,2025-08-25,XR,49,Male,Eligible,,Yes,2026-07-30T20:12:28.577992
SCR-006530,CRC-GLB-301,SITE-0014,INV-0028,SGP,2025-09-11,IH,45,Female,Screen Failure,Withdrew Consent,Yes,2026-07-30T20:12:28.577992
SCR-006531,CRC-GLB-301,SITE-0036,INV-0072,GBR,2025-06-25,RP,21,Female,Eligible,,Yes,2026-07-30T20:12:28.577992
SCR-006532,CRC-GLB-301,SITE-0008,INV-0016,IND,2025-11-25,BI,65,Female,Screen Failure,Withdrew Consent,Yes,2026-07-30T20:12:28.577992
SCR-006533,CRC-GLB-301,SITE-0027,INV-0053,CAN,2025-02-06,MC,51,Male,Screen Failure,Inclusion Criteria Not Met,Yes,2026-07-30T20:12:28.577992
SCR-006534,CRC-GLB-301,SITE-0020,INV-0040,USA,2025-03-30,ZP,31,Male,Eligible,,Yes,2026-07-30T20:12:28.577992
SCR-006535,CRC-GLB-301,SITE-0046,INV-0092,DEU,2025-08-18,RG,64,Female,Eligible,,Yes,2026-07-30T20:12:28.577992
SCR-006536,CRC-GLB-301,SITE-0044,INV-0087,DEU,2025-06-17,WC,78,Female,Eligible,,Yes,2026-07-30T20:12:28.577992
SCR-006537,CRC-GLB-301,SITE-0046,INV-0092,DEU,2025-06-14,EQ,57,Male,Eligible,,Yes,2026-07-30T20:12:28.577992
SCR-006538,CRC-GLB-301,SITE-0035,INV-0069,GBR,2025-06-07,ET,37,Male,Screen Failure,Withdrew Consent,Yes,2026-07-30T20:12:28.577992
SCR-006539,CRC-GLB-301,SITE-0024,INV-0047,USA,2025-01-27,HA,55,Female,Eligible,,Yes,2026-07-30T20:12:28.577992
SCR-006540,CRC-GLB-301,SITE-0006,INV-0012,IND,2025-03-24,JE,25,Male,Eligible,,Yes,2026-07-30T20:12:28.577992
SCR-006541,CRC-GLB-301,SITE-0036,INV-0072,GBR,2025-08-03,BK,47,Female,Eligible,,Yes,2026-07-30T20:12:28.577992
SCR-006542,CRC-GLB-301,SITE-0022,INV-0044,USA,2025-01-29,OZ,33,Female,Screen Failure,Inclusion Criteria Not Met,Yes,2026-07-30T20:12:28.577992
SCR-006543,CRC-GLB-301,SITE-0050,INV-0099,ZAF,2025-01-31,JA,62,Male,Screen Failure,Exclusion Criteria Met,Yes,2026-07-30T20:12:28.577992
SCR-006544,CRC-GLB-301,SITE-0051,INV-0102,ZAF,2025-11-18,CS,60,Female,Eligible,,Yes,2026-07-30T20:12:28.577992
SCR-006545,CRC-GLB-301,SITE-0035,INV-0070,GBR,2025-03-06,FG,51,Male,Eligible,,Yes,2026-07-30T20:12:28.577992
SCR-006546,CRC-GLB-301,SITE-0014,INV-0027,SGP,2025-01-18,UR,22,Female,Eligible,,Yes,2026-07-30T20:12:28.577992
SCR-006547,CRC-GLB-301,SITE-0063,INV-0126,KEN,2025-01-18,HY,70,Male,Eligible,,Yes,2026-07-30T20:12:28.577992
SCR-006548,CRC-GLB-301,SITE-0032,INV-0063,CAN,2025-02-19,VD,77,Female,Eligible,,Yes,2026-07-30T20:12:28.577992
SCR-006549,CRC-GLB-301,SITE-0016,INV-0032,SGP,2025-08-31,PE,70,Male,Eligible,,Yes,2026-07-30T20:12:28.577992
SCR-006550,CRC-GLB-301,SITE-0044,INV-0088,DEU,2025-07-01,GY,45,Female,Eligible,,Yes,2026-07-30T20:12:28.577992
SCR-006551,CRC-GLB-301,SITE-0023,INV-0045,USA,2025-01-17,MB,54,Male,Eligible,,Yes,2026-07-30T20:12:28.577992
SCR-006552,CRC-GLB-301,SITE-0011,INV-0021,SGP,2025-08-22,LE,77,Female,Eligible,,Yes,2026-07-30T20:12:28.577992
SCR-006553,CRC-GLB-301,SITE-0043,INV-0085,DEU,2025-07-24,MH,68,Male,Eligible,,Yes,2026-07-30T20:12:28.577992
SCR-006554,CRC-GLB-301,SITE-0011,INV-0022,SGP,2025-07-20,ZR,78,Female,Eligible,,Yes,2026-07-30T20:12:28.577992
SCR-006555,CRC-GLB-301,SITE-0028,INV-0055,CAN,2025-03-02,CU,22,Female,Eligible,,Yes,2026-07-30T20:12:28.577992
SCR-006556,CRC-GLB-301,SITE-0023,INV-0045,USA,2025-04-17,NJ,39,Male,Eligible,,Yes,2026-07-30T20:12:28.577992
SCR-006557,CRC-GLB-301,SITE-0027,INV-0054,CAN,2025-09-10,IH,85,Male,Eligible,,Yes,2026-07-30T20:12:28.577992
SCR-006558,CRC-GLB-301,SITE-0051,INV-0101,ZAF,2025-11-19,EH,69,Female,Eligible,,Yes,2026-07-30T20:12:28.577992
SCR-006559,CRC-GLB-301,SITE-0053,INV-0105,ZAF,2025-05-23,VY,39,Female,Eligible,,Yes,2026-07-30T20:12:28.577992
SCR-006560,CRC-GLB-301,SITE-0014,INV-0028,SGP,2025-06-16,QD,49,Male,Screen Failure,Abnormal Laboratory Values,Yes,2026-07-30T20:12:28.577992
SCR-006561,CRC-GLB-301,SITE-0061,INV-0121,KEN,2025-03-09,DW,66,Male,Eligible,,Yes,2026-07-30T20:12:28.577992
SCR-006562,CRC-GLB-301,SITE-0050,INV-0099,ZAF,2025-06-09,MJ,24,Male,Eligible,,Yes,2026-07-30T20:12:28.577992
SCR-006563,CRC-GLB-301,SITE-0055,INV-0110,ZAF,2025-05-15,HP,23,Female,Eligible,,Yes,2026-07-30T20:12:28.577992
SCR-006564,CRC-GLB-301,SITE-0026,INV-0052,CAN,2025-08-27,WE,71,Female,Eligible,,Yes,2026-07-30T20:12:28.577992
SCR-006565,CRC-GLB-301,SITE-0005,INV-0010,IND,2025-01-06,FK,39,Male,Eligible,,Yes,2026-07-30T20:12:28.577992
SCR-006566,CRC-GLB-301,SITE-0058,INV-0115,KEN,2025-05-21,KG,59,Female,Eligible,,Yes,2026-07-30T20:12:28.577992
SCR-006567,CRC-GLB-301,SITE-0002,INV-0004,IND,2025-10-03,TX,29,Male,Eligible,,Yes,2026-07-30T20:12:28.577992
SCR-006568,CRC-GLB-301,SITE-0005,INV-0010,IND,2025-06-13,TT,40,Male,Eligible,,Yes,2026-07-30T20:12:28.577992
SCR-006569,CRC-GLB-301,SITE-0052,INV-0104,ZAF,2025-11-06,BC,80,Female,Eligible,,Yes,2026-07-30T20:12:28.577992
SCR-006570,CRC-GLB-301,SITE-0015,INV-0029,SGP,2025-06-27,PE,76,Male,Eligible,,Yes,2026-07-30T20:12:28.577992
SCR-006571,CRC-GLB-301,SITE-0010,INV-0020,SGP,2025-11-02,HD,36,Male,Eligible,,Yes,2026-07-30T20:12:28.577992
SCR-006572,CRC-GLB-301,SITE-0019,INV-0038,USA,2025-05-07,OB,74,Female,Eligible,,Yes,2026-07-30T20:12:28.577992
SCR-006573,CRC-GLB-301,SITE-0062,INV-0124,KEN,2025-02-14,MJ,80,Male,Eligible,,Yes,2026-07-30T20:12:28.577992
SCR-006574,CRC-GLB-301,SITE-0021,INV-0042,USA,2025-09-24,XN,48,Female,Screen Failure,Abnormal Laboratory Values,Yes,2026-07-30T20:12:28.577992
SCR-006575,CRC-GLB-301,SITE-0056,INV-0111,ZAF,2025-09-13,PF,54,Male,Eligible,,Yes,2026-07-30T20:12:28.577992
SCR-006576,CRC-GLB-301,SITE-0026,INV-0051,CAN,2025-08-30,NK,32,Female,Eligible,,Yes,2026-07-30T20:12:28.577992
SCR-006577,CRC-GLB-301,SITE-0024,INV-0048,USA,2025-09-25,KQ,21,Male,Screen Failure,Withdrew Consent,Yes,2026-07-30T20:12:28.577992
SCR-006578,CRC-GLB-301,SITE-0062,INV-0124,KEN,2025-08-02,IB,24,Male,Eligible,,Yes,2026-07-30T20:12:28.577992
SCR-006579,CRC-GLB-301,SITE-0019,INV-0038,USA,2025-07-06,AF,70,Male,Eligible,,Yes,2026-07-30T20:12:28.577992
SCR-006580,CRC-GLB-301,SITE-0036,INV-0072,GBR,2025-01-03,QO,48,Male,Eligible,,Yes,2026-07-30T20:12:28.577992
SCR-006581,CRC-GLB-301,SITE-0058,INV-0115,KEN,2025-03-14,RF,78,Female,Screen Failure,Abnormal Laboratory Values,Yes,2026-07-30T20:12:28.577992
SCR-006582,CRC-GLB-301,SITE-0058,INV-0115,KEN,2025-10-19,FE,36,Female,Screen Failure,Withdrew Consent,Yes,2026-07-30T20:12:28.577992
SCR-006583,CRC-GLB-301,SITE-0036,INV-0072,GBR,2025-05-14,EV,34,Male,Eligible,,Yes,2026-07-30T20:12:28.577992
SCR-006584,CRC-GLB-301,SITE-0032,INV-0064,CAN,2025-10-21,WN,36,Female,Eligible,,Yes,2026-07-30T20:12:28.577992
SCR-006585,CRC-GLB-301,SITE-0004,INV-0008,IND,2025-03-31,UN,62,Male,Eligible,,Yes,2026-07-30T20:12:28.577992
SCR-006586,CRC-GLB-301,SITE-0054,INV-0107,ZAF,2025-12-07,NP,82,Male,Eligible,,Yes,2026-07-30T20:12:28.577992
SCR-006587,CRC-GLB-301,SITE-0008,INV-0016,IND,2025-01-10,QG,40,Female,Eligible,,Yes,2026-07-30T20:12:28.577992
SCR-006588,CRC-GLB-301,SITE-0019,INV-0038,USA,2025-06-04,ID,79,Female,Eligible,,Yes,2026-07-30T20:12:28.577992
SCR-006589,CRC-GLB-301,SITE-0034,INV-0067,GBR,2025-07-19,MU,79,Male,Eligible,,Yes,2026-07-30T20:12:28.577992
SCR-006590,CRC-GLB-301,SITE-0024,INV-0047,USA,2025-06-11,ZG,58,Male,Screen Failure,Inclusion Criteria Not Met,Yes,2026-07-30T20:12:28.577992
SCR-006591,CRC-GLB-301,SITE-0013,INV-0026,SGP,2025-11-13,WE,41,Female,Eligible,,Yes,2026-07-30T20:12:28.577992
SCR-006592,CRC-GLB-301,SITE-0033,INV-0066,GBR,2025-02-19,CR,61,Male,Eligible,,Yes,2026-07-30T20:12:28.577992
SCR-006593,CRC-GLB-301,SITE-0055,INV-0109,ZAF,2025-10-07,KU,55,Female,Eligible,,Yes,2026-07-30T20:12:28.577992
SCR-006594,CRC-GLB-301,SITE-0014,INV-0027,SGP,2025-10-25,LV,18,Female,Screen Failure,Exclusion Criteria Met,Yes,2026-07-30T20:12:28.577992
SCR-006595,CRC-GLB-301,SITE-0060,INV-0120,KEN,2025-03-18,QK,57,Female,Eligible,,Yes,2026-07-30T20:12:28.577992
SCR-006596,CRC-GLB-301,SITE-0009,INV-0017,SGP,2025-09-20,CX,35,Male,Eligible,,Yes,2026-07-30T20:12:28.577992
SCR-006597,CRC-GLB-301,SITE-0059,INV-0117,KEN,2025-04-09,TD,29,Female,Eligible,,Yes,2026-07-30T20:12:28.577992
SCR-006598,CRC-GLB-301,SITE-0052,INV-0104,ZAF,2025-07-06,WU,45,Female,Eligible,,Yes,2026-07-30T20:12:28.577992
SCR-006599,CRC-GLB-301,SITE-0044,INV-0087,DEU,2025-08-23,WW,64,Female,Screen Failure,Withdrew Consent,Yes,2026-07-30T20:12:28.577992
SCR-006600,CRC-GLB-301,SITE-0010,INV-0020,SGP,2025-07-31,PK,41,Male,Eligible,,Yes,2026-07-30T20:12:28.577992
SCR-006601,CRC-GLB-301,SITE-0026,INV-0052,CAN,2025-05-21,ZO,62,Male,Eligible,,Yes,2026-07-30T20:12:28.577992
SCR-006602,CRC-GLB-301,SITE-0038,INV-0075,GBR,2025-08-19,RT,43,Female,Eligible,,Yes,2026-07-30T20:12:28.577992
SCR-006603,CRC-GLB-301,SITE-0020,INV-0040,USA,2025-11-07,CK,73,Male,Eligible,,Yes,2026-07-30T20:12:28.577992
SCR-006604,CRC-GLB-301,SITE-0016,INV-0032,SGP,2025-08-29,TS,52,Male,Screen Failure,Withdrew Consent,Yes,2026-07-30T20:12:28.577992
SCR-006605,CRC-GLB-301,SITE-0024,INV-0047,USA,2025-02-20,WR,34,Male,Eligible,,Yes,2026-07-30T20:12:28.577992
SCR-006606,CRC-GLB-301,SITE-0062,INV-0123,KEN,2025-09-20,CT,21,Male,Eligible,,Yes,2026-07-30T20:12:28.577992
SCR-006607,CRC-GLB-301,SITE-0033,INV-0066,GBR,2025-04-15,CI,22,Male,Eligible,,Yes,2026-07-30T20:12:28.577992
SCR-006608,CRC-GLB-301,SITE-0047,INV-0093,DEU,2025-10-14,IN,44,Male,Eligible,,Yes,2026-07-30T20:12:28.577992
SCR-006609,CRC-GLB-301,SITE-0022,INV-0044,USA,2025-01-13,HF,59,Male,Screen Failure,Inclusion Criteria Not Met,Yes,2026-07-30T20:12:28.577992
SCR-006610,CRC-GLB-301,SITE-0028,INV-0056,CAN,2025-11-29,LF,55,Male,Eligible,,Yes,2026-07-30T20:12:28.577992
SCR-006611,CRC-GLB-301,SITE-0009,INV-0018,SGP,2025-11-06,RQ,26,Female,Screen Failure,Inclusion Criteria Not Met,Yes,2026-07-30T20:12:28.577992
SCR-006612,CRC-GLB-301,SITE-0030,INV-0059,CAN,2025-06-28,GQ,63,Female,Eligible,,Yes,2026-07-30T20:12:28.577992
SCR-006613,CRC-GLB-301,SITE-0028,INV-0055,CAN,2025-11-24,QY,39,Female,Eligible,,Yes,2026-07-30T20:12:28.577992
SCR-006614,CRC-GLB-301,SITE-0039,INV-0077,GBR,2025-09-06,UO,36,Male,Eligible,,Yes,2026-07-30T20:12:28.577992
SCR-006615,CRC-GLB-301,SITE-0005,INV-0010,IND,2025-10-04,DY,50,Female,Eligible,,Yes,2026-07-30T20:12:28.577992
SCR-006616,CRC-GLB-301,SITE-0006,INV-0011,IND,2025-09-20,YJ,33,Female,Eligible,,Yes,2026-07-30T20:12:28.577992
SCR-006617,CRC-GLB-301,SITE-0013,INV-0025,SGP,2025-08-07,TJ,55,Male,Eligible,,Yes,2026-07-30T20:12:28.577992
SCR-006618,CRC-GLB-301,SITE-0014,INV-0028,SGP,2025-06-14,GK,30,Male,Eligible,,Yes,2026-07-30T20:12:28.577992
SCR-006619,CRC-GLB-301,SITE-0028,INV-0056,CAN,2025-02-26,UK,55,Female,Eligible,,Yes,2026-07-30T20:12:28.577992
SCR-006620,CRC-GLB-301,SITE-0011,INV-0022,SGP,2025-02-21,LA,52,Male,Eligible,,Yes,2026-07-30T20:12:28.577992
SCR-006621,CRC-GLB-301,SITE-0029,INV-0058,CAN,2025-12-16,AT,48,Female,Eligible,,Yes,2026-07-30T20:12:28.577992
SCR-006622,CRC-GLB-301,SITE-0061,INV-0121,KEN,2025-03-07,MG,18,Female,Eligible,,Yes,2026-07-30T20:12:28.577992
SCR-006623,CRC-GLB-301,SITE-0048,INV-0095,DEU,2025-02-09,EL,85,Female,Eligible,,Yes,2026-07-30T20:12:28.577992
SCR-006624,CRC-GLB-301,SITE-0001,INV-0002,IND,2025-11-15,UD,72,Female,Eligible,,Yes,2026-07-30T20:12:28.577992
SCR-006625,CRC-GLB-301,SITE-0019,INV-0037,USA,2025-02-15,OE,43,Male,Screen Failure,Abnormal Laboratory Values,Yes,2026-07-30T20:12:28.577992
SCR-006626,CRC-GLB-301,SITE-0014,INV-0028,SGP,2025-08-16,OX,75,Female,Eligible,,Yes,2026-07-30T20:12:28.577992
SCR-006627,CRC-GLB-301,SITE-0050,INV-0100,ZAF,2025-05-13,AU,32,Male,Screen Failure,Withdrew Consent,Yes,2026-07-30T20:12:28.577992
SCR-006628,CRC-GLB-301,SITE-0047,INV-0094,DEU,2025-05-07,WL,60,Female,Eligible,,Yes,2026-07-30T20:12:28.577992
SCR-006629,CRC-GLB-301,SITE-0001,INV-0002,IND,2025-07-20,VL,55,Male,Eligible,,Yes,2026-07-30T20:12:28.577992
SCR-006630,CRC-GLB-301,SITE-0035,INV-0069,GBR,2025-04-27,PM,66,Female,Eligible,,Yes,2026-07-30T20:12:28.577992
SCR-006631,CRC-GLB-301,SITE-0044,INV-0088,DEU,2025-06-26,LV,25,Female,Eligible,,Yes,2026-07-30T20:12:28.577992
SCR-006632,CRC-GLB-301,SITE-0012,INV-0024,SGP,2025-03-08,JR,25,Female,Eligible,,Yes,2026-07-30T20:12:28.577992
SCR-006633,CRC-GLB-301,SITE-0051,INV-0101,ZAF,2025-07-29,RB,83,Female,Eligible,,Yes,2026-07-30T20:12:28.577992
SCR-006634,CRC-GLB-301,SITE-0042,INV-0083,DEU,2025-09-17,TE,32,Male,Eligible,,Yes,2026-07-30T20:12:28.577992
SCR-006635,CRC-GLB-301,SITE-0020,INV-0040,USA,2025-09-06,NX,57,Male,Eligible,,Yes,2026-07-30T20:12:28.577992
SCR-006636,CRC-GLB-301,SITE-0046,INV-0092,DEU,2025-11-13,PW,77,Female,Eligible,,Yes,2026-07-30T20:12:28.577992
SCR-006637,CRC-GLB-301,SITE-0053,INV-0105,ZAF,2025-09-20,YS,36,Male,Screen Failure,Abnormal Laboratory Values,Yes,2026-07-30T20:12:28.577992
SCR-006638,CRC-GLB-301,SITE-0043,INV-0086,DEU,2025-04-27,MK,71,Female,Eligible,,Yes,2026-07-30T20:12:28.577992
SCR-006639,CRC-GLB-301,SITE-0023,INV-0046,USA,2025-02-19,BV,73,Female,Eligible,,Yes,2026-07-30T20:12:28.577992
SCR-006640,CRC-GLB-301,SITE-0028,INV-0056,CAN,2025-11-02,TJ,42,Female,Eligible,,Yes,2026-07-30T20:12:28.577992
SCR-006641,CRC-GLB-301,SITE-0048,INV-0095,DEU,2025-08-06,RN,61,Male,Eligible,,Yes,2026-07-30T20:12:28.577992
SCR-006642,CRC-GLB-301,SITE-0034,INV-0068,GBR,2025-02-01,PT,37,Female,Screen Failure,Exclusion Criteria Met,Yes,2026-07-30T20:12:28.577992
SCR-006643,CRC-GLB-301,SITE-0042,INV-0084,DEU,2025-03-04,LF,56,Male,Eligible,,Yes,2026-07-30T20:12:28.577992
SCR-006644,CRC-GLB-301,SITE-0011,INV-0022,SGP,2025-05-15,EB,50,Female,Screen Failure,Inclusion Criteria Not Met,Yes,2026-07-30T20:12:28.577992
SCR-006645,CRC-GLB-301,SITE-0005,INV-0010,IND,2025-08-25,VD,36,Female,Eligible,,Yes,2026-07-30T20:12:28.577992
SCR-006646,CRC-GLB-301,SITE-0064,INV-0128,KEN,2025-01-17,IY,65,Male,Eligible,,Yes,2026-07-30T20:12:28.577992
SCR-006647,CRC-GLB-301,SITE-0063,INV-0126,KEN,2025-04-13,JX,73,Female,Screen Failure,Inclusion Criteria Not Met,Yes,2026-07-30T20:12:28.577992
SCR-006648,CRC-GLB-301,SITE-0030,INV-0059,CAN,2025-12-04,WO,80,Female,Screen Failure,Withdrew Consent,Yes,2026-07-30T20:12:28.577992
SCR-006649,CRC-GLB-301,SITE-0010,INV-0019,SGP,2025-10-26,AS,63,Male,Eligible,,Yes,2026-07-30T20:12:28.577992
SCR-006650,CRC-GLB-301,SITE-0037,INV-0073,GBR,2025-03-28,VZ,53,Female,Screen Failure,Withdrew Consent,Yes,2026-07-30T20:12:28.577992
SCR-006651,CRC-GLB-301,SITE-0014,INV-0028,SGP,2025-01-22,HS,26,Female,Eligible,,Yes,2026-07-30T20:12:28.577992
SCR-006652,CRC-GLB-301,SITE-0007,INV-0013,IND,2025-03-13,BD,58,Male,Screen Failure,Exclusion Criteria Met,Yes,2026-07-30T20:12:28.577992
SCR-006653,CRC-GLB-301,SITE-0027,INV-0053,CAN,2025-01-03,ER,23,Male,Eligible,,Yes,2026-07-30T20:12:28.577992
SCR-006654,CRC-GLB-301,SITE-0012,INV-0024,SGP,2025-08-14,GR,75,Male,Eligible,,Yes,2026-07-30T20:12:28.577992
SCR-006655,CRC-GLB-301,SITE-0008,INV-0016,IND,2025-07-09,IG,82,Male,Eligible,,Yes,2026-07-30T20:12:28.577992
SCR-006656,CRC-GLB-301,SITE-0004,INV-0008,IND,2025-11-10,YM,79,Female,Eligible,,Yes,2026-07-30T20:12:28.577992
SCR-006657,CRC-GLB-301,SITE-0041,INV-0082,DEU,2025-10-06,HD,66,Male,Eligible,,Yes,2026-07-30T20:12:28.577992
SCR-006658,CRC-GLB-301,SITE-0026,INV-0051,CAN,2025-05-06,UW,57,Female,Eligible,,Yes,2026-07-30T20:12:28.577992
SCR-006659,CRC-GLB-301,SITE-0044,INV-0087,DEU,2025-10-20,XF,55,Male,Eligible,,Yes,2026-07-30T20:12:28.577992
SCR-006660,CRC-GLB-301,SITE-0007,INV-0013,IND,2025-05-31,CB,72,Male,Eligible,,Yes,2026-07-30T20:12:28.577992
SCR-006661,CRC-GLB-301,SITE-0052,INV-0104,ZAF,2025-12-05,WG,23,Male,Eligible,,Yes,2026-07-30T20:12:28.577992
SCR-006662,CRC-GLB-301,SITE-0047,INV-0093,DEU,2025-05-29,YD,80,Female,Eligible,,Yes,2026-07-30T20:12:28.577992
SCR-006663,CRC-GLB-301,SITE-0025,INV-0049,CAN,2025-05-26,SQ,23,Female,Eligible,,Yes,2026-07-30T20:12:28.577992
SCR-006664,CRC-GLB-301,SITE-0015,INV-0029,SGP,2025-02-21,QN,29,Female,Eligible,,Yes,2026-07-30T20:12:28.577992
SCR-006665,CRC-GLB-301,SITE-0003,INV-0006,IND,2025-10-19,EF,85,Female,Screen Failure,Exclusion Criteria Met,Yes,2026-07-30T20:12:28.577992
SCR-006666,CRC-GLB-301,SITE-0060,INV-0119,KEN,2025-12-12,CU,21,Male,Eligible,,Yes,2026-07-30T20:12:28.577992
SCR-006667,CRC-GLB-301,SITE-0020,INV-0039,USA,2025-10-05,OX,79,Male,Eligible,,Yes,2026-07-30T20:12:28.577992
SCR-006668,CRC-GLB-301,SITE-0018,INV-0036,USA,2025-08-19,PI,63,Female,Eligible,,Yes,2026-07-30T20:12:28.577992
SCR-006669,CRC-GLB-301,SITE-0040,INV-0080,GBR,2025-12-04,BB,42,Female,Eligible,,Yes,2026-07-30T20:12:28.577992
SCR-006670,CRC-GLB-301,SITE-0038,INV-0076,GBR,2025-12-22,EK,68,Male,Eligible,,Yes,2026-07-30T20:12:28.577992
SCR-006671,CRC-GLB-301,SITE-0040,INV-0079,GBR,2025-12-06,EN,51,Male,Eligible,,Yes,2026-07-30T20:12:28.577992
SCR-006672,CRC-GLB-301,SITE-0008,INV-0015,IND,2025-09-01,QQ,51,Female,Screen Failure,Inclusion Criteria Not Met,Yes,2026-07-30T20:12:28.577992
SCR-006673,CRC-GLB-301,SITE-0002,INV-0003,IND,2025-11-04,QR,64,Female,Eligible,,Yes,2026-07-30T20:12:28.577992
SCR-006674,CRC-GLB-301,SITE-0018,INV-0036,USA,2025-11-12,GI,29,Male,Eligible,,Yes,2026-07-30T20:12:28.577992
SCR-006675,CRC-GLB-301,SITE-0050,INV-0100,ZAF,2025-04-26,FX,41,Female,Eligible,,Yes,2026-07-30T20:12:28.577992
SCR-006676,CRC-GLB-301,SITE-0050,INV-0100,ZAF,2025-06-01,OB,40,Female,Screen Failure,Exclusion Criteria Met,Yes,2026-07-30T20:12:28.577992
SCR-006677,CRC-GLB-301,SITE-0050,INV-0100,ZAF,2025-09-24,QS,48,Female,Eligible,,Yes,2026-07-30T20:12:28.577992
SCR-006678,CRC-GLB-301,SITE-0045,INV-0090,DEU,2025-04-04,AA,32,Female,Eligible,,Yes,2026-07-30T20:12:28.577992
SCR-006679,CRC-GLB-301,SITE-0040,INV-0080,GBR,2025-06-07,OI,36,Male,Eligible,,Yes,2026-07-30T20:12:28.577992
SCR-006680,CRC-GLB-301,SITE-0058,INV-0116,KEN,2025-01-30,JU,77,Male,Eligible,,Yes,2026-07-30T20:12:28.577992
SCR-006681,CRC-GLB-301,SITE-0025,INV-0049,CAN,2025-03-29,CQ,76,Female,Eligible,,Yes,2026-07-30T20:12:28.577992
SCR-006682,CRC-GLB-301,SITE-0007,INV-0013,IND,2025-06-26,UT,85,Male,Eligible,,Yes,2026-07-30T20:12:28.577992
SCR-006683,CRC-GLB-301,SITE-0010,INV-0019,SGP,2025-04-01,AH,24,Male,Screen Failure,Exclusion Criteria Met,Yes,2026-07-30T20:12:28.577992
SCR-006684,CRC-GLB-301,SITE-0063,INV-0125,KEN,2025-09-18,TB,37,Female,Eligible,,Yes,2026-07-30T20:12:28.577992
SCR-006685,CRC-GLB-301,SITE-0023,INV-0046,USA,2025-08-18,IJ,32,Male,Eligible,,Yes,2026-07-30T20:12:28.577992
SCR-006686,CRC-GLB-301,SITE-0056,INV-0111,ZAF,2025-08-26,BB,72,Male,Eligible,,Yes,2026-07-30T20:12:28.577992
SCR-006687,CRC-GLB-301,SITE-0027,INV-0053,CAN,2025-04-03,EC,67,Female,Eligible,,Yes,2026-07-30T20:12:28.577992
SCR-006688,CRC-GLB-301,SITE-0056,INV-0111,ZAF,2025-03-02,XM,71,Male,Eligible,,Yes,2026-07-30T20:12:28.577992
SCR-006689,CRC-GLB-301,SITE-0013,INV-0025,SGP,2025-04-20,HP,62,Male,Eligible,,Yes,2026-07-30T20:12:28.577992
SCR-006690,CRC-GLB-301,SITE-0048,INV-0096,DEU,2025-06-29,KB,39,Female,Eligible,,Yes,2026-07-30T20:12:28.577992
SCR-006691,CRC-GLB-301,SITE-0005,INV-0010,IND,2025-02-08,TM,44,Female,Screen Failure,Abnormal Laboratory Values,Yes,2026-07-30T20:12:28.577992
SCR-006692,CRC-GLB-301,SITE-0055,INV-0109,ZAF,2025-08-20,TX,40,Female,Eligible,,Yes,2026-07-30T20:12:28.577992
SCR-006693,CRC-GLB-301,SITE-0054,INV-0108,ZAF,2025-09-18,JL,57,Female,Eligible,,Yes,2026-07-30T20:12:28.577992
SCR-006694,CRC-GLB-301,SITE-0056,INV-0112,ZAF,2025-12-06,IM,18,Female,Screen Failure,Abnormal Laboratory Values,Yes,2026-07-30T20:12:28.577992
SCR-006695,CRC-GLB-301,SITE-0016,INV-0032,SGP,2025-07-07,YB,77,Female,Eligible,,Yes,2026-07-30T20:12:28.577992
SCR-006696,CRC-GLB-301,SITE-0036,INV-0072,GBR,2025-02-04,CP,18,Female,Eligible,,Yes,2026-07-30T20:12:28.577992
SCR-006697,CRC-GLB-301,SITE-0018,INV-0036,USA,2025-07-31,NA,39,Female,Eligible,,Yes,2026-07-30T20:12:28.577992
SCR-006698,CRC-GLB-301,SITE-0034,INV-0068,GBR,2025-11-09,MJ,24,Female,Eligible,,Yes,2026-07-30T20:12:28.577992
SCR-006699,CRC-GLB-301,SITE-0051,INV-0102,ZAF,2025-12-21,YK,82,Male,Screen Failure,Inclusion Criteria Not Met,Yes,2026-07-30T20:12:28.577992
SCR-006700,CRC-GLB-301,SITE-0048,INV-0095,DEU,2025-06-01,CD,77,Female,Eligible,,Yes,2026-07-30T20:12:28.577992
SCR-006701,CRC-GLB-301,SITE-0001,INV-0001,IND,2025-01-15,QE,60,Male,Eligible,,Yes,2026-07-30T20:12:28.577992
SCR-006702,CRC-GLB-301,SITE-0015,INV-0029,SGP,2025-04-25,OE,54,Female,Eligible,,Yes,2026-07-30T20:12:28.577992
SCR-006703,CRC-GLB-301,SITE-0049,INV-0097,ZAF,2025-09-10,JI,30,Female,Eligible,,Yes,2026-07-30T20:12:28.577992
SCR-006704,CRC-GLB-301,SITE-0060,INV-0120,KEN,2025-10-30,WQ,58,Male,Eligible,,Yes,2026-07-30T20:12:28.577992
SCR-006705,CRC-GLB-301,SITE-0017,INV-0034,USA,2025-05-22,JU,48,Female,Eligible,,Yes,2026-07-30T20:12:28.577992
SCR-006706,CRC-GLB-301,SITE-0029,INV-0057,CAN,2025-09-14,WH,26,Female,Screen Failure,Abnormal Laboratory Values,Yes,2026-07-30T20:12:28.577992
SCR-006707,CRC-GLB-301,SITE-0045,INV-0089,DEU,2025-11-27,QS,36,Male,Screen Failure,Abnormal Laboratory Values,Yes,2026-07-30T20:12:28.577992
SCR-006708,CRC-GLB-301,SITE-0061,INV-0122,KEN,2025-02-10,DA,23,Male,Eligible,,Yes,2026-07-30T20:12:28.577992
SCR-006709,CRC-GLB-301,SITE-0012,INV-0024,SGP,2025-12-08,HO,49,Male,Eligible,,Yes,2026-07-30T20:12:28.577992
SCR-006710,CRC-GLB-301,SITE-0016,INV-0031,SGP,2025-11-07,LF,21,Male,Screen Failure,Abnormal Laboratory Values,Yes,2026-07-30T20:12:28.577992
SCR-006711,CRC-GLB-301,SITE-0007,INV-0014,IND,2025-12-09,AR,59,Female,Eligible,,Yes,2026-07-30T20:12:28.577992
SCR-006712,CRC-GLB-301,SITE-0014,INV-0028,SGP,2025-11-29,ZB,64,Female,Eligible,,Yes,2026-07-30T20:12:28.577992
SCR-006713,CRC-GLB-301,SITE-0047,INV-0093,DEU,2025-05-15,XZ,63,Female,Eligible,,Yes,2026-07-30T20:12:28.577992
SCR-006714,CRC-GLB-301,SITE-0022,INV-0043,USA,2025-06-03,ER,55,Male,Screen Failure,Inclusion Criteria Not Met,Yes,2026-07-30T20:12:28.577992
SCR-006715,CRC-GLB-301,SITE-0024,INV-0048,USA,2025-05-19,OV,74,Male,Screen Failure,Abnormal Laboratory Values,Yes,2026-07-30T20:12:28.577992
SCR-006716,CRC-GLB-301,SITE-0042,INV-0084,DEU,2025-01-18,SI,60,Male,Eligible,,Yes,2026-07-30T20:12:28.577992
SCR-006717,CRC-GLB-301,SITE-0007,INV-0013,IND,2025-08-23,JL,77,Male,Eligible,,Yes,2026-07-30T20:12:28.577992
SCR-006718,CRC-GLB-301,SITE-0057,INV-0114,KEN,2025-12-03,XZ,69,Male,Eligible,,Yes,2026-07-30T20:12:28.577992
SCR-006719,CRC-GLB-301,SITE-0055,INV-0110,ZAF,2025-02-27,FJ,30,Male,Eligible,,Yes,2026-07-30T20:12:28.577992
SCR-006720,CRC-GLB-301,SITE-0034,INV-0067,GBR,2025-07-14,WI,64,Female,Eligible,,Yes,2026-07-30T20:12:28.577992
SCR-006721,CRC-GLB-301,SITE-0021,INV-0042,USA,2025-08-26,TS,34,Male,Eligible,,Yes,2026-07-30T20:12:28.577992
SCR-006722,CRC-GLB-301,SITE-0054,INV-0107,ZAF,2025-07-11,KR,50,Male,Eligible,,Yes,2026-07-30T20:12:28.577992
SCR-006723,CRC-GLB-301,SITE-0056,INV-0111,ZAF,2025-09-12,LA,39,Male,Screen Failure,Exclusion Criteria Met,Yes,2026-07-30T20:12:28.577992
SCR-006724,CRC-GLB-301,SITE-0046,INV-0091,DEU,2025-12-03,DX,51,Female,Eligible,,Yes,2026-07-30T20:12:28.577992
SCR-006725,CRC-GLB-301,SITE-0050,INV-0099,ZAF,2025-06-21,YM,51,Female,Eligible,,Yes,2026-07-30T20:12:28.577992
SCR-006726,CRC-GLB-301,SITE-0025,INV-0050,CAN,2025-11-22,RF,79,Female,Eligible,,Yes,2026-07-30T20:12:28.577992
SCR-006727,CRC-GLB-301,SITE-0035,INV-0069,GBR,2025-05-05,TT,85,Female,Eligible,,Yes,2026-07-30T20:12:28.577992
SCR-006728,CRC-GLB-301,SITE-0001,INV-0001,IND,2025-10-15,NQ,29,Male,Eligible,,Yes,2026-07-30T20:12:28.577992
SCR-006729,CRC-GLB-301,SITE-0030,INV-0059,CAN,2025-11-09,IR,38,Male,Screen Failure,Withdrew Consent,Yes,2026-07-30T20:12:28.577992
SCR-006730,CRC-GLB-301,SITE-0026,INV-0051,CAN,2025-05-01,EC,74,Male,Screen Failure,Abnormal Laboratory Values,Yes,2026-07-30T20:12:28.577992
SCR-006731,CRC-GLB-301,SITE-0060,INV-0119,KEN,2025-03-16,MM,71,Male,Eligible,,Yes,2026-07-30T20:12:28.577992
SCR-006732,CRC-GLB-301,SITE-0032,INV-0064,CAN,2025-11-12,QV,26,Male,Eligible,,Yes,2026-07-30T20:12:28.577992
SCR-006733,CRC-GLB-301,SITE-0023,INV-0045,USA,2025-09-17,YE,24,Female,Screen Failure,Inclusion Criteria Not Met,Yes,2026-07-30T20:12:28.577992
SCR-006734,CRC-GLB-301,SITE-0037,INV-0074,GBR,2025-12-04,VG,58,Male,Eligible,,Yes,2026-07-30T20:12:28.577992
SCR-006735,CRC-GLB-301,SITE-0063,INV-0125,KEN,2025-08-01,WP,78,Male,Eligible,,Yes,2026-07-30T20:12:28.577992
SCR-006736,CRC-GLB-301,SITE-0005,INV-0010,IND,2025-03-14,RI,20,Male,Eligible,,Yes,2026-07-30T20:12:28.577992
SCR-006737,CRC-GLB-301,SITE-0024,INV-0048,USA,2025-03-10,HC,23,Male,Screen Failure,Exclusion Criteria Met,Yes,2026-07-30T20:12:28.577992
SCR-006738,CRC-GLB-301,SITE-0029,INV-0057,CAN,2025-05-03,MR,44,Female,Eligible,,Yes,2026-07-30T20:12:28.577992
SCR-006739,CRC-GLB-301,SITE-0005,INV-0009,IND,2025-01-31,VT,78,Male,Eligible,,Yes,2026-07-30T20:12:28.577992
SCR-006740,CRC-GLB-301,SITE-0043,INV-0085,DEU,2025-04-25,FX,84,Male,Screen Failure,Withdrew Consent,Yes,2026-07-30T20:12:28.577992
SCR-006741,CRC-GLB-301,SITE-0030,INV-0060,CAN,2025-09-14,EE,28,Female,Eligible,,Yes,2026-07-30T20:12:28.577992
SCR-006742,CRC-GLB-301,SITE-0020,INV-0040,USA,2025-11-12,KJ,54,Female,Eligible,,Yes,2026-07-30T20:12:28.577992
SCR-006743,CRC-GLB-301,SITE-0023,INV-0045,USA,2025-02-17,KL,24,Female,Eligible,,Yes,2026-07-30T20:12:28.577992
SCR-006744,CRC-GLB-301,SITE-0022,INV-0043,USA,2025-02-24,VG,76,Female,Screen Failure,Exclusion Criteria Met,Yes,2026-07-30T20:12:28.577992
SCR-006745,CRC-GLB-301,SITE-0056,INV-0112,ZAF,2025-11-22,QR,45,Female,Eligible,,Yes,2026-07-30T20:12:28.577992
SCR-006746,CRC-GLB-301,SITE-0020,INV-0039,USA,2025-12-23,GS,23,Male,Screen Failure,Inclusion Criteria Not Met,Yes,2026-07-30T20:12:28.577992
SCR-006747,CRC-GLB-301,SITE-0014,INV-0027,SGP,2025-05-19,GP,59,Male,Eligible,,Yes,2026-07-30T20:12:28.577992
SCR-006748,CRC-GLB-301,SITE-0017,INV-0033,USA,2025-09-27,HY,50,Female,Eligible,,Yes,2026-07-30T20:12:28.577992
SCR-006749,CRC-GLB-301,SITE-0035,INV-0070,GBR,2025-03-14,JM,36,Male,Screen Failure,Withdrew Consent,Yes,2026-07-30T20:12:28.577992
SCR-006750,CRC-GLB-301,SITE-0037,INV-0074,GBR,2025-05-09,UH,34,Male,Eligible,,Yes,2026-07-30T20:12:28.577992
SCR-006751,CRC-GLB-301,SITE-0058,INV-0116,KEN,2025-07-30,GG,18,Female,Eligible,,Yes,2026-07-30T20:12:28.577992
SCR-006752,CRC-GLB-301,SITE-0050,INV-0100,ZAF,2025-02-21,WH,57,Female,Eligible,,Yes,2026-07-30T20:12:28.577992
SCR-006753,CRC-GLB-301,SITE-0047,INV-0094,DEU,2025-06-08,NU,58,Male,Eligible,,Yes,2026-07-30T20:12:28.577992
SCR-006754,CRC-GLB-301,SITE-0041,INV-0081,DEU,2025-12-27,XT,68,Female,Eligible,,Yes,2026-07-30T20:12:28.577992
SCR-006755,CRC-GLB-301,SITE-0049,INV-0098,ZAF,2025-01-09,XP,21,Female,Eligible,,Yes,2026-07-30T20:12:28.577992
SCR-006756,CRC-GLB-301,SITE-0031,INV-0061,CAN,2025-09-01,YH,27,Male,Eligible,,Yes,2026-07-30T20:12:28.577992
SCR-006757,CRC-GLB-301,SITE-0013,INV-0025,SGP,2025-12-26,PY,61,Female,Screen Failure,Withdrew Consent,Yes,2026-07-30T20:12:28.577992
SCR-006758,CRC-GLB-301,SITE-0029,INV-0057,CAN,2025-09-07,MX,34,Female,Eligible,,Yes,2026-07-30T20:12:28.577992
SCR-006759,CRC-GLB-301,SITE-0016,INV-0032,SGP,2025-03-19,ED,58,Male,Screen Failure,Abnormal Laboratory Values,Yes,2026-07-30T20:12:28.577992
SCR-006760,CRC-GLB-301,SITE-0027,INV-0053,CAN,2025-05-21,TE,78,Male,Eligible,,Yes,2026-07-30T20:12:28.577992
SCR-006761,CRC-GLB-301,SITE-0024,INV-0047,USA,2025-08-22,XB,56,Male,Eligible,,Yes,2026-07-30T20:12:28.577992
SCR-006762,CRC-GLB-301,SITE-0062,INV-0124,KEN,2025-04-21,VB,24,Female,Eligible,,Yes,2026-07-30T20:12:28.577992
SCR-006763,CRC-GLB-301,SITE-0031,INV-0061,CAN,2025-05-01,PY,80,Female,Eligible,,Yes,2026-07-30T20:12:28.577992
SCR-006764,CRC-GLB-301,SITE-0027,INV-0053,CAN,2025-07-10,EZ,85,Female,Eligible,,Yes,2026-07-30T20:12:28.577992
SCR-006765,CRC-GLB-301,SITE-0025,INV-0050,CAN,2025-07-02,RO,40,Female,Screen Failure,Abnormal Laboratory Values,Yes,2026-07-30T20:12:28.577992
SCR-006766,CRC-GLB-301,SITE-0029,INV-0057,CAN,2025-09-28,PU,65,Male,Screen Failure,Inclusion Criteria Not Met,Yes,2026-07-30T20:12:28.577992
SCR-006767,CRC-GLB-301,SITE-0008,INV-0016,IND,2025-09-28,DC,52,Male,Screen Failure,Inclusion Criteria Not Met,Yes,2026-07-30T20:12:28.577992
SCR-006768,CRC-GLB-301,SITE-0016,INV-0032,SGP,2025-12-30,OH,18,Female,Eligible,,Yes,2026-07-30T20:12:28.577992
SCR-006769,CRC-GLB-301,SITE-0033,INV-0065,GBR,2025-12-03,XT,58,Female,Screen Failure,Exclusion Criteria Met,Yes,2026-07-30T20:12:28.577992
SCR-006770,CRC-GLB-301,SITE-0025,INV-0050,CAN,2025-04-11,EO,76,Male,Eligible,,Yes,2026-07-30T20:12:28.577992
SCR-006771,CRC-GLB-301,SITE-0057,INV-0113,KEN,2025-11-17,AB,45,Male,Eligible,,Yes,2026-07-30T20:12:28.577992
SCR-006772,CRC-GLB-301,SITE-0038,INV-0075,GBR,2025-04-11,VZ,22,Male,Screen Failure,Abnormal Laboratory Values,Yes,2026-07-30T20:12:28.577992
SCR-006773,CRC-GLB-301,SITE-0011,INV-0022,SGP,2025-04-26,CF,35,Female,Eligible,,Yes,2026-07-30T20:12:28.577992
SCR-006774,CRC-GLB-301,SITE-0030,INV-0059,CAN,2025-12-03,NU,81,Male,Eligible,,Yes,2026-07-30T20:12:28.577992
SCR-006775,CRC-GLB-301,SITE-0040,INV-0080,GBR,2025-09-03,NV,21,Female,Eligible,,Yes,2026-07-30T20:12:28.577992
SCR-006776,CRC-GLB-301,SITE-0016,INV-0031,SGP,2025-02-12,XE,81,Female,Eligible,,Yes,2026-07-30T20:12:28.577992
SCR-006777,CRC-GLB-301,SITE-0010,INV-0019,SGP,2025-03-17,HC,82,Male,Eligible,,Yes,2026-07-30T20:12:28.577992
SCR-006778,CRC-GLB-301,SITE-0061,INV-0121,KEN,2025-05-24,HQ,40,Male,Eligible,,Yes,2026-07-30T20:12:28.577992
SCR-006779,CRC-GLB-301,SITE-0057,INV-0114,KEN,2025-07-02,DX,44,Male,Screen Failure,Inclusion Criteria Not Met,Yes,2026-07-30T20:12:28.577992
SCR-006780,CRC-GLB-301,SITE-0012,INV-0024,SGP,2025-09-10,NJ,72,Female,Eligible,,Yes,2026-07-30T20:12:28.577992
SCR-006781,CRC-GLB-301,SITE-0046,INV-0091,DEU,2025-02-24,WB,65,Female,Eligible,,Yes,2026-07-30T20:12:28.577992
SCR-006782,CRC-GLB-301,SITE-0038,INV-0075,GBR,2025-03-15,MK,32,Male,Eligible,,Yes,2026-07-30T20:12:28.577992
SCR-006783,CRC-GLB-301,SITE-0029,INV-0057,CAN,2025-07-19,DV,65,Male,Eligible,,Yes,2026-07-30T20:12:28.577992
SCR-006784,CRC-GLB-301,SITE-0004,INV-0007,IND,2025-01-10,FW,62,Female,Eligible,,Yes,2026-07-30T20:12:28.577992
SCR-006785,CRC-GLB-301,SITE-0040,INV-0079,GBR,2025-10-27,UZ,48,Female,Eligible,,Yes,2026-07-30T20:12:28.577992
SCR-006786,CRC-GLB-301,SITE-0058,INV-0115,KEN,2025-07-07,NW,47,Male,Screen Failure,Abnormal Laboratory Values,Yes,2026-07-30T20:12:28.577992
SCR-006787,CRC-GLB-301,SITE-0023,INV-0045,USA,2025-10-31,UN,42,Female,Screen Failure,Exclusion Criteria Met,Yes,2026-07-30T20:12:28.577992
SCR-006788,CRC-GLB-301,SITE-0025,INV-0050,CAN,2025-06-19,VC,84,Male,Screen Failure,Exclusion Criteria Met,Yes,2026-07-30T20:12:28.577992
SCR-006789,CRC-GLB-301,SITE-0027,INV-0053,CAN,2025-03-20,JG,21,Female,Screen Failure,Inclusion Criteria Not Met,Yes,2026-07-30T20:12:28.577992
SCR-006790,CRC-GLB-301,SITE-0005,INV-0010,IND,2025-08-21,RO,40,Female,Eligible,,Yes,2026-07-30T20:12:28.577992
SCR-006791,CRC-GLB-301,SITE-0021,INV-0041,USA,2025-06-16,HX,68,Female,Screen Failure,Exclusion Criteria Met,Yes,2026-07-30T20:12:28.577992
SCR-006792,CRC-GLB-301,SITE-0036,INV-0072,GBR,2025-07-12,FB,29,Female,Eligible,,Yes,2026-07-30T20:12:28.577992
SCR-006793,CRC-GLB-301,SITE-0048,INV-0096,DEU,2025-11-01,YB,67,Female,Eligible,,Yes,2026-07-30T20:12:28.577992
SCR-006794,CRC-GLB-301,SITE-0029,INV-0058,CAN,2025-05-25,EY,74,Male,Eligible,,Yes,2026-07-30T20:12:28.577992
SCR-006795,CRC-GLB-301,SITE-0033,INV-0066,GBR,2025-08-06,LJ,34,Male,Eligible,,Yes,2026-07-30T20:12:28.577992
SCR-006796,CRC-GLB-301,SITE-0053,INV-0106,ZAF,2025-07-19,BH,74,Male,Eligible,,Yes,2026-07-30T20:12:28.577992
SCR-006797,CRC-GLB-301,SITE-0036,INV-0072,GBR,2025-03-27,TH,39,Male,Screen Failure,Abnormal Laboratory Values,Yes,2026-07-30T20:12:28.577992
SCR-006798,CRC-GLB-301,SITE-0047,INV-0094,DEU,2025-05-14,ZD,54,Female,Eligible,,Yes,2026-07-30T20:12:28.577992
SCR-006799,CRC-GLB-301,SITE-0007,INV-0014,IND,2025-05-20,FC,68,Male,Eligible,,Yes,2026-07-30T20:12:28.577992
SCR-006800,CRC-GLB-301,SITE-0025,INV-0050,CAN,2025-09-19,QX,46,Male,Eligible,,Yes,2026-07-30T20:12:28.577992
SCR-006801,CRC-GLB-301,SITE-0014,INV-0028,SGP,2025-01-24,DJ,61,Male,Eligible,,Yes,2026-07-30T20:12:28.577992
SCR-006802,CRC-GLB-301,SITE-0048,INV-0095,DEU,2025-02-17,CT,58,Female,Eligible,,Yes,2026-07-30T20:12:28.577992
SCR-006803,CRC-GLB-301,SITE-0024,INV-0048,USA,2025-01-03,CA,51,Male,Eligible,,Yes,2026-07-30T20:12:28.577992
SCR-006804,CRC-GLB-301,SITE-0060,INV-0119,KEN,2025-12-27,NV,21,Male,Eligible,,Yes,2026-07-30T20:12:28.577992
SCR-006805,CRC-GLB-301,SITE-0044,INV-0088,DEU,2025-06-30,ZQ,46,Female,Eligible,,Yes,2026-07-30T20:12:28.577992
SCR-006806,CRC-GLB-301,SITE-0034,INV-0068,GBR,2025-11-21,OJ,75,Female,Screen Failure,Abnormal Laboratory Values,Yes,2026-07-30T20:12:28.577992
SCR-006807,CRC-GLB-301,SITE-0034,INV-0067,GBR,2025-06-28,TX,25,Female,Eligible,,Yes,2026-07-30T20:12:28.577992
SCR-006808,CRC-GLB-301,SITE-0028,INV-0056,CAN,2025-09-29,EM,69,Female,Eligible,,Yes,2026-07-30T20:12:28.577992
SCR-006809,CRC-GLB-301,SITE-0064,INV-0128,KEN,2025-02-01,UX,75,Female,Eligible,,Yes,2026-07-30T20:12:28.577992
SCR-006810,CRC-GLB-301,SITE-0062,INV-0123,KEN,2025-06-12,GT,31,Female,Eligible,,Yes,2026-07-30T20:12:28.577992
SCR-006811,CRC-GLB-301,SITE-0001,INV-0002,IND,2025-08-13,NU,51,Female,Eligible,,Yes,2026-07-30T20:12:28.577992
SCR-006812,CRC-GLB-301,SITE-0014,INV-0027,SGP,2025-11-05,XR,38,Female,Eligible,,Yes,2026-07-30T20:12:28.577992
SCR-006813,CRC-GLB-301,SITE-0053,INV-0106,ZAF,2025-02-06,QQ,37,Female,Eligible,,Yes,2026-07-30T20:12:28.577992
SCR-006814,CRC-GLB-301,SITE-0044,INV-0087,DEU,2025-08-13,XA,19,Male,Screen Failure,Exclusion Criteria Met,Yes,2026-07-30T20:12:28.577992
SCR-006815,CRC-GLB-301,SITE-0048,INV-0096,DEU,2025-04-08,IU,80,Female,Eligible,,Yes,2026-07-30T20:12:28.577992
SCR-006816,CRC-GLB-301,SITE-0058,INV-0115,KEN,2025-07-07,FE,49,Female,Eligible,,Yes,2026-07-30T20:12:28.577992
SCR-006817,CRC-GLB-301,SITE-0010,INV-0019,SGP,2025-12-17,QB,57,Female,Eligible,,Yes,2026-07-30T20:12:28.577992
SCR-006818,CRC-GLB-301,SITE-0036,INV-0071,GBR,2025-03-22,SV,54,Male,Screen Failure,Withdrew Consent,Yes,2026-07-30T20:12:28.577992
SCR-006819,CRC-GLB-301,SITE-0008,INV-0015,IND,2025-09-10,IY,67,Male,Screen Failure,Withdrew Consent,Yes,2026-07-30T20:12:28.577992
SCR-006820,CRC-GLB-301,SITE-0020,INV-0040,USA,2025-01-21,BC,27,Male,Eligible,,Yes,2026-07-30T20:12:28.577992
SCR-006821,CRC-GLB-301,SITE-0005,INV-0009,IND,2025-12-28,MQ,30,Female,Eligible,,Yes,2026-07-30T20:12:28.577992
SCR-006822,CRC-GLB-301,SITE-0053,INV-0106,ZAF,2025-10-30,BM,47,Female,Eligible,,Yes,2026-07-30T20:12:28.577992
SCR-006823,CRC-GLB-301,SITE-0028,INV-0055,CAN,2025-10-20,UL,39,Female,Screen Failure,Withdrew Consent,Yes,2026-07-30T20:12:28.577992
SCR-006824,CRC-GLB-301,SITE-0040,INV-0080,GBR,2025-02-13,BZ,74,Female,Screen Failure,Inclusion Criteria Not Met,Yes,2026-07-30T20:12:28.577992
SCR-006825,CRC-GLB-301,SITE-0038,INV-0075,GBR,2025-01-01,PM,26,Male,Eligible,,Yes,2026-07-30T20:12:28.577992
SCR-006826,CRC-GLB-301,SITE-0017,INV-0034,USA,2025-07-15,TB,19,Female,Screen Failure,Withdrew Consent,Yes,2026-07-30T20:12:28.577992
SCR-006827,CRC-GLB-301,SITE-0013,INV-0025,SGP,2025-09-27,XU,76,Male,Eligible,,Yes,2026-07-30T20:12:28.577992
SCR-006828,CRC-GLB-301,SITE-0001,INV-0002,IND,2025-02-01,VC,37,Male,Eligible,,Yes,2026-07-30T20:12:28.577992
SCR-006829,CRC-GLB-301,SITE-0017,INV-0033,USA,2025-03-28,SO,45,Male,Eligible,,Yes,2026-07-30T20:12:28.577992
SCR-006830,CRC-GLB-301,SITE-0041,INV-0081,DEU,2025-01-19,DZ,27,Male,Eligible,,Yes,2026-07-30T20:12:28.577992
SCR-006831,CRC-GLB-301,SITE-0049,INV-0097,ZAF,2025-10-29,CU,77,Female,Screen Failure,Abnormal Laboratory Values,Yes,2026-07-30T20:12:28.577992
SCR-006832,CRC-GLB-301,SITE-0062,INV-0123,KEN,2025-01-21,VC,57,Male,Eligible,,Yes,2026-07-30T20:12:28.577992
SCR-006833,CRC-GLB-301,SITE-0011,INV-0022,SGP,2025-04-28,VO,37,Female,Eligible,,Yes,2026-07-30T20:12:28.577992
SCR-006834,CRC-GLB-301,SITE-0015,INV-0030,SGP,2025-03-11,XX,60,Female,Screen Failure,Abnormal Laboratory Values,Yes,2026-07-30T20:12:28.577992
SCR-006835,CRC-GLB-301,SITE-0016,INV-0032,SGP,2025-03-16,CX,80,Male,Screen Failure,Withdrew Consent,Yes,2026-07-30T20:12:28.577992
SCR-006836,CRC-GLB-301,SITE-0020,INV-0040,USA,2025-05-10,WU,67,Female,Eligible,,Yes,2026-07-30T20:12:28.577992
SCR-006837,CRC-GLB-301,SITE-0042,INV-0083,DEU,2025-03-22,SY,38,Male,Eligible,,Yes,2026-07-30T20:12:28.577992
SCR-006838,CRC-GLB-301,SITE-0019,INV-0038,USA,2025-05-15,QB,77,Female,Eligible,,Yes,2026-07-30T20:12:28.577992
SCR-006839,CRC-GLB-301,SITE-0043,INV-0085,DEU,2025-03-29,HZ,35,Female,Eligible,,Yes,2026-07-30T20:12:28.577992
SCR-006840,CRC-GLB-301,SITE-0028,INV-0055,CAN,2025-04-02,FR,59,Female,Screen Failure,Abnormal Laboratory Values,Yes,2026-07-30T20:12:28.577992
SCR-006841,CRC-GLB-301,SITE-0057,INV-0114,KEN,2025-12-18,ZD,37,Male,Screen Failure,Inclusion Criteria Not Met,Yes,2026-07-30T20:12:28.577992
SCR-006842,CRC-GLB-301,SITE-0052,INV-0103,ZAF,2025-12-20,FU,34,Male,Eligible,,Yes,2026-07-30T20:12:28.577992
SCR-006843,CRC-GLB-301,SITE-0031,INV-0061,CAN,2025-09-26,KL,77,Female,Eligible,,Yes,2026-07-30T20:12:28.577992
SCR-006844,CRC-GLB-301,SITE-0040,INV-0079,GBR,2025-04-02,NM,19,Female,Eligible,,Yes,2026-07-30T20:12:28.577992
SCR-006845,CRC-GLB-301,SITE-0025,INV-0049,CAN,2025-06-03,PF,67,Female,Screen Failure,Inclusion Criteria Not Met,Yes,2026-07-30T20:12:28.577992
SCR-006846,CRC-GLB-301,SITE-0051,INV-0102,ZAF,2025-08-12,EJ,38,Female,Eligible,,Yes,2026-07-30T20:12:28.577992
SCR-006847,CRC-GLB-301,SITE-0040,INV-0079,GBR,2025-11-23,BU,81,Male,Eligible,,Yes,2026-07-30T20:12:28.577992
SCR-006848,CRC-GLB-301,SITE-0054,INV-0108,ZAF,2025-11-01,IG,59,Female,Eligible,,Yes,2026-07-30T20:12:28.577992
SCR-006849,CRC-GLB-301,SITE-0039,INV-0078,GBR,2025-06-26,MS,33,Male,Eligible,,Yes,2026-07-30T20:12:28.577992
SCR-006850,CRC-GLB-301,SITE-0058,INV-0115,KEN,2025-06-26,FE,82,Male,Eligible,,Yes,2026-07-30T20:12:28.577992
SCR-006851,CRC-GLB-301,SITE-0023,INV-0046,USA,2025-04-21,DU,40,Female,Eligible,,Yes,2026-07-30T20:12:28.577992
SCR-006852,CRC-GLB-301,SITE-0049,INV-0098,ZAF,2025-05-12,TN,55,Male,Screen Failure,Abnormal Laboratory Values,Yes,2026-07-30T20:12:28.577992
SCR-006853,CRC-GLB-301,SITE-0064,INV-0128,KEN,2025-08-08,RI,53,Male,Screen Failure,Abnormal Laboratory Values,Yes,2026-07-30T20:12:28.577992
SCR-006854,CRC-GLB-301,SITE-0025,INV-0049,CAN,2025-03-21,QW,47,Female,Screen Failure,Inclusion Criteria Not Met,Yes,2026-07-30T20:12:28.577992
SCR-006855,CRC-GLB-301,SITE-0054,INV-0108,ZAF,2025-10-16,HX,43,Male,Eligible,,Yes,2026-07-30T20:12:28.577992
SCR-006856,CRC-GLB-301,SITE-0028,INV-0055,CAN,2025-05-08,HY,49,Male,Eligible,,Yes,2026-07-30T20:12:28.577992
SCR-006857,CRC-GLB-301,SITE-0045,INV-0090,DEU,2025-08-02,NE,34,Female,Eligible,,Yes,2026-07-30T20:12:28.577992
SCR-006858,CRC-GLB-301,SITE-0047,INV-0094,DEU,2025-12-10,JP,37,Male,Eligible,,Yes,2026-07-30T20:12:28.577992
SCR-006859,CRC-GLB-301,SITE-0029,INV-0057,CAN,2025-04-14,GQ,68,Male,Screen Failure,Inclusion Criteria Not Met,Yes,2026-07-30T20:12:28.577992
SCR-006860,CRC-GLB-301,SITE-0010,INV-0020,SGP,2025-12-11,LZ,30,Female,Eligible,,Yes,2026-07-30T20:12:28.577992
SCR-006861,CRC-GLB-301,SITE-0012,INV-0023,SGP,2025-02-10,JU,31,Female,Eligible,,Yes,2026-07-30T20:12:28.577992
SCR-006862,CRC-GLB-301,SITE-0020,INV-0039,USA,2025-07-01,GH,27,Male,Screen Failure,Inclusion Criteria Not Met,Yes,2026-07-30T20:12:28.577992
SCR-006863,CRC-GLB-301,SITE-0046,INV-0092,DEU,2025-06-22,BU,66,Male,Screen Failure,Withdrew Consent,Yes,2026-07-30T20:12:28.577992
SCR-006864,CRC-GLB-301,SITE-0058,INV-0116,KEN,2025-01-12,JL,35,Male,Eligible,,Yes,2026-07-30T20:12:28.577992
SCR-006865,CRC-GLB-301,SITE-0048,INV-0095,DEU,2025-01-20,RP,29,Male,Eligible,,Yes,2026-07-30T20:12:28.577992
SCR-006866,CRC-GLB-301,SITE-0004,INV-0008,IND,2025-05-31,FA,76,Female,Eligible,,Yes,2026-07-30T20:12:28.577992
SCR-006867,CRC-GLB-301,SITE-0029,INV-0057,CAN,2025-01-08,RI,55,Male,Eligible,,Yes,2026-07-30T20:12:28.577992
SCR-006868,CRC-GLB-301,SITE-0058,INV-0116,KEN,2025-11-18,EA,85,Male,Eligible,,Yes,2026-07-30T20:12:28.577992
SCR-006869,CRC-GLB-301,SITE-0049,INV-0097,ZAF,2025-03-26,WV,71,Male,Eligible,,Yes,2026-07-30T20:12:28.577992
SCR-006870,CRC-GLB-301,SITE-0013,INV-0025,SGP,2025-05-07,CB,61,Male,Screen Failure,Abnormal Laboratory Values,Yes,2026-07-30T20:12:28.577992
SCR-006871,CRC-GLB-301,SITE-0061,INV-0121,KEN,2025-05-22,CW,41,Female,Eligible,,Yes,2026-07-30T20:12:28.577992
SCR-006872,CRC-GLB-301,SITE-0038,INV-0075,GBR,2025-10-31,FU,50,Female,Eligible,,Yes,2026-07-30T20:12:28.577992
SCR-006873,CRC-GLB-301,SITE-0015,INV-0030,SGP,2025-04-12,NF,82,Male,Eligible,,Yes,2026-07-30T20:12:28.577992
SCR-006874,CRC-GLB-301,SITE-0053,INV-0106,ZAF,2025-06-03,SD,58,Female,Eligible,,Yes,2026-07-30T20:12:28.577992
SCR-006875,CRC-GLB-301,SITE-0007,INV-0014,IND,2025-12-03,MG,55,Female,Screen Failure,Abnormal Laboratory Values,Yes,2026-07-30T20:12:28.577992
SCR-006876,CRC-GLB-301,SITE-0044,INV-0087,DEU,2025-09-18,YM,38,Female,Eligible,,Yes,2026-07-30T20:12:28.577992
SCR-006877,CRC-GLB-301,SITE-0043,INV-0086,DEU,2025-10-16,OP,40,Male,Eligible,,Yes,2026-07-30T20:12:28.577992
SCR-006878,CRC-GLB-301,SITE-0037,INV-0074,GBR,2025-06-26,RA,53,Male,Eligible,,Yes,2026-07-30T20:12:28.577992
SCR-006879,CRC-GLB-301,SITE-0016,INV-0031,SGP,2025-01-05,CQ,69,Male,Eligible,,Yes,2026-07-30T20:12:28.577992
SCR-006880,CRC-GLB-301,SITE-0015,INV-0030,SGP,2025-08-17,NU,65,Male,Eligible,,Yes,2026-07-30T20:12:28.577992
SCR-006881,CRC-GLB-301,SITE-0005,INV-0010,IND,2025-08-14,SO,67,Male,Eligible,,Yes,2026-07-30T20:12:28.577992
SCR-006882,CRC-GLB-301,SITE-0056,INV-0111,ZAF,2025-04-21,GI,48,Male,Eligible,,Yes,2026-07-30T20:12:28.577992
SCR-006883,CRC-GLB-301,SITE-0005,INV-0009,IND,2025-12-02,JJ,43,Female,Eligible,,Yes,2026-07-30T20:12:28.577992
SCR-006884,CRC-GLB-301,SITE-0024,INV-0048,USA,2025-07-24,SL,80,Male,Eligible,,Yes,2026-07-30T20:12:28.577992
SCR-006885,CRC-GLB-301,SITE-0014,INV-0027,SGP,2025-03-22,IN,80,Male,Screen Failure,Abnormal Laboratory Values,Yes,2026-07-30T20:12:28.577992
SCR-006886,CRC-GLB-301,SITE-0016,INV-0031,SGP,2025-03-01,BJ,80,Male,Screen Failure,Inclusion Criteria Not Met,Yes,2026-07-30T20:12:28.577992
SCR-006887,CRC-GLB-301,SITE-0027,INV-0054,CAN,2025-10-13,FD,55,Male,Eligible,,Yes,2026-07-30T20:12:28.577992
SCR-006888,CRC-GLB-301,SITE-0016,INV-0032,SGP,2025-02-14,IP,57,Male,Eligible,,Yes,2026-07-30T20:12:28.577992
SCR-006889,CRC-GLB-301,SITE-0064,INV-0128,KEN,2025-02-05,LB,59,Male,Eligible,,Yes,2026-07-30T20:12:28.577992
SCR-006890,CRC-GLB-301,SITE-0045,INV-0089,DEU,2025-01-29,XU,53,Male,Eligible,,Yes,2026-07-30T20:12:28.577992
SCR-006891,CRC-GLB-301,SITE-0043,INV-0086,DEU,2025-03-23,SM,72,Female,Eligible,,Yes,2026-07-30T20:12:28.577992
SCR-006892,CRC-GLB-301,SITE-0026,INV-0051,CAN,2025-08-09,CE,36,Female,Screen Failure,Inclusion Criteria Not Met,Yes,2026-07-30T20:12:28.577992
SCR-006893,CRC-GLB-301,SITE-0061,INV-0122,KEN,2025-12-08,SM,31,Female,Screen Failure,Exclusion Criteria Met,Yes,2026-07-30T20:12:28.577992
SCR-006894,CRC-GLB-301,SITE-0029,INV-0058,CAN,2025-12-03,LD,74,Female,Eligible,,Yes,2026-07-30T20:12:28.577992
SCR-006895,CRC-GLB-301,SITE-0005,INV-0010,IND,2025-07-12,QC,34,Female,Eligible,,Yes,2026-07-30T20:12:28.577992
SCR-006896,CRC-GLB-301,SITE-0051,INV-0102,ZAF,2025-05-30,CH,48,Male,Screen Failure,Abnormal Laboratory Values,Yes,2026-07-30T20:12:28.577992
SCR-006897,CRC-GLB-301,SITE-0013,INV-0025,SGP,2025-06-13,JQ,58,Female,Screen Failure,Inclusion Criteria Not Met,Yes,2026-07-30T20:12:28.577992
SCR-006898,CRC-GLB-301,SITE-0004,INV-0007,IND,2025-07-18,TD,84,Male,Eligible,,Yes,2026-07-30T20:12:28.577992
SCR-006899,CRC-GLB-301,SITE-0051,INV-0101,ZAF,2025-05-06,TK,39,Male,Eligible,,Yes,2026-07-30T20:12:28.577992
SCR-006900,CRC-GLB-301,SITE-0048,INV-0095,DEU,2025-10-09,IE,29,Female,Eligible,,Yes,2026-07-30T20:12:28.577992
SCR-006901,CRC-GLB-301,SITE-0046,INV-0092,DEU,2025-02-17,FX,74,Male,Eligible,,Yes,2026-07-30T20:12:28.577992
SCR-006902,CRC-GLB-301,SITE-0057,INV-0113,KEN,2025-11-28,RN,59,Female,Eligible,,Yes,2026-07-30T20:12:28.577992
SCR-006903,CRC-GLB-301,SITE-0040,INV-0079,GBR,2025-01-16,AQ,61,Female,Eligible,,Yes,2026-07-30T20:12:28.577992
SCR-006904,CRC-GLB-301,SITE-0063,INV-0126,KEN,2025-05-29,DX,71,Female,Eligible,,Yes,2026-07-30T20:12:28.577992
SCR-006905,CRC-GLB-301,SITE-0013,INV-0025,SGP,2025-02-19,KF,40,Female,Eligible,,Yes,2026-07-30T20:12:28.577992
SCR-006906,CRC-GLB-301,SITE-0029,INV-0057,CAN,2025-12-28,LB,76,Female,Eligible,,Yes,2026-07-30T20:12:28.577992
SCR-006907,CRC-GLB-301,SITE-0060,INV-0120,KEN,2025-07-26,WL,25,Male,Eligible,,Yes,2026-07-30T20:12:28.577992
SCR-006908,CRC-GLB-301,SITE-0044,INV-0087,DEU,2025-07-15,LB,67,Female,Screen Failure,Withdrew Consent,Yes,2026-07-30T20:12:28.577992
SCR-006909,CRC-GLB-301,SITE-0003,INV-0006,IND,2025-08-07,CB,83,Female,Screen Failure,Exclusion Criteria Met,Yes,2026-07-30T20:12:28.577992
SCR-006910,CRC-GLB-301,SITE-0048,INV-0096,DEU,2025-04-18,DT,50,Female,Eligible,,Yes,2026-07-30T20:12:28.577992
SCR-006911,CRC-GLB-301,SITE-0035,INV-0069,GBR,2025-11-29,SB,52,Male,Eligible,,Yes,2026-07-30T20:12:28.577992
SCR-006912,CRC-GLB-301,SITE-0034,INV-0067,GBR,2025-09-24,HV,58,Female,Screen Failure,Withdrew Consent,Yes,2026-07-30T20:12:28.577992
SCR-006913,CRC-GLB-301,SITE-0007,INV-0013,IND,2025-01-03,WO,37,Male,Eligible,,Yes,2026-07-30T20:12:28.577992
SCR-006914,CRC-GLB-301,SITE-0063,INV-0125,KEN,2025-07-18,QN,33,Male,Eligible,,Yes,2026-07-30T20:12:28.577992
SCR-006915,CRC-GLB-301,SITE-0019,INV-0038,USA,2025-02-11,ON,46,Male,Eligible,,Yes,2026-07-30T20:12:28.577992
SCR-006916,CRC-GLB-301,SITE-0062,INV-0123,KEN,2025-02-19,KA,85,Male,Eligible,,Yes,2026-07-30T20:12:28.577992
SCR-006917,CRC-GLB-301,SITE-0060,INV-0120,KEN,2025-08-22,KA,83,Male,Eligible,,Yes,2026-07-30T20:12:28.577992
SCR-006918,CRC-GLB-301,SITE-0056,INV-0112,ZAF,2025-03-06,DD,29,Female,Screen Failure,Abnormal Laboratory Values,Yes,2026-07-30T20:12:28.577992
SCR-006919,CRC-GLB-301,SITE-0017,INV-0033,USA,2025-03-28,NX,69,Female,Eligible,,Yes,2026-07-30T20:12:28.577992
SCR-006920,CRC-GLB-301,SITE-0044,INV-0087,DEU,2025-09-07,YF,44,Male,Eligible,,Yes,2026-07-30T20:12:28.577992
SCR-006921,CRC-GLB-301,SITE-0059,INV-0118,KEN,2025-03-01,GD,80,Female,Screen Failure,Exclusion Criteria Met,Yes,2026-07-30T20:12:28.577992
SCR-006922,CRC-GLB-301,SITE-0024,INV-0048,USA,2025-06-25,QY,72,Female,Eligible,,Yes,2026-07-30T20:12:28.577992
SCR-006923,CRC-GLB-301,SITE-0009,INV-0017,SGP,2025-09-23,WI,72,Female,Eligible,,Yes,2026-07-30T20:12:28.577992
SCR-006924,CRC-GLB-301,SITE-0015,INV-0030,SGP,2025-04-20,PL,78,Male,Eligible,,Yes,2026-07-30T20:12:28.577992
SCR-006925,CRC-GLB-301,SITE-0043,INV-0086,DEU,2025-10-01,SK,29,Male,Eligible,,Yes,2026-07-30T20:12:28.577992
SCR-006926,CRC-GLB-301,SITE-0037,INV-0073,GBR,2025-04-30,UA,43,Female,Eligible,,Yes,2026-07-30T20:12:28.577992
SCR-006927,CRC-GLB-301,SITE-0052,INV-0103,ZAF,2025-08-31,IP,82,Female,Eligible,,Yes,2026-07-30T20:12:28.577992
SCR-006928,CRC-GLB-301,SITE-0042,INV-0084,DEU,2025-06-04,QH,58,Female,Eligible,,Yes,2026-07-30T20:12:28.577992
SCR-006929,CRC-GLB-301,SITE-0033,INV-0065,GBR,2025-02-28,NX,80,Male,Eligible,,Yes,2026-07-30T20:12:28.577992
SCR-006930,CRC-GLB-301,SITE-0023,INV-0045,USA,2025-03-07,XX,83,Female,Eligible,,Yes,2026-07-30T20:12:28.577992
SCR-006931,CRC-GLB-301,SITE-0061,INV-0122,KEN,2025-01-21,XJ,45,Male,Eligible,,Yes,2026-07-30T20:12:28.577992
SCR-006932,CRC-GLB-301,SITE-0044,INV-0087,DEU,2025-04-17,IR,65,Male,Eligible,,Yes,2026-07-30T20:12:28.577992
SCR-006933,CRC-GLB-301,SITE-0054,INV-0108,ZAF,2025-12-21,KO,72,Male,Eligible,,Yes,2026-07-30T20:12:28.577992
SCR-006934,CRC-GLB-301,SITE-0063,INV-0126,KEN,2025-05-31,MM,47,Female,Eligible,,Yes,2026-07-30T20:12:28.577992
SCR-006935,CRC-GLB-301,SITE-0012,INV-0023,SGP,2025-05-03,QN,49,Female,Screen Failure,Abnormal Laboratory Values,Yes,2026-07-30T20:12:28.577992
SCR-006936,CRC-GLB-301,SITE-0012,INV-0023,SGP,2025-08-06,JL,35,Female,Eligible,,Yes,2026-07-30T20:12:28.577992
SCR-006937,CRC-GLB-301,SITE-0054,INV-0108,ZAF,2025-07-07,KE,23,Female,Eligible,,Yes,2026-07-30T20:12:28.577992
SCR-006938,CRC-GLB-301,SITE-0064,INV-0127,KEN,2025-05-01,XG,66,Female,Eligible,,Yes,2026-07-30T20:12:28.577992
SCR-006939,CRC-GLB-301,SITE-0063,INV-0126,KEN,2025-05-12,IC,50,Male,Eligible,,Yes,2026-07-30T20:12:28.577992
SCR-006940,CRC-GLB-301,SITE-0061,INV-0121,KEN,2025-02-27,NZ,25,Male,Eligible,,Yes,2026-07-30T20:12:28.577992
SCR-006941,CRC-GLB-301,SITE-0028,INV-0056,CAN,2025-11-15,TI,83,Male,Screen Failure,Inclusion Criteria Not Met,Yes,2026-07-30T20:12:28.577992
SCR-006942,CRC-GLB-301,SITE-0062,INV-0123,KEN,2025-04-12,RX,24,Male,Screen Failure,Withdrew Consent,Yes,2026-07-30T20:12:28.577992
SCR-006943,CRC-GLB-301,SITE-0011,INV-0021,SGP,2025-08-12,KH,73,Female,Eligible,,Yes,2026-07-30T20:12:28.577992
SCR-006944,CRC-GLB-301,SITE-0013,INV-0026,SGP,2025-09-01,NN,77,Female,Eligible,,Yes,2026-07-30T20:12:28.577992
SCR-006945,CRC-GLB-301,SITE-0045,INV-0090,DEU,2025-11-14,TJ,79,Male,Eligible,,Yes,2026-07-30T20:12:28.577992
SCR-006946,CRC-GLB-301,SITE-0013,INV-0026,SGP,2025-11-03,CX,55,Female,Eligible,,Yes,2026-07-30T20:12:28.577992
SCR-006947,CRC-GLB-301,SITE-0009,INV-0017,SGP,2025-07-12,PX,40,Male,Eligible,,Yes,2026-07-30T20:12:28.577992
SCR-006948,CRC-GLB-301,SITE-0046,INV-0091,DEU,2025-01-11,OQ,44,Male,Eligible,,Yes,2026-07-30T20:12:28.577992
SCR-006949,CRC-GLB-301,SITE-0064,INV-0128,KEN,2025-09-24,WO,85,Female,Screen Failure,Withdrew Consent,Yes,2026-07-30T20:12:28.577992
SCR-006950,CRC-GLB-301,SITE-0019,INV-0037,USA,2025-01-11,FY,60,Male,Eligible,,Yes,2026-07-30T20:12:28.577992
SCR-006951,CRC-GLB-301,SITE-0030,INV-0059,CAN,2025-06-12,XG,30,Female,Eligible,,Yes,2026-07-30T20:12:28.577992
SCR-006952,CRC-GLB-301,SITE-0022,INV-0043,USA,2025-08-15,ZJ,30,Male,Eligible,,Yes,2026-07-30T20:12:28.577992
SCR-006953,CRC-GLB-301,SITE-0028,INV-0056,CAN,2025-04-02,VH,65,Female,Eligible,,Yes,2026-07-30T20:12:28.577992
SCR-006954,CRC-GLB-301,SITE-0056,INV-0111,ZAF,2025-05-08,SQ,71,Male,Eligible,,Yes,2026-07-30T20:12:28.577992
SCR-006955,CRC-GLB-301,SITE-0004,INV-0008,IND,2025-10-30,MH,58,Male,Screen Failure,Exclusion Criteria Met,Yes,2026-07-30T20:12:28.577992
SCR-006956,CRC-GLB-301,SITE-0055,INV-0110,ZAF,2025-07-23,BS,75,Female,Eligible,,Yes,2026-07-30T20:12:28.577992
SCR-006957,CRC-GLB-301,SITE-0063,INV-0126,KEN,2025-03-19,CQ,43,Female,Eligible,,Yes,2026-07-30T20:12:28.577992
SCR-006958,CRC-GLB-301,SITE-0039,INV-0078,GBR,2025-07-26,TZ,47,Male,Eligible,,Yes,2026-07-30T20:12:28.577992
SCR-006959,CRC-GLB-301,SITE-0045,INV-0089,DEU,2025-12-07,XQ,56,Female,Eligible,,Yes,2026-07-30T20:12:28.577992
SCR-006960,CRC-GLB-301,SITE-0032,INV-0063,CAN,2025-01-26,AT,23,Female,Screen Failure,Exclusion Criteria Met,Yes,2026-07-30T20:12:28.577992
SCR-006961,CRC-GLB-301,SITE-0007,INV-0013,IND,2025-03-31,HZ,75,Male,Eligible,,Yes,2026-07-30T20:12:28.577992
SCR-006962,CRC-GLB-301,SITE-0028,INV-0056,CAN,2025-05-09,EG,80,Male,Eligible,,Yes,2026-07-30T20:12:28.577992
SCR-006963,CRC-GLB-301,SITE-0028,INV-0055,CAN,2025-06-03,VD,26,Female,Screen Failure,Exclusion Criteria Met,Yes,2026-07-30T20:12:28.577992
SCR-006964,CRC-GLB-301,SITE-0057,INV-0113,KEN,2025-09-20,OM,68,Male,Eligible,,Yes,2026-07-30T20:12:28.577992
SCR-006965,CRC-GLB-301,SITE-0010,INV-0020,SGP,2025-08-29,PY,55,Male,Eligible,,Yes,2026-07-30T20:12:28.577992
SCR-006966,CRC-GLB-301,SITE-0023,INV-0045,USA,2025-01-18,VM,81,Female,Eligible,,Yes,2026-07-30T20:12:28.577992
SCR-006967,CRC-GLB-301,SITE-0018,INV-0035,USA,2025-02-14,XT,20,Female,Screen Failure,Abnormal Laboratory Values,Yes,2026-07-30T20:12:28.577992
SCR-006968,CRC-GLB-301,SITE-0054,INV-0107,ZAF,2025-02-11,FH,25,Female,Eligible,,Yes,2026-07-30T20:12:28.577992
SCR-006969,CRC-GLB-301,SITE-0050,INV-0099,ZAF,2025-11-15,XS,58,Male,Eligible,,Yes,2026-07-30T20:12:28.577992
SCR-006970,CRC-GLB-301,SITE-0051,INV-0102,ZAF,2025-03-29,MH,79,Male,Eligible,,Yes,2026-07-30T20:12:28.577992
SCR-006971,CRC-GLB-301,SITE-0055,INV-0110,ZAF,2025-12-20,NR,82,Female,Eligible,,Yes,2026-07-30T20:12:28.577992
SCR-006972,CRC-GLB-301,SITE-0021,INV-0041,USA,2025-08-15,NS,75,Female,Eligible,,Yes,2026-07-30T20:12:28.577992
SCR-006973,CRC-GLB-301,SITE-0013,INV-0026,SGP,2025-03-04,EO,42,Male,Eligible,,Yes,2026-07-30T20:12:28.577992
SCR-006974,CRC-GLB-301,SITE-0064,INV-0128,KEN,2025-09-02,AW,80,Male,Eligible,,Yes,2026-07-30T20:12:28.577992
SCR-006975,CRC-GLB-301,SITE-0001,INV-0001,IND,2025-03-29,QP,72,Male,Eligible,,Yes,2026-07-30T20:12:28.577992
SCR-006976,CRC-GLB-301,SITE-0036,INV-0072,GBR,2025-06-22,EN,55,Male,Eligible,,Yes,2026-07-30T20:12:28.577992
SCR-006977,CRC-GLB-301,SITE-0001,INV-0001,IND,2025-04-23,PM,23,Female,Eligible,,Yes,2026-07-30T20:12:28.577992
SCR-006978,CRC-GLB-301,SITE-0037,INV-0074,GBR,2025-10-16,HP,71,Female,Screen Failure,Abnormal Laboratory Values,Yes,2026-07-30T20:12:28.577992
SCR-006979,CRC-GLB-301,SITE-0063,INV-0126,KEN,2025-11-05,SS,18,Male,Eligible,,Yes,2026-07-30T20:12:28.577992
SCR-006980,CRC-GLB-301,SITE-0019,INV-0037,USA,2025-07-13,OY,82,Female,Eligible,,Yes,2026-07-30T20:12:28.577992
SCR-006981,CRC-GLB-301,SITE-0004,INV-0007,IND,2025-08-29,JZ,80,Female,Eligible,,Yes,2026-07-30T20:12:28.577992
SCR-006982,CRC-GLB-301,SITE-0037,INV-0074,GBR,2025-09-05,SX,59,Male,Eligible,,Yes,2026-07-30T20:12:28.577992
SCR-006983,CRC-GLB-301,SITE-0001,INV-0001,IND,2025-08-03,HA,82,Male,Screen Failure,Abnormal Laboratory Values,Yes,2026-07-30T20:12:28.577992
SCR-006984,CRC-GLB-301,SITE-0029,INV-0057,CAN,2025-03-30,IL,20,Female,Screen Failure,Exclusion Criteria Met,Yes,2026-07-30T20:12:28.577992
SCR-006985,CRC-GLB-301,SITE-0010,INV-0019,SGP,2025-08-04,KT,65,Male,Screen Failure,Exclusion Criteria Met,Yes,2026-07-30T20:12:28.577992
SCR-006986,CRC-GLB-301,SITE-0036,INV-0072,GBR,2025-07-09,ZQ,74,Male,Eligible,,Yes,2026-07-30T20:12:28.577992
SCR-006987,CRC-GLB-301,SITE-0013,INV-0026,SGP,2025-10-19,DY,72,Male,Eligible,,Yes,2026-07-30T20:12:28.577992
SCR-006988,CRC-GLB-301,SITE-0019,INV-0038,USA,2025-09-09,LA,37,Male,Eligible,,Yes,2026-07-30T20:12:28.577992
SCR-006989,CRC-GLB-301,SITE-0062,INV-0123,KEN,2025-02-01,BG,85,Female,Eligible,,Yes,2026-07-30T20:12:28.577992
SCR-006990,CRC-GLB-301,SITE-0035,INV-0069,GBR,2025-11-19,LP,67,Female,Eligible,,Yes,2026-07-30T20:12:28.577992
SCR-006991,CRC-GLB-301,SITE-0032,INV-0063,CAN,2025-05-06,NS,85,Female,Screen Failure,Exclusion Criteria Met,Yes,2026-07-30T20:12:28.577992
SCR-006992,CRC-GLB-301,SITE-0055,INV-0109,ZAF,2025-10-10,SK,85,Male,Eligible,,Yes,2026-07-30T20:12:28.577992
SCR-006993,CRC-GLB-301,SITE-0045,INV-0089,DEU,2025-08-18,FW,73,Male,Eligible,,Yes,2026-07-30T20:12:28.577992
SCR-006994,CRC-GLB-301,SITE-0049,INV-0098,ZAF,2025-04-03,TG,22,Female,Eligible,,Yes,2026-07-30T20:12:28.577992
SCR-006995,CRC-GLB-301,SITE-0031,INV-0062,CAN,2025-04-30,TJ,32,Male,Screen Failure,Withdrew Consent,Yes,2026-07-30T20:12:28.577992
SCR-006996,CRC-GLB-301,SITE-0049,INV-0098,ZAF,2025-11-02,KR,44,Female,Eligible,,Yes,2026-07-30T20:12:28.577992
SCR-006997,CRC-GLB-301,SITE-0023,INV-0046,USA,2025-01-30,OM,37,Female,Eligible,,Yes,2026-07-30T20:12:28.577992
SCR-006998,CRC-GLB-301,SITE-0056,INV-0111,ZAF,2025-01-29,LL,74,Female,Screen Failure,Inclusion Criteria Not Met,Yes,2026-07-30T20:12:28.577992
SCR-006999,CRC-GLB-301,SITE-0057,INV-0113,KEN,2025-12-26,PB,26,Male,Eligible,,Yes,2026-07-30T20:12:28.577992
SCR-007000,CRC-GLB-301,SITE-0046,INV-0092,DEU,2025-05-16,XN,47,Male,Eligible,,Yes,2026-07-30T20:12:28.577992
SCR-007001,CRC-GLB-301,SITE-0005,INV-0010,IND,2025-04-21,RH,72,Male,Eligible,,Yes,2026-07-30T20:12:28.577992
SCR-007002,CRC-GLB-301,SITE-0033,INV-0065,GBR,2025-07-18,DS,48,Male,Eligible,,Yes,2026-07-30T20:12:28.577992
SCR-007003,CRC-GLB-301,SITE-0036,INV-0072,GBR,2025-04-07,KC,53,Male,Screen Failure,Withdrew Consent,Yes,2026-07-30T20:12:28.577992
SCR-007004,CRC-GLB-301,SITE-0053,INV-0106,ZAF,2025-02-11,FP,20,Female,Eligible,,Yes,2026-07-30T20:12:28.577992
SCR-007005,CRC-GLB-301,SITE-0031,INV-0062,CAN,2025-08-30,EM,44,Female,Eligible,,Yes,2026-07-30T20:12:28.577992
SCR-007006,CRC-GLB-301,SITE-0061,INV-0121,KEN,2025-07-23,RN,22,Male,Eligible,,Yes,2026-07-30T20:12:28.577992
SCR-007007,CRC-GLB-301,SITE-0060,INV-0119,KEN,2025-10-11,YS,47,Female,Eligible,,Yes,2026-07-30T20:12:28.577992
SCR-007008,CRC-GLB-301,SITE-0002,INV-0003,IND,2025-10-24,QP,83,Female,Eligible,,Yes,2026-07-30T20:12:28.577992
SCR-007009,CRC-GLB-301,SITE-0056,INV-0111,ZAF,2025-12-24,ZQ,58,Male,Eligible,,Yes,2026-07-30T20:12:28.577992
SCR-007010,CRC-GLB-301,SITE-0042,INV-0083,DEU,2025-05-17,QI,77,Male,Eligible,,Yes,2026-07-30T20:12:28.577992
SCR-007011,CRC-GLB-301,SITE-0045,INV-0090,DEU,2025-07-11,HV,59,Male,Eligible,,Yes,2026-07-30T20:12:28.577992
SCR-007012,CRC-GLB-301,SITE-0049,INV-0098,ZAF,2025-02-21,SM,74,Female,Screen Failure,Withdrew Consent,Yes,2026-07-30T20:12:28.577992
SCR-007013,CRC-GLB-301,SITE-0019,INV-0037,USA,2025-03-24,DL,66,Male,Eligible,,Yes,2026-07-30T20:12:28.577992
SCR-007014,CRC-GLB-301,SITE-0042,INV-0083,DEU,2025-05-02,YA,81,Male,Eligible,,Yes,2026-07-30T20:12:28.577992
SCR-007015,CRC-GLB-301,SITE-0018,INV-0036,USA,2025-07-06,TW,78,Female,Eligible,,Yes,2026-07-30T20:12:28.577992
SCR-007016,CRC-GLB-301,SITE-0061,INV-0122,KEN,2025-10-03,RX,31,Female,Screen Failure,Exclusion Criteria Met,Yes,2026-07-30T20:12:28.577992
SCR-007017,CRC-GLB-301,SITE-0046,INV-0091,DEU,2025-10-11,JP,19,Male,Eligible,,Yes,2026-07-30T20:12:28.577992
SCR-007018,CRC-GLB-301,SITE-0056,INV-0111,ZAF,2025-03-21,TX,81,Female,Eligible,,Yes,2026-07-30T20:12:28.577992
SCR-007019,CRC-GLB-301,SITE-0001,INV-0001,IND,2025-01-13,KW,28,Female,Eligible,,Yes,2026-07-30T20:12:28.577992
SCR-007020,CRC-GLB-301,SITE-0047,INV-0094,DEU,2025-10-19,FP,38,Male,Eligible,,Yes,2026-07-30T20:12:28.577992
SCR-007021,CRC-GLB-301,SITE-0034,INV-0068,GBR,2025-06-13,JL,41,Male,Eligible,,Yes,2026-07-30T20:12:28.577992
SCR-007022,CRC-GLB-301,SITE-0024,INV-0047,USA,2025-06-05,TN,57,Female,Screen Failure,Inclusion Criteria Not Met,Yes,2026-07-30T20:12:28.577992
SCR-007023,CRC-GLB-301,SITE-0011,INV-0021,SGP,2025-12-02,CL,43,Male,Screen Failure,Abnormal Laboratory Values,Yes,2026-07-30T20:12:28.577992
SCR-007024,CRC-GLB-301,SITE-0007,INV-0013,IND,2025-06-12,LI,23,Female,Screen Failure,Inclusion Criteria Not Met,Yes,2026-07-30T20:12:28.577992
SCR-007025,CRC-GLB-301,SITE-0002,INV-0004,IND,2025-12-04,RL,65,Male,Eligible,,Yes,2026-07-30T20:12:28.577992
SCR-007026,CRC-GLB-301,SITE-0002,INV-0004,IND,2025-04-17,KC,26,Male,Eligible,,Yes,2026-07-30T20:12:28.577992
SCR-007027,CRC-GLB-301,SITE-0063,INV-0126,KEN,2025-01-22,SN,32,Male,Eligible,,Yes,2026-07-30T20:12:28.577992
SCR-007028,CRC-GLB-301,SITE-0059,INV-0117,KEN,2025-12-18,JU,47,Male,Screen Failure,Inclusion Criteria Not Met,Yes,2026-07-30T20:12:28.577992
SCR-007029,CRC-GLB-301,SITE-0009,INV-0018,SGP,2025-06-10,DL,84,Female,Eligible,,Yes,2026-07-30T20:12:28.577992
SCR-007030,CRC-GLB-301,SITE-0018,INV-0035,USA,2025-01-04,UE,54,Male,Eligible,,Yes,2026-07-30T20:12:28.577992
SCR-007031,CRC-GLB-301,SITE-0047,INV-0093,DEU,2025-02-08,NB,67,Male,Eligible,,Yes,2026-07-30T20:12:28.577992
SCR-007032,CRC-GLB-301,SITE-0025,INV-0049,CAN,2025-10-20,CQ,24,Female,Eligible,,Yes,2026-07-30T20:12:28.577992
SCR-007033,CRC-GLB-301,SITE-0046,INV-0092,DEU,2025-06-16,GY,26,Female,Eligible,,Yes,2026-07-30T20:12:28.577992
SCR-007034,CRC-GLB-301,SITE-0035,INV-0069,GBR,2025-11-01,WO,72,Female,Eligible,,Yes,2026-07-30T20:12:28.577992
SCR-007035,CRC-GLB-301,SITE-0040,INV-0080,GBR,2025-02-05,QE,81,Male,Eligible,,Yes,2026-07-30T20:12:28.577992
SCR-007036,CRC-GLB-301,SITE-0048,INV-0096,DEU,2025-06-06,NA,69,Female,Screen Failure,Withdrew Consent,Yes,2026-07-30T20:12:28.577992
SCR-007037,CRC-GLB-301,SITE-0020,INV-0039,USA,2025-01-15,WY,24,Female,Eligible,,Yes,2026-07-30T20:12:28.577992
SCR-007038,CRC-GLB-301,SITE-0051,INV-0101,ZAF,2025-10-27,QI,68,Male,Eligible,,Yes,2026-07-30T20:12:28.577992
SCR-007039,CRC-GLB-301,SITE-0047,INV-0093,DEU,2025-02-19,DX,46,Female,Eligible,,Yes,2026-07-30T20:12:28.577992
SCR-007040,CRC-GLB-301,SITE-0007,INV-0014,IND,2025-07-22,QW,73,Male,Eligible,,Yes,2026-07-30T20:12:28.577992
SCR-007041,CRC-GLB-301,SITE-0047,INV-0093,DEU,2025-11-13,AN,64,Female,Screen Failure,Abnormal Laboratory Values,Yes,2026-07-30T20:12:28.577992
SCR-007042,CRC-GLB-301,SITE-0059,INV-0118,KEN,2025-06-18,MX,45,Female,Eligible,,Yes,2026-07-30T20:12:28.577992
SCR-007043,CRC-GLB-301,SITE-0032,INV-0063,CAN,2025-11-05,IG,77,Male,Eligible,,Yes,2026-07-30T20:12:28.577992
SCR-007044,CRC-GLB-301,SITE-0006,INV-0011,IND,2025-06-16,WC,67,Male,Eligible,,Yes,2026-07-30T20:12:28.577992
SCR-007045,CRC-GLB-301,SITE-0016,INV-0031,SGP,2025-08-22,KU,81,Male,Screen Failure,Exclusion Criteria Met,Yes,2026-07-30T20:12:28.577992
SCR-007046,CRC-GLB-301,SITE-0040,INV-0079,GBR,2025-05-09,RF,28,Male,Eligible,,Yes,2026-07-30T20:12:28.577992
SCR-007047,CRC-GLB-301,SITE-0010,INV-0019,SGP,2025-03-08,LK,35,Male,Eligible,,Yes,2026-07-30T20:12:28.577992
SCR-007048,CRC-GLB-301,SITE-0063,INV-0126,KEN,2025-04-09,ZY,31,Male,Eligible,,Yes,2026-07-30T20:12:28.577992
SCR-007049,CRC-GLB-301,SITE-0032,INV-0063,CAN,2025-11-10,XN,30,Female,Eligible,,Yes,2026-07-30T20:12:28.577992
SCR-007050,CRC-GLB-301,SITE-0048,INV-0095,DEU,2025-05-08,MX,19,Male,Eligible,,Yes,2026-07-30T20:12:28.577992
SCR-007051,CRC-GLB-301,SITE-0040,INV-0080,GBR,2025-04-11,TE,74,Female,Screen Failure,Exclusion Criteria Met,Yes,2026-07-30T20:12:28.577992
SCR-007052,CRC-GLB-301,SITE-0020,INV-0040,USA,2025-08-02,IZ,68,Female,Eligible,,Yes,2026-07-30T20:12:28.577992
SCR-007053,CRC-GLB-301,SITE-0005,INV-0010,IND,2025-01-17,BJ,62,Male,Screen Failure,Inclusion Criteria Not Met,Yes,2026-07-30T20:12:28.577992
SCR-007054,CRC-GLB-301,SITE-0015,INV-0030,SGP,2025-08-29,VW,24,Male,Eligible,,Yes,2026-07-30T20:12:28.577992
SCR-007055,CRC-GLB-301,SITE-0041,INV-0082,DEU,2025-04-24,RZ,60,Female,Eligible,,Yes,2026-07-30T20:12:28.577992
SCR-007056,CRC-GLB-301,SITE-0014,INV-0027,SGP,2025-09-04,LZ,53,Male,Eligible,,Yes,2026-07-30T20:12:28.577992
SCR-007057,CRC-GLB-301,SITE-0037,INV-0073,GBR,2025-12-09,TQ,32,Female,Screen Failure,Abnormal Laboratory Values,Yes,2026-07-30T20:12:28.577992
SCR-007058,CRC-GLB-301,SITE-0035,INV-0070,GBR,2025-07-28,CP,61,Female,Eligible,,Yes,2026-07-30T20:12:28.577992
SCR-007059,CRC-GLB-301,SITE-0015,INV-0030,SGP,2025-01-19,AV,64,Female,Screen Failure,Inclusion Criteria Not Met,Yes,2026-07-30T20:12:28.577992
SCR-007060,CRC-GLB-301,SITE-0019,INV-0038,USA,2025-08-08,NJ,58,Female,Screen Failure,Withdrew Consent,Yes,2026-07-30T20:12:28.577992
SCR-007061,CRC-GLB-301,SITE-0031,INV-0062,CAN,2025-09-12,YM,73,Female,Screen Failure,Exclusion Criteria Met,Yes,2026-07-30T20:12:28.577992
SCR-007062,CRC-GLB-301,SITE-0046,INV-0091,DEU,2025-03-28,RH,34,Male,Eligible,,Yes,2026-07-30T20:12:28.577992
SCR-007063,CRC-GLB-301,SITE-0014,INV-0028,SGP,2025-04-03,EL,52,Female,Eligible,,Yes,2026-07-30T20:12:28.577992
SCR-007064,CRC-GLB-301,SITE-0014,INV-0028,SGP,2025-02-19,IX,84,Male,Eligible,,Yes,2026-07-30T20:12:28.577992
SCR-007065,CRC-GLB-301,SITE-0052,INV-0103,ZAF,2025-12-31,IY,65,Male,Eligible,,Yes,2026-07-30T20:12:28.577992
SCR-007066,CRC-GLB-301,SITE-0026,INV-0051,CAN,2025-12-04,JQ,27,Male,Eligible,,Yes,2026-07-30T20:12:28.577992
SCR-007067,CRC-GLB-301,SITE-0045,INV-0090,DEU,2025-02-28,VY,18,Male,Eligible,,Yes,2026-07-30T20:12:28.577992
SCR-007068,CRC-GLB-301,SITE-0063,INV-0126,KEN,2025-09-01,EH,42,Female,Eligible,,Yes,2026-07-30T20:12:28.577992
SCR-007069,CRC-GLB-301,SITE-0022,INV-0043,USA,2025-04-27,UX,32,Female,Eligible,,Yes,2026-07-30T20:12:28.577992
SCR-007070,CRC-GLB-301,SITE-0049,INV-0097,ZAF,2025-11-09,SW,38,Male,Eligible,,Yes,2026-07-30T20:12:28.577992
SCR-007071,CRC-GLB-301,SITE-0045,INV-0090,DEU,2025-12-08,YZ,52,Male,Eligible,,Yes,2026-07-30T20:12:28.577992
SCR-007072,CRC-GLB-301,SITE-0016,INV-0031,SGP,2025-11-21,SI,81,Female,Eligible,,Yes,2026-07-30T20:12:28.577992
SCR-007073,CRC-GLB-301,SITE-0002,INV-0004,IND,2025-06-07,LA,75,Male,Eligible,,Yes,2026-07-30T20:12:28.577992
SCR-007074,CRC-GLB-301,SITE-0062,INV-0123,KEN,2025-10-22,QC,80,Female,Eligible,,Yes,2026-07-30T20:12:28.577992
SCR-007075,CRC-GLB-301,SITE-0053,INV-0106,ZAF,2025-08-13,MO,25,Female,Eligible,,Yes,2026-07-30T20:12:28.577992
SCR-007076,CRC-GLB-301,SITE-0016,INV-0031,SGP,2025-05-29,GI,29,Male,Eligible,,Yes,2026-07-30T20:12:28.577992
SCR-007077,CRC-GLB-301,SITE-0041,INV-0082,DEU,2025-06-20,IP,34,Female,Eligible,,Yes,2026-07-30T20:12:28.577992
SCR-007078,CRC-GLB-301,SITE-0014,INV-0028,SGP,2025-03-08,NL,57,Female,Eligible,,Yes,2026-07-30T20:12:28.577992
SCR-007079,CRC-GLB-301,SITE-0001,INV-0001,IND,2025-08-07,VC,75,Male,Eligible,,Yes,2026-07-30T20:12:28.577992
SCR-007080,CRC-GLB-301,SITE-0049,INV-0098,ZAF,2025-11-07,XH,59,Male,Eligible,,Yes,2026-07-30T20:12:28.577992
SCR-007081,CRC-GLB-301,SITE-0032,INV-0064,CAN,2025-12-19,YV,20,Male,Eligible,,Yes,2026-07-30T20:12:28.577992
SCR-007082,CRC-GLB-301,SITE-0047,INV-0094,DEU,2025-11-10,CL,31,Female,Eligible,,Yes,2026-07-30T20:12:28.577992
SCR-007083,CRC-GLB-301,SITE-0039,INV-0077,GBR,2025-06-29,WF,78,Female,Eligible,,Yes,2026-07-30T20:12:28.577992
SCR-007084,CRC-GLB-301,SITE-0035,INV-0069,GBR,2025-11-13,CG,80,Male,Eligible,,Yes,2026-07-30T20:12:28.577992
SCR-007085,CRC-GLB-301,SITE-0002,INV-0003,IND,2025-09-07,CJ,31,Female,Eligible,,Yes,2026-07-30T20:12:28.577992
SCR-007086,CRC-GLB-301,SITE-0045,INV-0089,DEU,2025-06-09,PC,63,Female,Eligible,,Yes,2026-07-30T20:12:28.577992
SCR-007087,CRC-GLB-301,SITE-0025,INV-0050,CAN,2025-04-19,JA,77,Male,Eligible,,Yes,2026-07-30T20:12:28.577992
SCR-007088,CRC-GLB-301,SITE-0051,INV-0102,ZAF,2025-02-09,VN,50,Male,Eligible,,Yes,2026-07-30T20:12:28.577992
SCR-007089,CRC-GLB-301,SITE-0009,INV-0018,SGP,2025-10-04,ID,77,Male,Eligible,,Yes,2026-07-30T20:12:28.577992
SCR-007090,CRC-GLB-301,SITE-0026,INV-0051,CAN,2025-11-01,PL,20,Female,Eligible,,Yes,2026-07-30T20:12:28.577992
SCR-007091,CRC-GLB-301,SITE-0050,INV-0100,ZAF,2025-05-09,IG,18,Female,Eligible,,Yes,2026-07-30T20:12:28.577992
SCR-007092,CRC-GLB-301,SITE-0001,INV-0002,IND,2025-03-05,RP,83,Male,Screen Failure,Abnormal Laboratory Values,Yes,2026-07-30T20:12:28.577992
SCR-007093,CRC-GLB-301,SITE-0062,INV-0123,KEN,2025-04-19,BE,66,Male,Eligible,,Yes,2026-07-30T20:12:28.577992
SCR-007094,CRC-GLB-301,SITE-0018,INV-0036,USA,2025-04-04,EU,46,Female,Eligible,,Yes,2026-07-30T20:12:28.577992
SCR-007095,CRC-GLB-301,SITE-0042,INV-0083,DEU,2025-05-15,VD,67,Male,Eligible,,Yes,2026-07-30T20:12:28.577992
SCR-007096,CRC-GLB-301,SITE-0043,INV-0085,DEU,2025-05-14,MJ,59,Male,Eligible,,Yes,2026-07-30T20:12:28.577992
SCR-007097,CRC-GLB-301,SITE-0022,INV-0044,USA,2025-05-14,PB,62,Male,Screen Failure,Abnormal Laboratory Values,Yes,2026-07-30T20:12:28.577992
SCR-007098,CRC-GLB-301,SITE-0060,INV-0119,KEN,2025-06-06,VC,62,Female,Eligible,,Yes,2026-07-30T20:12:28.577992
SCR-007099,CRC-GLB-301,SITE-0038,INV-0075,GBR,2025-08-04,BJ,25,Male,Eligible,,Yes,2026-07-30T20:12:28.577992
SCR-007100,CRC-GLB-301,SITE-0059,INV-0117,KEN,2025-05-11,WS,29,Female,Screen Failure,Withdrew Consent,Yes,2026-07-30T20:12:28.577992
SCR-007101,CRC-GLB-301,SITE-0032,INV-0063,CAN,2025-07-18,HU,29,Male,Eligible,,Yes,2026-07-30T20:12:28.577992
SCR-007102,CRC-GLB-301,SITE-0056,INV-0112,ZAF,2025-08-03,IB,38,Female,Eligible,,Yes,2026-07-30T20:12:28.577992
SCR-007103,CRC-GLB-301,SITE-0037,INV-0073,GBR,2025-01-21,BD,41,Male,Screen Failure,Withdrew Consent,Yes,2026-07-30T20:12:28.577992
SCR-007104,CRC-GLB-301,SITE-0025,INV-0050,CAN,2025-04-15,JM,42,Female,Eligible,,Yes,2026-07-30T20:12:28.577992
SCR-007105,CRC-GLB-301,SITE-0039,INV-0078,GBR,2025-10-15,OE,26,Female,Eligible,,Yes,2026-07-30T20:12:28.577992
SCR-007106,CRC-GLB-301,SITE-0036,INV-0072,GBR,2025-06-14,EH,74,Female,Eligible,,Yes,2026-07-30T20:12:28.577992
SCR-007107,CRC-GLB-301,SITE-0046,INV-0092,DEU,2025-07-07,IE,83,Female,Eligible,,Yes,2026-07-30T20:12:28.577992
SCR-007108,CRC-GLB-301,SITE-0056,INV-0111,ZAF,2025-10-02,EM,72,Female,Eligible,,Yes,2026-07-30T20:12:28.577992
SCR-007109,CRC-GLB-301,SITE-0059,INV-0117,KEN,2025-02-11,TC,34,Male,Screen Failure,Exclusion Criteria Met,Yes,2026-07-30T20:12:28.577992
SCR-007110,CRC-GLB-301,SITE-0032,INV-0063,CAN,2025-11-26,TS,84,Female,Eligible,,Yes,2026-07-30T20:12:28.577992
SCR-007111,CRC-GLB-301,SITE-0046,INV-0091,DEU,2025-11-25,UU,40,Male,Eligible,,Yes,2026-07-30T20:12:28.577992
SCR-007112,CRC-GLB-301,SITE-0039,INV-0078,GBR,2025-06-21,HU,60,Female,Screen Failure,Exclusion Criteria Met,Yes,2026-07-30T20:12:28.577992
SCR-007113,CRC-GLB-301,SITE-0037,INV-0073,GBR,2025-11-13,LN,43,Male,Eligible,,Yes,2026-07-30T20:12:28.577992
SCR-007114,CRC-GLB-301,SITE-0047,INV-0093,DEU,2025-07-10,WF,42,Female,Eligible,,Yes,2026-07-30T20:12:28.577992
SCR-007115,CRC-GLB-301,SITE-0032,INV-0064,CAN,2025-03-30,ZJ,80,Male,Eligible,,Yes,2026-07-30T20:12:28.577992
SCR-007116,CRC-GLB-301,SITE-0037,INV-0074,GBR,2025-01-11,YL,37,Female,Screen Failure,Withdrew Consent,Yes,2026-07-30T20:12:28.577992
SCR-007117,CRC-GLB-301,SITE-0061,INV-0121,KEN,2025-09-01,UK,31,Male,Screen Failure,Abnormal Laboratory Values,Yes,2026-07-30T20:12:28.577992
SCR-007118,CRC-GLB-301,SITE-0006,INV-0011,IND,2025-01-20,UV,38,Male,Eligible,,Yes,2026-07-30T20:12:28.577992
SCR-007119,CRC-GLB-301,SITE-0014,INV-0027,SGP,2025-04-18,PY,31,Male,Eligible,,Yes,2026-07-30T20:12:28.577992
SCR-007120,CRC-GLB-301,SITE-0013,INV-0026,SGP,2025-11-02,ND,37,Female,Eligible,,Yes,2026-07-30T20:12:28.577992
SCR-007121,CRC-GLB-301,SITE-0034,INV-0067,GBR,2025-03-06,YK,47,Male,Screen Failure,Abnormal Laboratory Values,Yes,2026-07-30T20:12:28.577992
SCR-007122,CRC-GLB-301,SITE-0053,INV-0105,ZAF,2025-02-28,HI,78,Male,Eligible,,Yes,2026-07-30T20:12:28.577992
SCR-007123,CRC-GLB-301,SITE-0044,INV-0087,DEU,2025-05-17,IV,68,Female,Eligible,,Yes,2026-07-30T20:12:28.577992
SCR-007124,CRC-GLB-301,SITE-0057,INV-0114,KEN,2025-02-10,RQ,30,Male,Screen Failure,Inclusion Criteria Not Met,Yes,2026-07-30T20:12:28.577992
SCR-007125,CRC-GLB-301,SITE-0023,INV-0046,USA,2025-10-02,HF,40,Female,Eligible,,Yes,2026-07-30T20:12:28.577992
SCR-007126,CRC-GLB-301,SITE-0025,INV-0050,CAN,2025-07-01,UK,23,Male,Eligible,,Yes,2026-07-30T20:12:28.577992
SCR-007127,CRC-GLB-301,SITE-0025,INV-0050,CAN,2025-10-16,SC,61,Female,Eligible,,Yes,2026-07-30T20:12:28.577992
SCR-007128,CRC-GLB-301,SITE-0011,INV-0022,SGP,2025-05-07,ES,30,Female,Eligible,,Yes,2026-07-30T20:12:28.577992
SCR-007129,CRC-GLB-301,SITE-0038,INV-0076,GBR,2025-06-23,DZ,78,Female,Eligible,,Yes,2026-07-30T20:12:28.577992
SCR-007130,CRC-GLB-301,SITE-0021,INV-0042,USA,2025-04-04,WI,54,Male,Screen Failure,Inclusion Criteria Not Met,Yes,2026-07-30T20:12:28.577992
SCR-007131,CRC-GLB-301,SITE-0030,INV-0059,CAN,2025-11-15,PQ,73,Male,Eligible,,Yes,2026-07-30T20:12:28.577992
SCR-007132,CRC-GLB-301,SITE-0048,INV-0095,DEU,2025-09-04,SL,68,Male,Eligible,,Yes,2026-07-30T20:12:28.577992
SCR-007133,CRC-GLB-301,SITE-0014,INV-0027,SGP,2025-11-18,OO,76,Female,Eligible,,Yes,2026-07-30T20:12:28.577992
SCR-007134,CRC-GLB-301,SITE-0050,INV-0099,ZAF,2025-03-30,GR,19,Male,Eligible,,Yes,2026-07-30T20:12:28.577992
SCR-007135,CRC-GLB-301,SITE-0019,INV-0038,USA,2025-02-16,JC,59,Female,Eligible,,Yes,2026-07-30T20:12:28.577992
SCR-007136,CRC-GLB-301,SITE-0028,INV-0056,CAN,2025-04-18,IF,78,Male,Eligible,,Yes,2026-07-30T20:12:28.577992
SCR-007137,CRC-GLB-301,SITE-0017,INV-0034,USA,2025-08-11,NV,65,Female,Screen Failure,Withdrew Consent,Yes,2026-07-30T20:12:28.577992
SCR-007138,CRC-GLB-301,SITE-0028,INV-0055,CAN,2025-02-15,KX,25,Female,Eligible,,Yes,2026-07-30T20:12:28.577992
SCR-007139,CRC-GLB-301,SITE-0046,INV-0091,DEU,2025-06-06,SG,77,Male,Eligible,,Yes,2026-07-30T20:12:28.577992
SCR-007140,CRC-GLB-301,SITE-0052,INV-0104,ZAF,2025-12-17,UT,28,Male,Eligible,,Yes,2026-07-30T20:12:28.577992
SCR-007141,CRC-GLB-301,SITE-0044,INV-0088,DEU,2025-09-11,BB,44,Male,Screen Failure,Withdrew Consent,Yes,2026-07-30T20:12:28.577992
SCR-007142,CRC-GLB-301,SITE-0019,INV-0038,USA,2025-06-19,OB,60,Female,Eligible,,Yes,2026-07-30T20:12:28.577992
SCR-007143,CRC-GLB-301,SITE-0058,INV-0115,KEN,2025-06-19,WH,50,Male,Eligible,,Yes,2026-07-30T20:12:28.577992
SCR-007144,CRC-GLB-301,SITE-0025,INV-0049,CAN,2025-05-15,OT,39,Male,Eligible,,Yes,2026-07-30T20:12:28.577992
SCR-007145,CRC-GLB-301,SITE-0022,INV-0044,USA,2025-01-24,LQ,18,Male,Screen Failure,Withdrew Consent,Yes,2026-07-30T20:12:28.577992
SCR-007146,CRC-GLB-301,SITE-0006,INV-0012,IND,2025-01-25,QW,32,Female,Eligible,,Yes,2026-07-30T20:12:28.577992
SCR-007147,CRC-GLB-301,SITE-0016,INV-0032,SGP,2025-02-23,HJ,25,Female,Eligible,,Yes,2026-07-30T20:12:28.577992
SCR-007148,CRC-GLB-301,SITE-0002,INV-0003,IND,2025-12-27,GG,52,Male,Eligible,,Yes,2026-07-30T20:12:28.577992
SCR-007149,CRC-GLB-301,SITE-0052,INV-0103,ZAF,2025-08-01,GX,39,Female,Eligible,,Yes,2026-07-30T20:12:28.577992
SCR-007150,CRC-GLB-301,SITE-0039,INV-0078,GBR,2025-03-11,IG,46,Male,Eligible,,Yes,2026-07-30T20:12:28.577992
SCR-007151,CRC-GLB-301,SITE-0037,INV-0074,GBR,2025-04-19,PS,19,Female,Eligible,,Yes,2026-07-30T20:12:28.577992
SCR-007152,CRC-GLB-301,SITE-0017,INV-0034,USA,2025-01-14,NC,54,Female,Eligible,,Yes,2026-07-30T20:12:28.577992
SCR-007153,CRC-GLB-301,SITE-0018,INV-0036,USA,2025-10-20,SV,69,Female,Screen Failure,Exclusion Criteria Met,Yes,2026-07-30T20:12:28.577992
SCR-007154,CRC-GLB-301,SITE-0024,INV-0048,USA,2025-09-15,WA,30,Male,Screen Failure,Withdrew Consent,Yes,2026-07-30T20:12:28.577992
SCR-007155,CRC-GLB-301,SITE-0022,INV-0043,USA,2025-06-07,UT,67,Male,Eligible,,Yes,2026-07-30T20:12:28.577992
SCR-007156,CRC-GLB-301,SITE-0034,INV-0067,GBR,2025-11-06,UA,19,Female,Screen Failure,Inclusion Criteria Not Met,Yes,2026-07-30T20:12:28.577992
SCR-007157,CRC-GLB-301,SITE-0002,INV-0004,IND,2025-12-12,GW,30,Female,Eligible,,Yes,2026-07-30T20:12:28.577992
SCR-007158,CRC-GLB-301,SITE-0010,INV-0019,SGP,2025-08-29,IF,33,Female,Eligible,,Yes,2026-07-30T20:12:28.577992
SCR-007159,CRC-GLB-301,SITE-0008,INV-0015,IND,2025-12-10,VX,48,Female,Eligible,,Yes,2026-07-30T20:12:28.577992
SCR-007160,CRC-GLB-301,SITE-0061,INV-0121,KEN,2025-09-30,KI,48,Female,Eligible,,Yes,2026-07-30T20:12:28.577992
SCR-007161,CRC-GLB-301,SITE-0062,INV-0124,KEN,2025-10-09,LT,43,Female,Eligible,,Yes,2026-07-30T20:12:28.577992
SCR-007162,CRC-GLB-301,SITE-0012,INV-0024,SGP,2025-03-12,AC,47,Male,Eligible,,Yes,2026-07-30T20:12:28.577992
SCR-007163,CRC-GLB-301,SITE-0030,INV-0059,CAN,2025-01-04,FW,61,Female,Eligible,,Yes,2026-07-30T20:12:28.577992
SCR-007164,CRC-GLB-301,SITE-0054,INV-0108,ZAF,2025-08-16,TX,26,Male,Eligible,,Yes,2026-07-30T20:12:28.577992
SCR-007165,CRC-GLB-301,SITE-0031,INV-0061,CAN,2025-02-21,JP,82,Male,Eligible,,Yes,2026-07-30T20:12:28.577992
SCR-007166,CRC-GLB-301,SITE-0038,INV-0076,GBR,2025-03-22,DR,43,Male,Eligible,,Yes,2026-07-30T20:12:28.577992
SCR-007167,CRC-GLB-301,SITE-0048,INV-0096,DEU,2025-01-10,PV,21,Male,Screen Failure,Exclusion Criteria Met,Yes,2026-07-30T20:12:28.577992
SCR-007168,CRC-GLB-301,SITE-0040,INV-0079,GBR,2025-05-07,BV,61,Male,Eligible,,Yes,2026-07-30T20:12:28.577992
SCR-007169,CRC-GLB-301,SITE-0049,INV-0098,ZAF,2025-09-12,CK,71,Male,Eligible,,Yes,2026-07-30T20:12:28.577992
SCR-007170,CRC-GLB-301,SITE-0043,INV-0085,DEU,2025-06-04,IE,35,Male,Eligible,,Yes,2026-07-30T20:12:28.577992
SCR-007171,CRC-GLB-301,SITE-0018,INV-0036,USA,2025-12-18,FI,59,Male,Eligible,,Yes,2026-07-30T20:12:28.577992
SCR-007172,CRC-GLB-301,SITE-0058,INV-0115,KEN,2025-11-02,WJ,74,Female,Screen Failure,Abnormal Laboratory Values,Yes,2026-07-30T20:12:28.577992
SCR-007173,CRC-GLB-301,SITE-0041,INV-0081,DEU,2025-11-25,FE,81,Male,Eligible,,Yes,2026-07-30T20:12:28.577992
SCR-007174,CRC-GLB-301,SITE-0050,INV-0100,ZAF,2025-01-04,YH,36,Male,Eligible,,Yes,2026-07-30T20:12:28.577992
SCR-007175,CRC-GLB-301,SITE-0010,INV-0020,SGP,2025-05-24,BI,76,Male,Eligible,,Yes,2026-07-30T20:12:28.577992
SCR-007176,CRC-GLB-301,SITE-0002,INV-0004,IND,2025-06-21,AK,36,Female,Eligible,,Yes,2026-07-30T20:12:28.577992
SCR-007177,CRC-GLB-301,SITE-0003,INV-0005,IND,2025-10-20,CC,20,Female,Screen Failure,Abnormal Laboratory Values,Yes,2026-07-30T20:12:28.577992
SCR-007178,CRC-GLB-301,SITE-0017,INV-0034,USA,2025-11-06,QF,70,Female,Eligible,,Yes,2026-07-30T20:12:28.577992
SCR-007179,CRC-GLB-301,SITE-0022,INV-0044,USA,2025-03-20,SE,69,Female,Eligible,,Yes,2026-07-30T20:12:28.577992
SCR-007180,CRC-GLB-301,SITE-0041,INV-0082,DEU,2025-04-14,KK,79,Female,Eligible,,Yes,2026-07-30T20:12:28.577992
SCR-007181,CRC-GLB-301,SITE-0062,INV-0124,KEN,2025-07-19,MW,41,Female,Eligible,,Yes,2026-07-30T20:12:28.577992
SCR-007182,CRC-GLB-301,SITE-0053,INV-0105,ZAF,2025-01-03,XC,47,Male,Eligible,,Yes,2026-07-30T20:12:28.577992
SCR-007183,CRC-GLB-301,SITE-0029,INV-0057,CAN,2025-11-11,UT,35,Male,Screen Failure,Withdrew Consent,Yes,2026-07-30T20:12:28.577992
SCR-007184,CRC-GLB-301,SITE-0058,INV-0115,KEN,2025-03-29,QK,79,Male,Eligible,,Yes,2026-07-30T20:12:28.577992
SCR-007185,CRC-GLB-301,SITE-0050,INV-0099,ZAF,2025-06-01,WH,30,Female,Eligible,,Yes,2026-07-30T20:12:28.577992
SCR-007186,CRC-GLB-301,SITE-0016,INV-0032,SGP,2025-07-01,KD,71,Male,Screen Failure,Withdrew Consent,Yes,2026-07-30T20:12:28.577992
SCR-007187,CRC-GLB-301,SITE-0027,INV-0054,CAN,2025-10-26,YZ,37,Female,Eligible,,Yes,2026-07-30T20:12:28.577992
SCR-007188,CRC-GLB-301,SITE-0004,INV-0008,IND,2025-09-21,WV,82,Female,Eligible,,Yes,2026-07-30T20:12:28.577992
SCR-007189,CRC-GLB-301,SITE-0041,INV-0082,DEU,2025-02-06,HC,19,Female,Eligible,,Yes,2026-07-30T20:12:28.577992
SCR-007190,CRC-GLB-301,SITE-0049,INV-0097,ZAF,2025-12-11,YP,42,Male,Eligible,,Yes,2026-07-30T20:12:28.577992
SCR-007191,CRC-GLB-301,SITE-0044,INV-0088,DEU,2025-09-28,PX,82,Female,Eligible,,Yes,2026-07-30T20:12:28.577992
SCR-007192,CRC-GLB-301,SITE-0006,INV-0012,IND,2025-10-19,AB,46,Female,Eligible,,Yes,2026-07-30T20:12:28.577992
SCR-007193,CRC-GLB-301,SITE-0062,INV-0123,KEN,2025-02-10,ED,45,Male,Eligible,,Yes,2026-07-30T20:12:28.577992
SCR-007194,CRC-GLB-301,SITE-0018,INV-0035,USA,2025-09-28,QY,60,Male,Eligible,,Yes,2026-07-30T20:12:28.577992
SCR-007195,CRC-GLB-301,SITE-0018,INV-0035,USA,2025-08-26,DF,44,Male,Screen Failure,Inclusion Criteria Not Met,Yes,2026-07-30T20:12:28.577992
SCR-007196,CRC-GLB-301,SITE-0048,INV-0095,DEU,2025-04-24,FO,63,Male,Eligible,,Yes,2026-07-30T20:12:28.577992
SCR-007197,CRC-GLB-301,SITE-0014,INV-0027,SGP,2025-05-04,QZ,81,Female,Eligible,,Yes,2026-07-30T20:12:28.577992
SCR-007198,CRC-GLB-301,SITE-0032,INV-0064,CAN,2025-11-05,EO,77,Female,Eligible,,Yes,2026-07-30T20:12:28.577992
SCR-007199,CRC-GLB-301,SITE-0057,INV-0113,KEN,2025-07-20,AO,55,Male,Screen Failure,Exclusion Criteria Met,Yes,2026-07-30T20:12:28.577992
SCR-007200,CRC-GLB-301,SITE-0017,INV-0034,USA,2025-06-18,CG,51,Female,Screen Failure,Withdrew Consent,Yes,2026-07-30T20:12:28.577992
SCR-007201,CRC-GLB-301,SITE-0044,INV-0088,DEU,2025-05-19,FX,37,Male,Eligible,,Yes,2026-07-30T20:12:28.577992
SCR-007202,CRC-GLB-301,SITE-0049,INV-0097,ZAF,2025-06-08,RZ,56,Male,Eligible,,Yes,2026-07-30T20:12:28.577992
SCR-007203,CRC-GLB-301,SITE-0057,INV-0113,KEN,2025-01-26,EP,28,Male,Eligible,,Yes,2026-07-30T20:12:28.577992
SCR-007204,CRC-GLB-301,SITE-0027,INV-0053,CAN,2025-01-03,NG,45,Male,Eligible,,Yes,2026-07-30T20:12:28.577992
SCR-007205,CRC-GLB-301,SITE-0038,INV-0075,GBR,2025-02-08,SQ,70,Male,Screen Failure,Inclusion Criteria Not Met,Yes,2026-07-30T20:12:28.577992
SCR-007206,CRC-GLB-301,SITE-0025,INV-0049,CAN,2025-11-17,IA,76,Female,Eligible,,Yes,2026-07-30T20:12:28.577992
SCR-007207,CRC-GLB-301,SITE-0044,INV-0087,DEU,2025-05-25,HW,39,Female,Eligible,,Yes,2026-07-30T20:12:28.577992
SCR-007208,CRC-GLB-301,SITE-0013,INV-0025,SGP,2025-10-20,OQ,18,Male,Eligible,,Yes,2026-07-30T20:12:28.577992
SCR-007209,CRC-GLB-301,SITE-0036,INV-0072,GBR,2025-02-27,UK,66,Male,Eligible,,Yes,2026-07-30T20:12:28.577992
SCR-007210,CRC-GLB-301,SITE-0053,INV-0105,ZAF,2025-01-30,NN,60,Male,Screen Failure,Abnormal Laboratory Values,Yes,2026-07-30T20:12:28.577992
SCR-007211,CRC-GLB-301,SITE-0055,INV-0109,ZAF,2025-03-09,GC,80,Male,Eligible,,Yes,2026-07-30T20:12:28.577992
SCR-007212,CRC-GLB-301,SITE-0041,INV-0082,DEU,2025-12-31,RB,49,Female,Eligible,,Yes,2026-07-30T20:12:28.577992
SCR-007213,CRC-GLB-301,SITE-0053,INV-0105,ZAF,2025-03-31,KS,52,Male,Eligible,,Yes,2026-07-30T20:12:28.577992
SCR-007214,CRC-GLB-301,SITE-0042,INV-0083,DEU,2025-07-04,YU,44,Female,Eligible,,Yes,2026-07-30T20:12:28.577992
SCR-007215,CRC-GLB-301,SITE-0011,INV-0022,SGP,2025-04-30,IN,33,Female,Eligible,,Yes,2026-07-30T20:12:28.577992
SCR-007216,CRC-GLB-301,SITE-0037,INV-0074,GBR,2025-08-11,KN,79,Male,Eligible,,Yes,2026-07-30T20:12:28.577992
SCR-007217,CRC-GLB-301,SITE-0025,INV-0049,CAN,2025-12-17,XB,30,Male,Eligible,,Yes,2026-07-30T20:12:28.577992
SCR-007218,CRC-GLB-301,SITE-0023,INV-0045,USA,2025-06-23,NW,61,Male,Eligible,,Yes,2026-07-30T20:12:28.577992
SCR-007219,CRC-GLB-301,SITE-0013,INV-0026,SGP,2025-03-03,VB,54,Female,Screen Failure,Inclusion Criteria Not Met,Yes,2026-07-30T20:12:28.577992
SCR-007220,CRC-GLB-301,SITE-0006,INV-0011,IND,2025-07-09,GI,68,Male,Screen Failure,Exclusion Criteria Met,Yes,2026-07-30T20:12:28.577992
SCR-007221,CRC-GLB-301,SITE-0002,INV-0003,IND,2025-01-25,NW,49,Female,Screen Failure,Abnormal Laboratory Values,Yes,2026-07-30T20:12:28.577992
SCR-007222,CRC-GLB-301,SITE-0055,INV-0109,ZAF,2025-02-11,KV,68,Male,Eligible,,Yes,2026-07-30T20:12:28.577992
SCR-007223,CRC-GLB-301,SITE-0019,INV-0038,USA,2025-02-18,KP,77,Female,Eligible,,Yes,2026-07-30T20:12:28.577992
SCR-007224,CRC-GLB-301,SITE-0060,INV-0120,KEN,2025-02-15,OW,43,Male,Eligible,,Yes,2026-07-30T20:12:28.577992
SCR-007225,CRC-GLB-301,SITE-0040,INV-0080,GBR,2025-01-24,JC,50,Female,Screen Failure,Withdrew Consent,Yes,2026-07-30T20:12:28.577992
SCR-007226,CRC-GLB-301,SITE-0030,INV-0059,CAN,2025-04-05,ZE,30,Male,Screen Failure,Inclusion Criteria Not Met,Yes,2026-07-30T20:12:28.577992
SCR-007227,CRC-GLB-301,SITE-0015,INV-0029,SGP,2025-09-19,EQ,29,Female,Screen Failure,Abnormal Laboratory Values,Yes,2026-07-30T20:12:28.577992
SCR-007228,CRC-GLB-301,SITE-0030,INV-0059,CAN,2025-05-21,TI,77,Female,Eligible,,Yes,2026-07-30T20:12:28.577992
SCR-007229,CRC-GLB-301,SITE-0019,INV-0038,USA,2025-04-24,HY,20,Male,Screen Failure,Withdrew Consent,Yes,2026-07-30T20:12:28.577992
SCR-007230,CRC-GLB-301,SITE-0012,INV-0024,SGP,2025-08-03,NS,46,Male,Eligible,,Yes,2026-07-30T20:12:28.577992
SCR-007231,CRC-GLB-301,SITE-0036,INV-0072,GBR,2025-01-04,BC,64,Male,Eligible,,Yes,2026-07-30T20:12:28.577992
SCR-007232,CRC-GLB-301,SITE-0012,INV-0023,SGP,2025-11-19,BA,67,Female,Eligible,,Yes,2026-07-30T20:12:28.577992
SCR-007233,CRC-GLB-301,SITE-0010,INV-0020,SGP,2025-01-03,KY,67,Female,Eligible,,Yes,2026-07-30T20:12:28.577992
SCR-007234,CRC-GLB-301,SITE-0035,INV-0070,GBR,2025-06-09,UO,35,Male,Eligible,,Yes,2026-07-30T20:12:28.577992
SCR-007235,CRC-GLB-301,SITE-0063,INV-0125,KEN,2025-09-29,IN,27,Male,Eligible,,Yes,2026-07-30T20:12:28.577992
SCR-007236,CRC-GLB-301,SITE-0050,INV-0100,ZAF,2025-11-06,DU,50,Female,Eligible,,Yes,2026-07-30T20:12:28.577992
SCR-007237,CRC-GLB-301,SITE-0008,INV-0016,IND,2025-07-09,LW,57,Female,Eligible,,Yes,2026-07-30T20:12:28.577992
SCR-007238,CRC-GLB-301,SITE-0060,INV-0119,KEN,2025-04-24,UK,43,Female,Screen Failure,Inclusion Criteria Not Met,Yes,2026-07-30T20:12:28.577992
SCR-007239,CRC-GLB-301,SITE-0020,INV-0039,USA,2025-12-29,ZB,18,Female,Eligible,,Yes,2026-07-30T20:12:28.577992
SCR-007240,CRC-GLB-301,SITE-0038,INV-0075,GBR,2025-09-02,TE,42,Male,Eligible,,Yes,2026-07-30T20:12:28.577992
SCR-007241,CRC-GLB-301,SITE-0004,INV-0007,IND,2025-01-29,SK,85,Female,Screen Failure,Withdrew Consent,Yes,2026-07-30T20:12:28.577992
SCR-007242,CRC-GLB-301,SITE-0032,INV-0064,CAN,2025-02-21,SU,45,Female,Screen Failure,Exclusion Criteria Met,Yes,2026-07-30T20:12:28.577992
SCR-007243,CRC-GLB-301,SITE-0033,INV-0065,GBR,2025-06-06,MU,64,Female,Eligible,,Yes,2026-07-30T20:12:28.577992
SCR-007244,CRC-GLB-301,SITE-0012,INV-0023,SGP,2025-08-02,IY,67,Female,Eligible,,Yes,2026-07-30T20:12:28.577992
SCR-007245,CRC-GLB-301,SITE-0013,INV-0026,SGP,2025-06-11,KK,30,Female,Eligible,,Yes,2026-07-30T20:12:28.577992
SCR-007246,CRC-GLB-301,SITE-0059,INV-0117,KEN,2025-02-12,VD,81,Male,Eligible,,Yes,2026-07-30T20:12:28.577992
SCR-007247,CRC-GLB-301,SITE-0014,INV-0027,SGP,2025-12-21,IN,42,Female,Eligible,,Yes,2026-07-30T20:12:28.577992
SCR-007248,CRC-GLB-301,SITE-0055,INV-0110,ZAF,2025-07-29,ES,61,Male,Screen Failure,Exclusion Criteria Met,Yes,2026-07-30T20:12:28.577992
SCR-007249,CRC-GLB-301,SITE-0045,INV-0090,DEU,2025-08-04,CA,48,Male,Eligible,,Yes,2026-07-30T20:12:28.577992
SCR-007250,CRC-GLB-301,SITE-0045,INV-0090,DEU,2025-09-22,KN,84,Male,Screen Failure,Inclusion Criteria Not Met,Yes,2026-07-30T20:12:28.577992
SCR-007251,CRC-GLB-301,SITE-0002,INV-0004,IND,2025-05-24,YE,81,Female,Screen Failure,Exclusion Criteria Met,Yes,2026-07-30T20:12:28.577992
SCR-007252,CRC-GLB-301,SITE-0028,INV-0055,CAN,2025-12-20,RB,48,Male,Screen Failure,Inclusion Criteria Not Met,Yes,2026-07-30T20:12:28.577992
SCR-007253,CRC-GLB-301,SITE-0028,INV-0055,CAN,2025-10-17,AA,49,Female,Eligible,,Yes,2026-07-30T20:12:28.577992
SCR-007254,CRC-GLB-301,SITE-0054,INV-0108,ZAF,2025-12-03,OV,31,Female,Screen Failure,Abnormal Laboratory Values,Yes,2026-07-30T20:12:28.577992
SCR-007255,CRC-GLB-301,SITE-0006,INV-0012,IND,2025-08-10,IA,63,Female,Eligible,,Yes,2026-07-30T20:12:28.577992
SCR-007256,CRC-GLB-301,SITE-0063,INV-0125,KEN,2025-12-11,TU,23,Female,Eligible,,Yes,2026-07-30T20:12:28.577992
SCR-007257,CRC-GLB-301,SITE-0008,INV-0015,IND,2025-12-16,XT,18,Female,Eligible,,Yes,2026-07-30T20:12:28.577992
SCR-007258,CRC-GLB-301,SITE-0051,INV-0101,ZAF,2025-07-22,PB,32,Male,Eligible,,Yes,2026-07-30T20:12:28.577992
SCR-007259,CRC-GLB-301,SITE-0054,INV-0108,ZAF,2025-09-29,TE,35,Female,Eligible,,Yes,2026-07-30T20:12:28.577992
SCR-007260,CRC-GLB-301,SITE-0054,INV-0107,ZAF,2025-07-31,SK,74,Female,Eligible,,Yes,2026-07-30T20:12:28.577992
SCR-007261,CRC-GLB-301,SITE-0009,INV-0018,SGP,2025-12-30,LE,70,Female,Eligible,,Yes,2026-07-30T20:12:28.577992
SCR-007262,CRC-GLB-301,SITE-0024,INV-0048,USA,2025-11-15,CW,77,Male,Eligible,,Yes,2026-07-30T20:12:28.577992
SCR-007263,CRC-GLB-301,SITE-0034,INV-0067,GBR,2025-12-20,DI,38,Female,Eligible,,Yes,2026-07-30T20:12:28.577992
SCR-007264,CRC-GLB-301,SITE-0061,INV-0121,KEN,2025-07-05,AN,78,Female,Eligible,,Yes,2026-07-30T20:12:28.577992
SCR-007265,CRC-GLB-301,SITE-0044,INV-0087,DEU,2025-08-09,EH,28,Female,Screen Failure,Abnormal Laboratory Values,Yes,2026-07-30T20:12:28.577992
SCR-007266,CRC-GLB-301,SITE-0057,INV-0114,KEN,2025-01-13,CX,32,Male,Eligible,,Yes,2026-07-30T20:12:28.577992
SCR-007267,CRC-GLB-301,SITE-0060,INV-0119,KEN,2025-08-13,XV,28,Female,Eligible,,Yes,2026-07-30T20:12:28.577992
SCR-007268,CRC-GLB-301,SITE-0022,INV-0043,USA,2025-02-21,GV,57,Male,Eligible,,Yes,2026-07-30T20:12:28.577992
SCR-007269,CRC-GLB-301,SITE-0023,INV-0045,USA,2025-06-09,AK,57,Female,Eligible,,Yes,2026-07-30T20:12:28.577992
SCR-007270,CRC-GLB-301,SITE-0056,INV-0111,ZAF,2025-07-03,VY,41,Male,Eligible,,Yes,2026-07-30T20:12:28.577992
SCR-007271,CRC-GLB-301,SITE-0053,INV-0105,ZAF,2025-09-04,XG,82,Male,Eligible,,Yes,2026-07-30T20:12:28.577992
SCR-007272,CRC-GLB-301,SITE-0031,INV-0062,CAN,2025-06-01,IR,54,Male,Screen Failure,Abnormal Laboratory Values,Yes,2026-07-30T20:12:28.577992
SCR-007273,CRC-GLB-301,SITE-0023,INV-0045,USA,2025-01-22,WP,55,Female,Eligible,,Yes,2026-07-30T20:12:28.577992
SCR-007274,CRC-GLB-301,SITE-0054,INV-0107,ZAF,2025-09-07,LS,42,Male,Eligible,,Yes,2026-07-30T20:12:28.577992
SCR-007275,CRC-GLB-301,SITE-0061,INV-0121,KEN,2025-10-21,QS,82,Female,Eligible,,Yes,2026-07-30T20:12:28.577992
SCR-007276,CRC-GLB-301,SITE-0051,INV-0102,ZAF,2025-02-04,MP,65,Male,Screen Failure,Withdrew Consent,Yes,2026-07-30T20:12:28.577992
SCR-007277,CRC-GLB-301,SITE-0012,INV-0023,SGP,2025-04-21,SJ,38,Female,Eligible,,Yes,2026-07-30T20:12:28.577992
SCR-007278,CRC-GLB-301,SITE-0062,INV-0124,KEN,2025-03-10,BZ,22,Male,Eligible,,Yes,2026-07-30T20:12:28.577992
SCR-007279,CRC-GLB-301,SITE-0004,INV-0008,IND,2025-08-21,TW,61,Female,Eligible,,Yes,2026-07-30T20:12:28.577992
SCR-007280,CRC-GLB-301,SITE-0003,INV-0005,IND,2025-01-29,TH,27,Female,Eligible,,Yes,2026-07-30T20:12:28.577992
SCR-007281,CRC-GLB-301,SITE-0055,INV-0110,ZAF,2025-12-15,GY,65,Female,Eligible,,Yes,2026-07-30T20:12:28.577992
SCR-007282,CRC-GLB-301,SITE-0021,INV-0042,USA,2025-07-10,LU,41,Male,Eligible,,Yes,2026-07-30T20:12:28.577992
SCR-007283,CRC-GLB-301,SITE-0021,INV-0041,USA,2025-08-19,IO,45,Male,Eligible,,Yes,2026-07-30T20:12:28.577992
SCR-007284,CRC-GLB-301,SITE-0042,INV-0083,DEU,2025-08-24,AT,79,Female,Eligible,,Yes,2026-07-30T20:12:28.577992
SCR-007285,CRC-GLB-301,SITE-0004,INV-0008,IND,2025-04-05,AV,37,Female,Eligible,,Yes,2026-07-30T20:12:28.577992
SCR-007286,CRC-GLB-301,SITE-0025,INV-0049,CAN,2025-04-27,QX,79,Female,Eligible,,Yes,2026-07-30T20:12:28.577992
SCR-007287,CRC-GLB-301,SITE-0054,INV-0108,ZAF,2025-09-01,PH,66,Female,Eligible,,Yes,2026-07-30T20:12:28.577992
SCR-007288,CRC-GLB-301,SITE-0042,INV-0083,DEU,2025-04-06,HZ,55,Female,Eligible,,Yes,2026-07-30T20:12:28.577992
SCR-007289,CRC-GLB-301,SITE-0020,INV-0040,USA,2025-09-07,LM,54,Female,Screen Failure,Inclusion Criteria Not Met,Yes,2026-07-30T20:12:28.577992
SCR-007290,CRC-GLB-301,SITE-0045,INV-0090,DEU,2025-10-09,JV,64,Male,Screen Failure,Withdrew Consent,Yes,2026-07-30T20:12:28.577992
SCR-007291,CRC-GLB-301,SITE-0023,INV-0046,USA,2025-03-12,LG,67,Male,Eligible,,Yes,2026-07-30T20:12:28.577992
SCR-007292,CRC-GLB-301,SITE-0047,INV-0093,DEU,2025-07-24,IE,84,Female,Eligible,,Yes,2026-07-30T20:12:28.577992
SCR-007293,CRC-GLB-301,SITE-0027,INV-0054,CAN,2025-02-25,CM,85,Female,Eligible,,Yes,2026-07-30T20:12:28.577992
SCR-007294,CRC-GLB-301,SITE-0031,INV-0062,CAN,2025-11-18,BH,79,Female,Eligible,,Yes,2026-07-30T20:12:28.577992
SCR-007295,CRC-GLB-301,SITE-0057,INV-0114,KEN,2025-08-16,YU,75,Male,Eligible,,Yes,2026-07-30T20:12:28.577992
SCR-007296,CRC-GLB-301,SITE-0003,INV-0005,IND,2025-09-26,NW,40,Female,Screen Failure,Inclusion Criteria Not Met,Yes,2026-07-30T20:12:28.577992
SCR-007297,CRC-GLB-301,SITE-0063,INV-0126,KEN,2025-01-29,WR,82,Female,Eligible,,Yes,2026-07-30T20:12:28.577992
SCR-007298,CRC-GLB-301,SITE-0057,INV-0114,KEN,2025-03-31,YI,21,Female,Eligible,,Yes,2026-07-30T20:12:28.577992
SCR-007299,CRC-GLB-301,SITE-0061,INV-0122,KEN,2025-07-26,EV,69,Male,Eligible,,Yes,2026-07-30T20:12:28.577992
SCR-007300,CRC-GLB-301,SITE-0034,INV-0068,GBR,2025-06-19,CS,58,Male,Eligible,,Yes,2026-07-30T20:12:28.577992
SCR-007301,CRC-GLB-301,SITE-0045,INV-0089,DEU,2025-02-13,DH,27,Male,Eligible,,Yes,2026-07-30T20:12:28.577992
SCR-007302,CRC-GLB-301,SITE-0017,INV-0034,USA,2025-11-16,BT,73,Female,Eligible,,Yes,2026-07-30T20:12:28.577992
SCR-007303,CRC-GLB-301,SITE-0041,INV-0081,DEU,2025-11-24,GV,24,Male,Eligible,,Yes,2026-07-30T20:12:28.577992
SCR-007304,CRC-GLB-301,SITE-0064,INV-0127,KEN,2025-10-18,GK,22,Male,Screen Failure,Abnormal Laboratory Values,Yes,2026-07-30T20:12:28.577992
SCR-007305,CRC-GLB-301,SITE-0043,INV-0086,DEU,2025-12-21,WE,57,Male,Eligible,,Yes,2026-07-30T20:12:28.577992
SCR-007306,CRC-GLB-301,SITE-0018,INV-0036,USA,2025-07-11,IR,64,Female,Screen Failure,Withdrew Consent,Yes,2026-07-30T20:12:28.577992
SCR-007307,CRC-GLB-301,SITE-0058,INV-0115,KEN,2025-02-28,JG,18,Male,Screen Failure,Abnormal Laboratory Values,Yes,2026-07-30T20:12:28.577992
SCR-007308,CRC-GLB-301,SITE-0021,INV-0042,USA,2025-03-05,CQ,82,Male,Eligible,,Yes,2026-07-30T20:12:28.577992
SCR-007309,CRC-GLB-301,SITE-0008,INV-0015,IND,2025-05-23,PB,50,Female,Screen Failure,Inclusion Criteria Not Met,Yes,2026-07-30T20:12:28.577992
SCR-007310,CRC-GLB-301,SITE-0041,INV-0082,DEU,2025-07-04,LM,55,Male,Eligible,,Yes,2026-07-30T20:12:28.577992
SCR-007311,CRC-GLB-301,SITE-0020,INV-0039,USA,2025-11-07,BD,26,Male,Screen Failure,Exclusion Criteria Met,Yes,2026-07-30T20:12:28.577992
SCR-007312,CRC-GLB-301,SITE-0054,INV-0108,ZAF,2025-10-25,VZ,84,Male,Eligible,,Yes,2026-07-30T20:12:28.577992
SCR-007313,CRC-GLB-301,SITE-0046,INV-0091,DEU,2025-09-26,HP,81,Male,Eligible,,Yes,2026-07-30T20:12:28.577992
SCR-007314,CRC-GLB-301,SITE-0018,INV-0036,USA,2025-06-11,NT,72,Male,Eligible,,Yes,2026-07-30T20:12:28.577992
SCR-007315,CRC-GLB-301,SITE-0061,INV-0121,KEN,2025-11-28,EB,36,Female,Eligible,,Yes,2026-07-30T20:12:28.577992
SCR-007316,CRC-GLB-301,SITE-0039,INV-0078,GBR,2025-06-28,OZ,21,Male,Screen Failure,Abnormal Laboratory Values,Yes,2026-07-30T20:12:28.577992
SCR-007317,CRC-GLB-301,SITE-0049,INV-0098,ZAF,2025-01-15,OM,43,Male,Eligible,,Yes,2026-07-30T20:12:28.577992
SCR-007318,CRC-GLB-301,SITE-0054,INV-0107,ZAF,2025-08-06,HS,60,Female,Eligible,,Yes,2026-07-30T20:12:28.577992
SCR-007319,CRC-GLB-301,SITE-0023,INV-0046,USA,2025-05-18,TK,49,Male,Eligible,,Yes,2026-07-30T20:12:28.577992
SCR-007320,CRC-GLB-301,SITE-0019,INV-0038,USA,2025-12-18,YP,40,Female,Screen Failure,Exclusion Criteria Met,Yes,2026-07-30T20:12:28.577992
SCR-007321,CRC-GLB-301,SITE-0040,INV-0079,GBR,2025-12-17,OB,84,Male,Eligible,,Yes,2026-07-30T20:12:28.577992
SCR-007322,CRC-GLB-301,SITE-0011,INV-0021,SGP,2025-03-12,AY,27,Female,Eligible,,Yes,2026-07-30T20:12:28.577992
SCR-007323,CRC-GLB-301,SITE-0013,INV-0025,SGP,2025-11-27,RJ,44,Female,Eligible,,Yes,2026-07-30T20:12:28.577992
SCR-007324,CRC-GLB-301,SITE-0036,INV-0071,GBR,2025-06-16,HC,67,Female,Eligible,,Yes,2026-07-30T20:12:28.577992
SCR-007325,CRC-GLB-301,SITE-0022,INV-0043,USA,2025-09-08,AT,75,Female,Eligible,,Yes,2026-07-30T20:12:28.577992
SCR-007326,CRC-GLB-301,SITE-0061,INV-0122,KEN,2025-02-09,PT,44,Male,Eligible,,Yes,2026-07-30T20:12:28.577992
SCR-007327,CRC-GLB-301,SITE-0021,INV-0042,USA,2025-01-14,MH,77,Female,Eligible,,Yes,2026-07-30T20:12:28.577992
SCR-007328,CRC-GLB-301,SITE-0031,INV-0061,CAN,2025-08-07,MG,57,Female,Eligible,,Yes,2026-07-30T20:12:28.577992
SCR-007329,CRC-GLB-301,SITE-0035,INV-0069,GBR,2025-02-09,UV,44,Male,Eligible,,Yes,2026-07-30T20:12:28.577992
SCR-007330,CRC-GLB-301,SITE-0028,INV-0055,CAN,2025-10-06,YV,50,Male,Eligible,,Yes,2026-07-30T20:12:28.577992
SCR-007331,CRC-GLB-301,SITE-0058,INV-0116,KEN,2025-09-04,GT,61,Male,Eligible,,Yes,2026-07-30T20:12:28.577992
SCR-007332,CRC-GLB-301,SITE-0010,INV-0020,SGP,2025-06-24,PP,37,Male,Screen Failure,Abnormal Laboratory Values,Yes,2026-07-30T20:12:28.577992
SCR-007333,CRC-GLB-301,SITE-0035,INV-0069,GBR,2025-03-11,RW,37,Female,Screen Failure,Inclusion Criteria Not Met,Yes,2026-07-30T20:12:28.577992
SCR-007334,CRC-GLB-301,SITE-0047,INV-0093,DEU,2025-11-12,EF,79,Male,Eligible,,Yes,2026-07-30T20:12:28.577992
SCR-007335,CRC-GLB-301,SITE-0035,INV-0069,GBR,2025-03-07,YT,77,Male,Eligible,,Yes,2026-07-30T20:12:28.577992
SCR-007336,CRC-GLB-301,SITE-0053,INV-0106,ZAF,2025-01-30,LV,41,Female,Eligible,,Yes,2026-07-30T20:12:28.577992
SCR-007337,CRC-GLB-301,SITE-0033,INV-0066,GBR,2025-06-03,TY,59,Female,Eligible,,Yes,2026-07-30T20:12:28.577992
SCR-007338,CRC-GLB-301,SITE-0009,INV-0017,SGP,2025-04-29,VJ,71,Female,Eligible,,Yes,2026-07-30T20:12:28.577992
SCR-007339,CRC-GLB-301,SITE-0027,INV-0053,CAN,2025-12-11,BH,67,Female,Eligible,,Yes,2026-07-30T20:12:28.577992
SCR-007340,CRC-GLB-301,SITE-0041,INV-0082,DEU,2025-04-29,OH,72,Female,Eligible,,Yes,2026-07-30T20:12:28.577992
SCR-007341,CRC-GLB-301,SITE-0048,INV-0095,DEU,2025-01-07,UA,62,Female,Screen Failure,Inclusion Criteria Not Met,Yes,2026-07-30T20:12:28.577992
SCR-007342,CRC-GLB-301,SITE-0061,INV-0121,KEN,2025-07-13,EE,78,Female,Eligible,,Yes,2026-07-30T20:12:28.577992
SCR-007343,CRC-GLB-301,SITE-0005,INV-0009,IND,2025-09-09,QP,67,Female,Eligible,,Yes,2026-07-30T20:12:28.577992
SCR-007344,CRC-GLB-301,SITE-0024,INV-0047,USA,2025-01-04,EO,74,Male,Eligible,,Yes,2026-07-30T20:12:28.577992
SCR-007345,CRC-GLB-301,SITE-0004,INV-0008,IND,2025-05-08,LK,57,Female,Eligible,,Yes,2026-07-30T20:12:28.577992
SCR-007346,CRC-GLB-301,SITE-0006,INV-0012,IND,2025-11-29,QI,18,Male,Eligible,,Yes,2026-07-30T20:12:28.577992
SCR-007347,CRC-GLB-301,SITE-0052,INV-0104,ZAF,2025-04-23,TZ,48,Female,Eligible,,Yes,2026-07-30T20:12:28.577992
SCR-007348,CRC-GLB-301,SITE-0053,INV-0105,ZAF,2025-04-07,PU,40,Male,Eligible,,Yes,2026-07-30T20:12:28.577992
SCR-007349,CRC-GLB-301,SITE-0010,INV-0019,SGP,2025-09-18,MR,18,Male,Eligible,,Yes,2026-07-30T20:12:28.577992
SCR-007350,CRC-GLB-301,SITE-0018,INV-0035,USA,2025-01-29,JD,39,Male,Screen Failure,Exclusion Criteria Met,Yes,2026-07-30T20:12:28.577992
SCR-007351,CRC-GLB-301,SITE-0031,INV-0062,CAN,2025-07-16,ZB,85,Male,Eligible,,Yes,2026-07-30T20:12:28.577992
SCR-007352,CRC-GLB-301,SITE-0038,INV-0076,GBR,2025-07-16,BL,19,Male,Eligible,,Yes,2026-07-30T20:12:28.577992
SCR-007353,CRC-GLB-301,SITE-0037,INV-0074,GBR,2025-10-02,EV,63,Male,Eligible,,Yes,2026-07-30T20:12:28.577992
SCR-007354,CRC-GLB-301,SITE-0016,INV-0032,SGP,2025-04-09,OU,71,Female,Eligible,,Yes,2026-07-30T20:12:28.577992
SCR-007355,CRC-GLB-301,SITE-0008,INV-0016,IND,2025-09-21,NS,64,Female,Eligible,,Yes,2026-07-30T20:12:28.577992
SCR-007356,CRC-GLB-301,SITE-0055,INV-0109,ZAF,2025-04-04,MX,33,Female,Eligible,,Yes,2026-07-30T20:12:28.577992
SCR-007357,CRC-GLB-301,SITE-0003,INV-0005,IND,2025-01-28,DH,61,Male,Screen Failure,Abnormal Laboratory Values,Yes,2026-07-30T20:12:28.577992
SCR-007358,CRC-GLB-301,SITE-0051,INV-0101,ZAF,2025-08-26,UY,62,Male,Screen Failure,Exclusion Criteria Met,Yes,2026-07-30T20:12:28.577992
SCR-007359,CRC-GLB-301,SITE-0036,INV-0071,GBR,2025-12-05,ZL,50,Female,Eligible,,Yes,2026-07-30T20:12:28.577992
SCR-007360,CRC-GLB-301,SITE-0056,INV-0112,ZAF,2025-10-02,KM,50,Female,Screen Failure,Withdrew Consent,Yes,2026-07-30T20:12:28.577992
SCR-007361,CRC-GLB-301,SITE-0016,INV-0032,SGP,2025-03-26,SH,20,Male,Eligible,,Yes,2026-07-30T20:12:28.577992
SCR-007362,CRC-GLB-301,SITE-0002,INV-0003,IND,2025-04-19,TZ,51,Male,Eligible,,Yes,2026-07-30T20:12:28.577992
SCR-007363,CRC-GLB-301,SITE-0058,INV-0116,KEN,2025-09-08,TA,78,Male,Eligible,,Yes,2026-07-30T20:12:28.577992
SCR-007364,CRC-GLB-301,SITE-0023,INV-0045,USA,2025-03-17,IS,46,Male,Screen Failure,Exclusion Criteria Met,Yes,2026-07-30T20:12:28.577992
SCR-007365,CRC-GLB-301,SITE-0062,INV-0124,KEN,2025-03-26,QD,44,Male,Eligible,,Yes,2026-07-30T20:12:28.577992
SCR-007366,CRC-GLB-301,SITE-0035,INV-0070,GBR,2025-01-23,DH,78,Female,Eligible,,Yes,2026-07-30T20:12:28.577992
SCR-007367,CRC-GLB-301,SITE-0052,INV-0104,ZAF,2025-08-25,OK,73,Male,Eligible,,Yes,2026-07-30T20:12:28.577992
SCR-007368,CRC-GLB-301,SITE-0006,INV-0011,IND,2025-01-19,AJ,29,Male,Eligible,,Yes,2026-07-30T20:12:28.577992
SCR-007369,CRC-GLB-301,SITE-0049,INV-0097,ZAF,2025-11-26,TM,48,Male,Eligible,,Yes,2026-07-30T20:12:28.577992
SCR-007370,CRC-GLB-301,SITE-0027,INV-0054,CAN,2025-05-27,BK,67,Male,Screen Failure,Inclusion Criteria Not Met,Yes,2026-07-30T20:12:28.577992
SCR-007371,CRC-GLB-301,SITE-0012,INV-0024,SGP,2025-12-25,JJ,85,Male,Eligible,,Yes,2026-07-30T20:12:28.577992
SCR-007372,CRC-GLB-301,SITE-0003,INV-0006,IND,2025-07-09,MI,60,Male,Eligible,,Yes,2026-07-30T20:12:28.577992
SCR-007373,CRC-GLB-301,SITE-0028,INV-0055,CAN,2025-09-18,YF,35,Male,Eligible,,Yes,2026-07-30T20:12:28.577992
SCR-007374,CRC-GLB-301,SITE-0063,INV-0125,KEN,2025-12-07,TH,50,Female,Eligible,,Yes,2026-07-30T20:12:28.577992
SCR-007375,CRC-GLB-301,SITE-0041,INV-0081,DEU,2025-02-23,RQ,29,Male,Eligible,,Yes,2026-07-30T20:12:28.577992
SCR-007376,CRC-GLB-301,SITE-0047,INV-0094,DEU,2025-02-25,OI,46,Male,Eligible,,Yes,2026-07-30T20:12:28.577992
SCR-007377,CRC-GLB-301,SITE-0052,INV-0104,ZAF,2025-06-15,LB,75,Male,Eligible,,Yes,2026-07-30T20:12:28.577992
SCR-007378,CRC-GLB-301,SITE-0030,INV-0060,CAN,2025-12-05,AB,64,Male,Eligible,,Yes,2026-07-30T20:12:28.577992
SCR-007379,CRC-GLB-301,SITE-0052,INV-0103,ZAF,2025-06-27,HS,80,Male,Eligible,,Yes,2026-07-30T20:12:28.577992
SCR-007380,CRC-GLB-301,SITE-0024,INV-0048,USA,2025-10-23,GQ,37,Female,Eligible,,Yes,2026-07-30T20:12:28.577992
SCR-007381,CRC-GLB-301,SITE-0022,INV-0044,USA,2025-08-28,IW,18,Female,Eligible,,Yes,2026-07-30T20:12:28.577992
SCR-007382,CRC-GLB-301,SITE-0003,INV-0006,IND,2025-03-01,NQ,67,Male,Eligible,,Yes,2026-07-30T20:12:28.577992
SCR-007383,CRC-GLB-301,SITE-0047,INV-0094,DEU,2025-02-21,CT,41,Male,Screen Failure,Withdrew Consent,Yes,2026-07-30T20:12:28.577992
SCR-007384,CRC-GLB-301,SITE-0012,INV-0023,SGP,2025-09-04,IL,46,Female,Eligible,,Yes,2026-07-30T20:12:28.577992
SCR-007385,CRC-GLB-301,SITE-0031,INV-0061,CAN,2025-10-27,MF,43,Female,Eligible,,Yes,2026-07-30T20:12:28.577992
SCR-007386,CRC-GLB-301,SITE-0026,INV-0051,CAN,2025-05-15,PZ,35,Female,Eligible,,Yes,2026-07-30T20:12:28.577992
SCR-007387,CRC-GLB-301,SITE-0013,INV-0026,SGP,2025-03-03,RI,68,Female,Eligible,,Yes,2026-07-30T20:12:28.577992
SCR-007388,CRC-GLB-301,SITE-0028,INV-0056,CAN,2025-12-04,HP,66,Female,Screen Failure,Abnormal Laboratory Values,Yes,2026-07-30T20:12:28.577992
SCR-007389,CRC-GLB-301,SITE-0022,INV-0043,USA,2025-01-15,KV,37,Female,Eligible,,Yes,2026-07-30T20:12:28.577992
SCR-007390,CRC-GLB-301,SITE-0044,INV-0087,DEU,2025-01-28,AU,62,Male,Eligible,,Yes,2026-07-30T20:12:28.577992
SCR-007391,CRC-GLB-301,SITE-0059,INV-0118,KEN,2025-07-27,QY,50,Female,Eligible,,Yes,2026-07-30T20:12:28.577992
SCR-007392,CRC-GLB-301,SITE-0013,INV-0025,SGP,2025-09-17,NV,55,Male,Eligible,,Yes,2026-07-30T20:12:28.577992
SCR-007393,CRC-GLB-301,SITE-0011,INV-0021,SGP,2025-03-25,YV,74,Male,Screen Failure,Withdrew Consent,Yes,2026-07-30T20:12:28.577992
SCR-007394,CRC-GLB-301,SITE-0037,INV-0073,GBR,2025-09-12,PR,42,Male,Eligible,,Yes,2026-07-30T20:12:28.577992
SCR-007395,CRC-GLB-301,SITE-0011,INV-0021,SGP,2025-07-17,RC,80,Female,Eligible,,Yes,2026-07-30T20:12:28.577992
SCR-007396,CRC-GLB-301,SITE-0013,INV-0025,SGP,2025-01-04,FB,24,Female,Eligible,,Yes,2026-07-30T20:12:28.577992
SCR-007397,CRC-GLB-301,SITE-0029,INV-0058,CAN,2025-02-03,MI,51,Male,Eligible,,Yes,2026-07-30T20:12:28.577992
SCR-007398,CRC-GLB-301,SITE-0061,INV-0121,KEN,2025-11-24,NA,25,Male,Screen Failure,Abnormal Laboratory Values,Yes,2026-07-30T20:12:28.577992
SCR-007399,CRC-GLB-301,SITE-0002,INV-0003,IND,2025-04-27,GV,39,Male,Eligible,,Yes,2026-07-30T20:12:28.577992
SCR-007400,CRC-GLB-301,SITE-0036,INV-0071,GBR,2025-05-11,XC,49,Male,Eligible,,Yes,2026-07-30T20:12:28.577992
SCR-007401,CRC-GLB-301,SITE-0014,INV-0028,SGP,2025-12-05,QW,27,Male,Eligible,,Yes,2026-07-30T20:12:28.577992
SCR-007402,CRC-GLB-301,SITE-0060,INV-0120,KEN,2025-03-17,GG,75,Female,Eligible,,Yes,2026-07-30T20:12:28.577992
SCR-007403,CRC-GLB-301,SITE-0037,INV-0074,GBR,2025-07-13,BT,57,Female,Eligible,,Yes,2026-07-30T20:12:28.577992
SCR-007404,CRC-GLB-301,SITE-0013,INV-0026,SGP,2025-12-19,QT,43,Male,Eligible,,Yes,2026-07-30T20:12:28.577992
SCR-007405,CRC-GLB-301,SITE-0051,INV-0102,ZAF,2025-11-14,TI,23,Male,Eligible,,Yes,2026-07-30T20:12:28.577992
SCR-007406,CRC-GLB-301,SITE-0038,INV-0076,GBR,2025-12-19,DE,19,Male,Eligible,,Yes,2026-07-30T20:12:28.577992
SCR-007407,CRC-GLB-301,SITE-0029,INV-0057,CAN,2025-07-12,JD,78,Female,Eligible,,Yes,2026-07-30T20:12:28.577992
SCR-007408,CRC-GLB-301,SITE-0010,INV-0019,SGP,2025-07-26,KQ,33,Female,Screen Failure,Withdrew Consent,Yes,2026-07-30T20:12:28.577992
SCR-007409,CRC-GLB-301,SITE-0021,INV-0042,USA,2025-08-20,RR,82,Female,Eligible,,Yes,2026-07-30T20:12:28.577992
SCR-007410,CRC-GLB-301,SITE-0049,INV-0098,ZAF,2025-08-22,XU,72,Female,Eligible,,Yes,2026-07-30T20:12:28.577992
SCR-007411,CRC-GLB-301,SITE-0058,INV-0116,KEN,2025-12-06,YP,77,Female,Eligible,,Yes,2026-07-30T20:12:28.577992
SCR-007412,CRC-GLB-301,SITE-0056,INV-0112,ZAF,2025-04-20,RU,82,Male,Eligible,,Yes,2026-07-30T20:12:28.577992
SCR-007413,CRC-GLB-301,SITE-0006,INV-0012,IND,2025-06-12,AV,85,Male,Eligible,,Yes,2026-07-30T20:12:28.577992
SCR-007414,CRC-GLB-301,SITE-0025,INV-0049,CAN,2025-05-01,VF,48,Female,Screen Failure,Withdrew Consent,Yes,2026-07-30T20:12:28.577992
SCR-007415,CRC-GLB-301,SITE-0060,INV-0120,KEN,2025-12-20,CR,40,Female,Eligible,,Yes,2026-07-30T20:12:28.577992
SCR-007416,CRC-GLB-301,SITE-0064,INV-0128,KEN,2025-06-22,LL,65,Female,Eligible,,Yes,2026-07-30T20:12:28.577992
SCR-007417,CRC-GLB-301,SITE-0052,INV-0103,ZAF,2025-07-04,EZ,44,Male,Eligible,,Yes,2026-07-30T20:12:28.577992
SCR-007418,CRC-GLB-301,SITE-0009,INV-0017,SGP,2025-04-22,AI,74,Male,Eligible,,Yes,2026-07-30T20:12:28.577992
SCR-007419,CRC-GLB-301,SITE-0002,INV-0003,IND,2025-12-13,YP,62,Female,Eligible,,Yes,2026-07-30T20:12:28.577992
SCR-007420,CRC-GLB-301,SITE-0064,INV-0128,KEN,2025-11-13,TB,84,Male,Eligible,,Yes,2026-07-30T20:12:28.577992
SCR-007421,CRC-GLB-301,SITE-0064,INV-0127,KEN,2025-08-13,PP,26,Male,Eligible,,Yes,2026-07-30T20:12:28.577992
SCR-007422,CRC-GLB-301,SITE-0054,INV-0107,ZAF,2025-04-07,RQ,62,Female,Eligible,,Yes,2026-07-30T20:12:28.577992
SCR-007423,CRC-GLB-301,SITE-0029,INV-0058,CAN,2025-05-31,QO,80,Female,Eligible,,Yes,2026-07-30T20:12:28.577992
SCR-007424,CRC-GLB-301,SITE-0059,INV-0117,KEN,2025-11-23,OX,68,Female,Eligible,,Yes,2026-07-30T20:12:28.577992
SCR-007425,CRC-GLB-301,SITE-0016,INV-0031,SGP,2025-12-27,LU,55,Female,Eligible,,Yes,2026-07-30T20:12:28.577992
SCR-007426,CRC-GLB-301,SITE-0049,INV-0097,ZAF,2025-05-12,FJ,24,Female,Eligible,,Yes,2026-07-30T20:12:28.577992
SCR-007427,CRC-GLB-301,SITE-0014,INV-0028,SGP,2025-03-14,QU,68,Female,Eligible,,Yes,2026-07-30T20:12:28.577992
SCR-007428,CRC-GLB-301,SITE-0023,INV-0046,USA,2025-01-06,NJ,81,Male,Eligible,,Yes,2026-07-30T20:12:28.577992
SCR-007429,CRC-GLB-301,SITE-0011,INV-0021,SGP,2025-03-15,WJ,68,Female,Eligible,,Yes,2026-07-30T20:12:28.577992
SCR-007430,CRC-GLB-301,SITE-0058,INV-0115,KEN,2025-02-02,RQ,83,Female,Eligible,,Yes,2026-07-30T20:12:28.577992
SCR-007431,CRC-GLB-301,SITE-0016,INV-0032,SGP,2025-02-26,AU,38,Male,Eligible,,Yes,2026-07-30T20:12:28.577992
SCR-007432,CRC-GLB-301,SITE-0061,INV-0121,KEN,2025-09-22,WO,20,Male,Eligible,,Yes,2026-07-30T20:12:28.577992
SCR-007433,CRC-GLB-301,SITE-0023,INV-0045,USA,2025-05-05,CO,68,Male,Eligible,,Yes,2026-07-30T20:12:28.577992
SCR-007434,CRC-GLB-301,SITE-0041,INV-0081,DEU,2025-04-08,XK,29,Female,Eligible,,Yes,2026-07-30T20:12:28.577992
SCR-007435,CRC-GLB-301,SITE-0031,INV-0062,CAN,2025-02-16,YM,50,Male,Eligible,,Yes,2026-07-30T20:12:28.577992
SCR-007436,CRC-GLB-301,SITE-0036,INV-0072,GBR,2025-07-06,HC,41,Male,Screen Failure,Abnormal Laboratory Values,Yes,2026-07-30T20:12:28.577992
SCR-007437,CRC-GLB-301,SITE-0027,INV-0054,CAN,2025-07-06,PK,56,Male,Eligible,,Yes,2026-07-30T20:12:28.577992
SCR-007438,CRC-GLB-301,SITE-0045,INV-0090,DEU,2025-07-27,FR,66,Male,Eligible,,Yes,2026-07-30T20:12:28.577992
SCR-007439,CRC-GLB-301,SITE-0030,INV-0060,CAN,2025-06-07,NI,24,Female,Eligible,,Yes,2026-07-30T20:12:28.577992
SCR-007440,CRC-GLB-301,SITE-0038,INV-0076,GBR,2025-04-17,IX,58,Male,Eligible,,Yes,2026-07-30T20:12:28.577992
SCR-007441,CRC-GLB-301,SITE-0009,INV-0017,SGP,2025-07-31,JK,77,Male,Eligible,,Yes,2026-07-30T20:12:28.577992
SCR-007442,CRC-GLB-301,SITE-0051,INV-0102,ZAF,2025-11-11,LV,79,Female,Eligible,,Yes,2026-07-30T20:12:28.577992
SCR-007443,CRC-GLB-301,SITE-0013,INV-0025,SGP,2025-05-16,BU,37,Female,Eligible,,Yes,2026-07-30T20:12:28.577992
SCR-007444,CRC-GLB-301,SITE-0036,INV-0072,GBR,2025-05-21,UB,58,Male,Eligible,,Yes,2026-07-30T20:12:28.577992
SCR-007445,CRC-GLB-301,SITE-0045,INV-0089,DEU,2025-10-20,AG,62,Male,Eligible,,Yes,2026-07-30T20:12:28.577992
SCR-007446,CRC-GLB-301,SITE-0036,INV-0071,GBR,2025-07-13,YP,50,Female,Eligible,,Yes,2026-07-30T20:12:28.577992
SCR-007447,CRC-GLB-301,SITE-0047,INV-0093,DEU,2025-04-15,DL,24,Male,Eligible,,Yes,2026-07-30T20:12:28.577992
SCR-007448,CRC-GLB-301,SITE-0039,INV-0077,GBR,2025-03-30,LY,53,Male,Eligible,,Yes,2026-07-30T20:12:28.577992
SCR-007449,CRC-GLB-301,SITE-0034,INV-0068,GBR,2025-12-31,AP,30,Male,Eligible,,Yes,2026-07-30T20:12:28.577992
SCR-007450,CRC-GLB-301,SITE-0003,INV-0006,IND,2025-01-25,YC,67,Male,Eligible,,Yes,2026-07-30T20:12:28.577992
SCR-007451,CRC-GLB-301,SITE-0031,INV-0061,CAN,2025-12-04,GY,68,Male,Eligible,,Yes,2026-07-30T20:12:28.577992
SCR-007452,CRC-GLB-301,SITE-0041,INV-0081,DEU,2025-03-10,WL,80,Male,Eligible,,Yes,2026-07-30T20:12:28.577992
SCR-007453,CRC-GLB-301,SITE-0015,INV-0029,SGP,2025-12-29,HO,31,Male,Eligible,,Yes,2026-07-30T20:12:28.577992
SCR-007454,CRC-GLB-301,SITE-0028,INV-0055,CAN,2025-01-14,LW,32,Male,Eligible,,Yes,2026-07-30T20:12:28.577992
SCR-007455,CRC-GLB-301,SITE-0022,INV-0044,USA,2025-03-01,KO,81,Female,Screen Failure,Abnormal Laboratory Values,Yes,2026-07-30T20:12:28.577992
SCR-007456,CRC-GLB-301,SITE-0052,INV-0103,ZAF,2025-01-05,MV,30,Female,Screen Failure,Withdrew Consent,Yes,2026-07-30T20:12:28.577992
SCR-007457,CRC-GLB-301,SITE-0019,INV-0037,USA,2025-05-02,FZ,59,Male,Eligible,,Yes,2026-07-30T20:12:28.577992
SCR-007458,CRC-GLB-301,SITE-0032,INV-0063,CAN,2025-07-05,FX,49,Female,Eligible,,Yes,2026-07-30T20:12:28.577992
SCR-007459,CRC-GLB-301,SITE-0056,INV-0111,ZAF,2025-12-31,TW,35,Female,Eligible,,Yes,2026-07-30T20:12:28.577992
SCR-007460,CRC-GLB-301,SITE-0046,INV-0091,DEU,2025-05-20,SZ,21,Female,Eligible,,Yes,2026-07-30T20:12:28.577992
SCR-007461,CRC-GLB-301,SITE-0014,INV-0028,SGP,2025-08-17,RC,72,Male,Eligible,,Yes,2026-07-30T20:12:28.577992
SCR-007462,CRC-GLB-301,SITE-0023,INV-0045,USA,2025-10-02,QH,67,Male,Eligible,,Yes,2026-07-30T20:12:28.577992
SCR-007463,CRC-GLB-301,SITE-0013,INV-0026,SGP,2025-07-12,DM,45,Female,Screen Failure,Exclusion Criteria Met,Yes,2026-07-30T20:12:28.577992
SCR-007464,CRC-GLB-301,SITE-0037,INV-0074,GBR,2025-04-29,DS,45,Male,Eligible,,Yes,2026-07-30T20:12:28.577992
SCR-007465,CRC-GLB-301,SITE-0018,INV-0036,USA,2025-03-23,WF,45,Female,Eligible,,Yes,2026-07-30T20:12:28.577992
SCR-007466,CRC-GLB-301,SITE-0011,INV-0021,SGP,2025-06-24,GH,35,Female,Eligible,,Yes,2026-07-30T20:12:28.577992
SCR-007467,CRC-GLB-301,SITE-0036,INV-0072,GBR,2025-11-09,AG,54,Male,Screen Failure,Abnormal Laboratory Values,Yes,2026-07-30T20:12:28.577992
SCR-007468,CRC-GLB-301,SITE-0057,INV-0114,KEN,2025-06-09,FG,18,Female,Eligible,,Yes,2026-07-30T20:12:28.577992
SCR-007469,CRC-GLB-301,SITE-0059,INV-0118,KEN,2025-12-08,TK,59,Male,Eligible,,Yes,2026-07-30T20:12:28.577992
SCR-007470,CRC-GLB-301,SITE-0045,INV-0089,DEU,2025-04-01,PQ,52,Female,Eligible,,Yes,2026-07-30T20:12:28.577992
SCR-007471,CRC-GLB-301,SITE-0035,INV-0069,GBR,2025-07-11,DY,65,Female,Screen Failure,Abnormal Laboratory Values,Yes,2026-07-30T20:12:28.577992
SCR-007472,CRC-GLB-301,SITE-0001,INV-0002,IND,2025-09-05,IV,81,Male,Eligible,,Yes,2026-07-30T20:12:28.577992
SCR-007473,CRC-GLB-301,SITE-0016,INV-0032,SGP,2025-01-15,XL,62,Male,Screen Failure,Withdrew Consent,Yes,2026-07-30T20:12:28.577992
SCR-007474,CRC-GLB-301,SITE-0014,INV-0028,SGP,2025-03-30,EH,75,Female,Eligible,,Yes,2026-07-30T20:12:28.577992
SCR-007475,CRC-GLB-301,SITE-0016,INV-0032,SGP,2025-11-10,WO,78,Male,Eligible,,Yes,2026-07-30T20:12:28.577992
SCR-007476,CRC-GLB-301,SITE-0037,INV-0074,GBR,2025-10-27,ZL,62,Male,Eligible,,Yes,2026-07-30T20:12:28.577992
SCR-007477,CRC-GLB-301,SITE-0031,INV-0061,CAN,2025-06-15,TO,24,Male,Eligible,,Yes,2026-07-30T20:12:28.577992
SCR-007478,CRC-GLB-301,SITE-0023,INV-0045,USA,2025-08-31,QW,82,Male,Eligible,,Yes,2026-07-30T20:12:28.577992
SCR-007479,CRC-GLB-301,SITE-0022,INV-0043,USA,2025-07-02,EC,53,Male,Screen Failure,Exclusion Criteria Met,Yes,2026-07-30T20:12:28.577992
SCR-007480,CRC-GLB-301,SITE-0026,INV-0052,CAN,2025-12-14,GO,45,Male,Eligible,,Yes,2026-07-30T20:12:28.577992
SCR-007481,CRC-GLB-301,SITE-0021,INV-0042,USA,2025-10-25,DV,19,Male,Eligible,,Yes,2026-07-30T20:12:28.577992
SCR-007482,CRC-GLB-301,SITE-0041,INV-0081,DEU,2025-01-12,AR,39,Male,Eligible,,Yes,2026-07-30T20:12:28.577992
SCR-007483,CRC-GLB-301,SITE-0062,INV-0123,KEN,2025-07-04,VO,83,Male,Eligible,,Yes,2026-07-30T20:12:28.577992
SCR-007484,CRC-GLB-301,SITE-0043,INV-0086,DEU,2025-04-19,EU,47,Male,Eligible,,Yes,2026-07-30T20:12:28.577992
SCR-007485,CRC-GLB-301,SITE-0022,INV-0044,USA,2025-01-26,OW,77,Female,Eligible,,Yes,2026-07-30T20:12:28.577992
SCR-007486,CRC-GLB-301,SITE-0005,INV-0009,IND,2025-04-30,MN,80,Male,Eligible,,Yes,2026-07-30T20:12:28.577992
SCR-007487,CRC-GLB-301,SITE-0045,INV-0089,DEU,2025-07-14,OD,66,Male,Eligible,,Yes,2026-07-30T20:12:28.577992
SCR-007488,CRC-GLB-301,SITE-0048,INV-0095,DEU,2025-10-05,IY,28,Male,Screen Failure,Inclusion Criteria Not Met,Yes,2026-07-30T20:12:28.577992
SCR-007489,CRC-GLB-301,SITE-0018,INV-0036,USA,2025-07-16,ZA,76,Female,Eligible,,Yes,2026-07-30T20:12:28.577992
SCR-007490,CRC-GLB-301,SITE-0036,INV-0071,GBR,2025-08-15,CZ,25,Male,Screen Failure,Inclusion Criteria Not Met,Yes,2026-07-30T20:12:28.577992
SCR-007491,CRC-GLB-301,SITE-0052,INV-0104,ZAF,2025-09-14,SG,34,Female,Eligible,,Yes,2026-07-30T20:12:28.577992
SCR-007492,CRC-GLB-301,SITE-0003,INV-0005,IND,2025-03-16,IO,82,Female,Eligible,,Yes,2026-07-30T20:12:28.577992
SCR-007493,CRC-GLB-301,SITE-0027,INV-0054,CAN,2025-04-28,SZ,74,Female,Eligible,,Yes,2026-07-30T20:12:28.577992
SCR-007494,CRC-GLB-301,SITE-0063,INV-0125,KEN,2025-06-21,IY,41,Female,Eligible,,Yes,2026-07-30T20:12:28.577992
SCR-007495,CRC-GLB-301,SITE-0042,INV-0084,DEU,2025-10-25,HR,81,Male,Screen Failure,Inclusion Criteria Not Met,Yes,2026-07-30T20:12:28.577992
SCR-007496,CRC-GLB-301,SITE-0006,INV-0012,IND,2025-02-15,PC,24,Male,Eligible,,Yes,2026-07-30T20:12:28.577992
SCR-007497,CRC-GLB-301,SITE-0047,INV-0093,DEU,2025-04-23,KF,62,Male,Eligible,,Yes,2026-07-30T20:12:28.577992
SCR-007498,CRC-GLB-301,SITE-0015,INV-0030,SGP,2025-04-14,GY,29,Female,Screen Failure,Exclusion Criteria Met,Yes,2026-07-30T20:12:28.577992
SCR-007499,CRC-GLB-301,SITE-0042,INV-0084,DEU,2025-08-04,GY,52,Male,Eligible,,Yes,2026-07-30T20:12:28.577992
SCR-007500,CRC-GLB-301,SITE-0060,INV-0119,KEN,2025-07-12,CI,36,Male,Eligible,,Yes,2026-07-30T20:12:28.577992
SCR-007501,CRC-GLB-301,SITE-0015,INV-0030,SGP,2025-11-10,GS,32,Male,Eligible,,Yes,2026-07-30T20:12:28.577992
SCR-007502,CRC-GLB-301,SITE-0050,INV-0100,ZAF,2025-03-02,MG,67,Female,Screen Failure,Abnormal Laboratory Values,Yes,2026-07-30T20:12:28.577992
SCR-007503,CRC-GLB-301,SITE-0040,INV-0079,GBR,2025-05-23,FF,75,Female,Eligible,,Yes,2026-07-30T20:12:28.577992
SCR-007504,CRC-GLB-301,SITE-0003,INV-0005,IND,2025-12-25,CO,32,Male,Eligible,,Yes,2026-07-30T20:12:28.577992
SCR-007505,CRC-GLB-301,SITE-0001,INV-0002,IND,2025-05-07,OE,52,Male,Eligible,,Yes,2026-07-30T20:12:28.577992
SCR-007506,CRC-GLB-301,SITE-0021,INV-0042,USA,2025-05-16,ZO,58,Male,Screen Failure,Abnormal Laboratory Values,Yes,2026-07-30T20:12:28.577992
SCR-007507,CRC-GLB-301,SITE-0016,INV-0032,SGP,2025-09-14,RI,59,Male,Eligible,,Yes,2026-07-30T20:12:28.577992
SCR-007508,CRC-GLB-301,SITE-0058,INV-0115,KEN,2025-06-27,HG,23,Male,Eligible,,Yes,2026-07-30T20:12:28.577992
SCR-007509,CRC-GLB-301,SITE-0035,INV-0070,GBR,2025-11-05,SN,44,Male,Eligible,,Yes,2026-07-30T20:12:28.577992
SCR-007510,CRC-GLB-301,SITE-0037,INV-0074,GBR,2025-09-26,BW,22,Male,Screen Failure,Inclusion Criteria Not Met,Yes,2026-07-30T20:12:28.577992
SCR-007511,CRC-GLB-301,SITE-0054,INV-0108,ZAF,2025-11-10,OP,45,Male,Screen Failure,Withdrew Consent,Yes,2026-07-30T20:12:28.577992
SCR-007512,CRC-GLB-301,SITE-0025,INV-0049,CAN,2025-08-29,PT,67,Female,Screen Failure,Withdrew Consent,Yes,2026-07-30T20:12:28.577992
SCR-007513,CRC-GLB-301,SITE-0037,INV-0073,GBR,2025-12-25,GB,62,Male,Eligible,,Yes,2026-07-30T20:12:28.577992
SCR-007514,CRC-GLB-301,SITE-0044,INV-0087,DEU,2025-12-02,YH,84,Male,Eligible,,Yes,2026-07-30T20:12:28.577992
SCR-007515,CRC-GLB-301,SITE-0008,INV-0016,IND,2025-08-18,CO,74,Female,Eligible,,Yes,2026-07-30T20:12:28.577992
SCR-007516,CRC-GLB-301,SITE-0048,INV-0095,DEU,2025-06-16,PV,21,Female,Screen Failure,Inclusion Criteria Not Met,Yes,2026-07-30T20:12:28.577992
SCR-007517,CRC-GLB-301,SITE-0043,INV-0085,DEU,2025-09-13,HH,63,Male,Eligible,,Yes,2026-07-30T20:12:28.577992
SCR-007518,CRC-GLB-301,SITE-0025,INV-0049,CAN,2025-09-26,JV,73,Female,Eligible,,Yes,2026-07-30T20:12:28.577992
SCR-007519,CRC-GLB-301,SITE-0043,INV-0086,DEU,2025-05-11,XY,31,Male,Screen Failure,Exclusion Criteria Met,Yes,2026-07-30T20:12:28.577992
SCR-007520,CRC-GLB-301,SITE-0053,INV-0105,ZAF,2025-01-04,MX,66,Male,Eligible,,Yes,2026-07-30T20:12:28.577992
SCR-007521,CRC-GLB-301,SITE-0023,INV-0045,USA,2025-02-11,PB,45,Male,Eligible,,Yes,2026-07-30T20:12:28.577992
SCR-007522,CRC-GLB-301,SITE-0063,INV-0125,KEN,2025-08-26,TD,40,Female,Eligible,,Yes,2026-07-30T20:12:28.577992
SCR-007523,CRC-GLB-301,SITE-0043,INV-0085,DEU,2025-02-13,QS,32,Male,Eligible,,Yes,2026-07-30T20:12:28.577992
SCR-007524,CRC-GLB-301,SITE-0057,INV-0114,KEN,2025-08-03,CJ,30,Male,Eligible,,Yes,2026-07-30T20:12:28.577992
SCR-007525,CRC-GLB-301,SITE-0058,INV-0116,KEN,2025-06-09,DK,73,Male,Eligible,,Yes,2026-07-30T20:12:28.577992
SCR-007526,CRC-GLB-301,SITE-0008,INV-0016,IND,2025-12-04,YU,62,Female,Eligible,,Yes,2026-07-30T20:12:28.577992
SCR-007527,CRC-GLB-301,SITE-0053,INV-0106,ZAF,2025-09-12,CI,56,Female,Eligible,,Yes,2026-07-30T20:12:28.577992
SCR-007528,CRC-GLB-301,SITE-0039,INV-0078,GBR,2025-10-18,RU,29,Female,Eligible,,Yes,2026-07-30T20:12:28.577992
SCR-007529,CRC-GLB-301,SITE-0009,INV-0018,SGP,2025-10-21,WP,26,Female,Eligible,,Yes,2026-07-30T20:12:28.577992
SCR-007530,CRC-GLB-301,SITE-0004,INV-0007,IND,2025-06-21,HQ,57,Female,Eligible,,Yes,2026-07-30T20:12:28.577992
SCR-007531,CRC-GLB-301,SITE-0022,INV-0044,USA,2025-03-16,VK,49,Female,Eligible,,Yes,2026-07-30T20:12:28.577992
SCR-007532,CRC-GLB-301,SITE-0028,INV-0055,CAN,2025-08-23,XK,69,Female,Eligible,,Yes,2026-07-30T20:12:28.577992
SCR-007533,CRC-GLB-301,SITE-0046,INV-0091,DEU,2025-05-12,QE,48,Male,Eligible,,Yes,2026-07-30T20:12:28.577992
SCR-007534,CRC-GLB-301,SITE-0042,INV-0084,DEU,2025-10-29,PA,62,Male,Eligible,,Yes,2026-07-30T20:12:28.577992
SCR-007535,CRC-GLB-301,SITE-0014,INV-0027,SGP,2025-07-08,TU,74,Male,Screen Failure,Abnormal Laboratory Values,Yes,2026-07-30T20:12:28.577992
SCR-007536,CRC-GLB-301,SITE-0056,INV-0111,ZAF,2025-06-17,BU,71,Male,Eligible,,Yes,2026-07-30T20:12:28.577992
SCR-007537,CRC-GLB-301,SITE-0014,INV-0027,SGP,2025-08-24,DU,71,Male,Screen Failure,Exclusion Criteria Met,Yes,2026-07-30T20:12:28.577992
SCR-007538,CRC-GLB-301,SITE-0027,INV-0053,CAN,2025-07-03,EK,28,Female,Eligible,,Yes,2026-07-30T20:12:28.577992
SCR-007539,CRC-GLB-301,SITE-0058,INV-0115,KEN,2025-08-02,IN,44,Male,Eligible,,Yes,2026-07-30T20:12:28.577992
SCR-007540,CRC-GLB-301,SITE-0056,INV-0111,ZAF,2025-04-08,IU,35,Female,Eligible,,Yes,2026-07-30T20:12:28.577992
SCR-007541,CRC-GLB-301,SITE-0001,INV-0001,IND,2025-12-10,ZZ,34,Male,Eligible,,Yes,2026-07-30T20:12:28.577992
SCR-007542,CRC-GLB-301,SITE-0026,INV-0051,CAN,2025-11-26,QB,39,Female,Eligible,,Yes,2026-07-30T20:12:28.577992
SCR-007543,CRC-GLB-301,SITE-0029,INV-0057,CAN,2025-05-22,VW,69,Female,Eligible,,Yes,2026-07-30T20:12:28.577992
SCR-007544,CRC-GLB-301,SITE-0040,INV-0079,GBR,2025-02-18,OU,65,Male,Screen Failure,Withdrew Consent,Yes,2026-07-30T20:12:28.577992
SCR-007545,CRC-GLB-301,SITE-0030,INV-0059,CAN,2025-02-09,IH,82,Male,Eligible,,Yes,2026-07-30T20:12:28.577992
SCR-007546,CRC-GLB-301,SITE-0042,INV-0084,DEU,2025-04-01,YY,76,Female,Eligible,,Yes,2026-07-30T20:12:28.577992
SCR-007547,CRC-GLB-301,SITE-0025,INV-0049,CAN,2025-09-18,GY,48,Male,Eligible,,Yes,2026-07-30T20:12:28.577992
SCR-007548,CRC-GLB-301,SITE-0049,INV-0098,ZAF,2025-10-16,DI,71,Female,Eligible,,Yes,2026-07-30T20:12:28.577992
SCR-007549,CRC-GLB-301,SITE-0047,INV-0094,DEU,2025-07-13,JQ,44,Male,Screen Failure,Inclusion Criteria Not Met,Yes,2026-07-30T20:12:28.577992
SCR-007550,CRC-GLB-301,SITE-0027,INV-0053,CAN,2025-03-24,CT,83,Male,Eligible,,Yes,2026-07-30T20:12:28.577992
SCR-007551,CRC-GLB-301,SITE-0060,INV-0119,KEN,2025-09-20,EZ,60,Female,Screen Failure,Inclusion Criteria Not Met,Yes,2026-07-30T20:12:28.577992
SCR-007552,CRC-GLB-301,SITE-0063,INV-0126,KEN,2025-12-11,CD,65,Male,Eligible,,Yes,2026-07-30T20:12:28.577992
SCR-007553,CRC-GLB-301,SITE-0023,INV-0045,USA,2025-10-06,OZ,42,Female,Eligible,,Yes,2026-07-30T20:12:28.577992
SCR-007554,CRC-GLB-301,SITE-0002,INV-0003,IND,2025-08-29,OB,56,Female,Eligible,,Yes,2026-07-30T20:12:28.577992
SCR-007555,CRC-GLB-301,SITE-0044,INV-0088,DEU,2025-08-31,XT,66,Male,Eligible,,Yes,2026-07-30T20:12:28.577992
SCR-007556,CRC-GLB-301,SITE-0045,INV-0089,DEU,2025-07-30,LC,80,Male,Eligible,,Yes,2026-07-30T20:12:28.577992
SCR-007557,CRC-GLB-301,SITE-0018,INV-0035,USA,2025-04-27,HJ,79,Female,Eligible,,Yes,2026-07-30T20:12:28.577992
SCR-007558,CRC-GLB-301,SITE-0016,INV-0032,SGP,2025-06-24,JZ,40,Male,Eligible,,Yes,2026-07-30T20:12:28.577992
SCR-007559,CRC-GLB-301,SITE-0001,INV-0001,IND,2025-03-08,EZ,34,Male,Eligible,,Yes,2026-07-30T20:12:28.577992
SCR-007560,CRC-GLB-301,SITE-0058,INV-0115,KEN,2025-07-17,IZ,42,Female,Screen Failure,Withdrew Consent,Yes,2026-07-30T20:12:28.577992
SCR-007561,CRC-GLB-301,SITE-0011,INV-0022,SGP,2025-11-17,TX,26,Male,Eligible,,Yes,2026-07-30T20:12:28.577992
SCR-007562,CRC-GLB-301,SITE-0041,INV-0081,DEU,2025-11-11,ET,19,Male,Eligible,,Yes,2026-07-30T20:12:28.577992
SCR-007563,CRC-GLB-301,SITE-0008,INV-0016,IND,2025-08-30,LG,24,Male,Eligible,,Yes,2026-07-30T20:12:28.577992
SCR-007564,CRC-GLB-301,SITE-0012,INV-0024,SGP,2025-12-22,WG,23,Male,Eligible,,Yes,2026-07-30T20:12:28.577992
SCR-007565,CRC-GLB-301,SITE-0006,INV-0011,IND,2025-01-16,YT,68,Male,Eligible,,Yes,2026-07-30T20:12:28.577992
SCR-007566,CRC-GLB-301,SITE-0007,INV-0014,IND,2025-11-28,YI,61,Female,Screen Failure,Exclusion Criteria Met,Yes,2026-07-30T20:12:28.577992
SCR-007567,CRC-GLB-301,SITE-0054,INV-0108,ZAF,2025-02-15,AO,63,Male,Screen Failure,Abnormal Laboratory Values,Yes,2026-07-30T20:12:28.577992
SCR-007568,CRC-GLB-301,SITE-0061,INV-0121,KEN,2025-03-11,LS,85,Male,Eligible,,Yes,2026-07-30T20:12:28.577992
SCR-007569,CRC-GLB-301,SITE-0024,INV-0047,USA,2025-06-24,UE,52,Male,Screen Failure,Exclusion Criteria Met,Yes,2026-07-30T20:12:28.577992
SCR-007570,CRC-GLB-301,SITE-0063,INV-0126,KEN,2025-11-03,VS,63,Female,Eligible,,Yes,2026-07-30T20:12:28.577992
SCR-007571,CRC-GLB-301,SITE-0061,INV-0122,KEN,2025-06-11,IO,39,Male,Eligible,,Yes,2026-07-30T20:12:28.577992
SCR-007572,CRC-GLB-301,SITE-0033,INV-0066,GBR,2025-05-01,TE,55,Female,Eligible,,Yes,2026-07-30T20:12:28.577992
SCR-007573,CRC-GLB-301,SITE-0031,INV-0062,CAN,2025-08-21,GS,26,Male,Eligible,,Yes,2026-07-30T20:12:28.577992
SCR-007574,CRC-GLB-301,SITE-0052,INV-0103,ZAF,2025-09-18,GU,33,Male,Eligible,,Yes,2026-07-30T20:12:28.577992
SCR-007575,CRC-GLB-301,SITE-0019,INV-0037,USA,2025-04-20,QG,52,Female,Eligible,,Yes,2026-07-30T20:12:28.577992
SCR-007576,CRC-GLB-301,SITE-0036,INV-0072,GBR,2025-12-08,UN,85,Female,Eligible,,Yes,2026-07-30T20:12:28.577992
SCR-007577,CRC-GLB-301,SITE-0051,INV-0102,ZAF,2025-06-04,ZC,51,Male,Eligible,,Yes,2026-07-30T20:12:28.577992
SCR-007578,CRC-GLB-301,SITE-0016,INV-0032,SGP,2025-08-26,DT,29,Female,Eligible,,Yes,2026-07-30T20:12:28.577992
SCR-007579,CRC-GLB-301,SITE-0017,INV-0034,USA,2025-09-03,BF,28,Female,Screen Failure,Inclusion Criteria Not Met,Yes,2026-07-30T20:12:28.577992
SCR-007580,CRC-GLB-301,SITE-0030,INV-0059,CAN,2025-08-14,KH,68,Male,Eligible,,Yes,2026-07-30T20:12:28.577992
SCR-007581,CRC-GLB-301,SITE-0017,INV-0033,USA,2025-11-04,JG,36,Female,Eligible,,Yes,2026-07-30T20:12:28.577992
SCR-007582,CRC-GLB-301,SITE-0015,INV-0029,SGP,2025-08-15,EZ,70,Female,Eligible,,Yes,2026-07-30T20:12:28.577992
SCR-007583,CRC-GLB-301,SITE-0057,INV-0113,KEN,2025-01-31,YZ,76,Male,Eligible,,Yes,2026-07-30T20:12:28.577992
SCR-007584,CRC-GLB-301,SITE-0031,INV-0061,CAN,2025-05-11,KK,24,Female,Eligible,,Yes,2026-07-30T20:12:28.577992
SCR-007585,CRC-GLB-301,SITE-0044,INV-0087,DEU,2025-10-16,DP,42,Male,Eligible,,Yes,2026-07-30T20:12:28.577992
SCR-007586,CRC-GLB-301,SITE-0011,INV-0021,SGP,2025-06-14,AG,82,Female,Eligible,,Yes,2026-07-30T20:12:28.577992
SCR-007587,CRC-GLB-301,SITE-0042,INV-0084,DEU,2025-01-06,JK,33,Female,Eligible,,Yes,2026-07-30T20:12:28.577992
SCR-007588,CRC-GLB-301,SITE-0013,INV-0025,SGP,2025-05-16,KL,82,Female,Eligible,,Yes,2026-07-30T20:12:28.577992
SCR-007589,CRC-GLB-301,SITE-0051,INV-0102,ZAF,2025-03-24,BY,68,Male,Eligible,,Yes,2026-07-30T20:12:28.577992
SCR-007590,CRC-GLB-301,SITE-0060,INV-0119,KEN,2025-06-08,FN,33,Female,Eligible,,Yes,2026-07-30T20:12:28.577992
SCR-007591,CRC-GLB-301,SITE-0035,INV-0070,GBR,2025-07-29,WZ,28,Female,Eligible,,Yes,2026-07-30T20:12:28.577992
SCR-007592,CRC-GLB-301,SITE-0058,INV-0116,KEN,2025-11-29,AH,67,Male,Screen Failure,Exclusion Criteria Met,Yes,2026-07-30T20:12:28.577992
SCR-007593,CRC-GLB-301,SITE-0032,INV-0064,CAN,2025-06-14,II,18,Male,Eligible,,Yes,2026-07-30T20:12:28.577992
SCR-007594,CRC-GLB-301,SITE-0017,INV-0033,USA,2025-02-07,XZ,84,Female,Screen Failure,Exclusion Criteria Met,Yes,2026-07-30T20:12:28.577992
SCR-007595,CRC-GLB-301,SITE-0013,INV-0025,SGP,2025-02-10,DB,63,Male,Eligible,,Yes,2026-07-30T20:12:28.577992
SCR-007596,CRC-GLB-301,SITE-0008,INV-0015,IND,2025-10-17,SQ,41,Male,Screen Failure,Inclusion Criteria Not Met,Yes,2026-07-30T20:12:28.577992
SCR-007597,CRC-GLB-301,SITE-0006,INV-0011,IND,2025-06-08,WV,72,Female,Eligible,,Yes,2026-07-30T20:12:28.577992
SCR-007598,CRC-GLB-301,SITE-0057,INV-0113,KEN,2025-12-15,KN,38,Male,Eligible,,Yes,2026-07-30T20:12:28.577992
SCR-007599,CRC-GLB-301,SITE-0049,INV-0098,ZAF,2025-05-29,BY,18,Female,Screen Failure,Withdrew Consent,Yes,2026-07-30T20:12:28.577992
SCR-007600,CRC-GLB-301,SITE-0063,INV-0125,KEN,2025-06-17,RH,70,Male,Eligible,,Yes,2026-07-30T20:12:28.577992
SCR-007601,CRC-GLB-301,SITE-0047,INV-0094,DEU,2025-10-30,AC,29,Male,Eligible,,Yes,2026-07-30T20:12:28.577992
SCR-007602,CRC-GLB-301,SITE-0047,INV-0094,DEU,2025-04-07,BE,46,Female,Eligible,,Yes,2026-07-30T20:12:28.577992
SCR-007603,CRC-GLB-301,SITE-0026,INV-0052,CAN,2025-05-13,KP,77,Male,Eligible,,Yes,2026-07-30T20:12:28.577992
SCR-007604,CRC-GLB-301,SITE-0055,INV-0110,ZAF,2025-08-11,HA,29,Female,Screen Failure,Abnormal Laboratory Values,Yes,2026-07-30T20:12:28.577992
SCR-007605,CRC-GLB-301,SITE-0023,INV-0045,USA,2025-03-03,BS,60,Female,Eligible,,Yes,2026-07-30T20:12:28.577992
SCR-007606,CRC-GLB-301,SITE-0024,INV-0047,USA,2025-06-27,JZ,38,Male,Eligible,,Yes,2026-07-30T20:12:28.577992
SCR-007607,CRC-GLB-301,SITE-0051,INV-0102,ZAF,2025-06-30,IE,54,Female,Eligible,,Yes,2026-07-30T20:12:28.577992
SCR-007608,CRC-GLB-301,SITE-0002,INV-0004,IND,2025-09-25,VS,24,Female,Eligible,,Yes,2026-07-30T20:12:28.577992
SCR-007609,CRC-GLB-301,SITE-0021,INV-0041,USA,2025-10-14,NU,43,Male,Eligible,,Yes,2026-07-30T20:12:28.577992
SCR-007610,CRC-GLB-301,SITE-0053,INV-0106,ZAF,2025-09-16,PA,21,Female,Eligible,,Yes,2026-07-30T20:12:28.577992
SCR-007611,CRC-GLB-301,SITE-0044,INV-0087,DEU,2025-09-29,IY,43,Male,Eligible,,Yes,2026-07-30T20:12:28.577992
SCR-007612,CRC-GLB-301,SITE-0041,INV-0081,DEU,2025-12-05,FZ,31,Female,Eligible,,Yes,2026-07-30T20:12:28.577992
SCR-007613,CRC-GLB-301,SITE-0013,INV-0026,SGP,2025-12-01,LL,38,Female,Screen Failure,Exclusion Criteria Met,Yes,2026-07-30T20:12:28.577992
SCR-007614,CRC-GLB-301,SITE-0034,INV-0067,GBR,2025-01-15,BZ,62,Male,Eligible,,Yes,2026-07-30T20:12:28.577992
SCR-007615,CRC-GLB-301,SITE-0024,INV-0048,USA,2025-01-03,XL,47,Female,Eligible,,Yes,2026-07-30T20:12:28.577992
SCR-007616,CRC-GLB-301,SITE-0061,INV-0121,KEN,2025-01-25,YN,30,Female,Eligible,,Yes,2026-07-30T20:12:28.577992
SCR-007617,CRC-GLB-301,SITE-0004,INV-0008,IND,2025-05-16,EV,75,Female,Eligible,,Yes,2026-07-30T20:12:28.577992
SCR-007618,CRC-GLB-301,SITE-0006,INV-0012,IND,2025-02-23,TM,31,Female,Eligible,,Yes,2026-07-30T20:12:28.577992
SCR-007619,CRC-GLB-301,SITE-0001,INV-0002,IND,2025-10-23,TW,27,Female,Screen Failure,Withdrew Consent,Yes,2026-07-30T20:12:28.577992
SCR-007620,CRC-GLB-301,SITE-0052,INV-0103,ZAF,2025-03-10,PY,43,Female,Eligible,,Yes,2026-07-30T20:12:28.577992
SCR-007621,CRC-GLB-301,SITE-0005,INV-0009,IND,2025-10-11,NR,57,Female,Screen Failure,Withdrew Consent,Yes,2026-07-30T20:12:28.577992
SCR-007622,CRC-GLB-301,SITE-0052,INV-0103,ZAF,2025-04-28,AQ,57,Female,Eligible,,Yes,2026-07-30T20:12:28.577992
SCR-007623,CRC-GLB-301,SITE-0013,INV-0026,SGP,2025-02-22,XR,41,Female,Eligible,,Yes,2026-07-30T20:12:28.577992
SCR-007624,CRC-GLB-301,SITE-0018,INV-0036,USA,2025-07-14,MV,53,Male,Eligible,,Yes,2026-07-30T20:12:28.577992
SCR-007625,CRC-GLB-301,SITE-0056,INV-0112,ZAF,2025-05-04,UH,70,Female,Eligible,,Yes,2026-07-30T20:12:28.577992
SCR-007626,CRC-GLB-301,SITE-0057,INV-0114,KEN,2025-08-03,FL,66,Female,Eligible,,Yes,2026-07-30T20:12:28.577992
SCR-007627,CRC-GLB-301,SITE-0031,INV-0062,CAN,2025-12-01,ZC,69,Female,Screen Failure,Inclusion Criteria Not Met,Yes,2026-07-30T20:12:28.577992
SCR-007628,CRC-GLB-301,SITE-0048,INV-0095,DEU,2025-06-09,BM,73,Female,Eligible,,Yes,2026-07-30T20:12:28.577992
SCR-007629,CRC-GLB-301,SITE-0039,INV-0078,GBR,2025-06-11,KG,44,Male,Screen Failure,Exclusion Criteria Met,Yes,2026-07-30T20:12:28.577992
SCR-007630,CRC-GLB-301,SITE-0042,INV-0083,DEU,2025-01-06,DC,39,Male,Eligible,,Yes,2026-07-30T20:12:28.577992
SCR-007631,CRC-GLB-301,SITE-0016,INV-0032,SGP,2025-10-20,RB,27,Male,Eligible,,Yes,2026-07-30T20:12:28.577992
SCR-007632,CRC-GLB-301,SITE-0011,INV-0021,SGP,2025-03-08,BC,76,Female,Eligible,,Yes,2026-07-30T20:12:28.577992
SCR-007633,CRC-GLB-301,SITE-0060,INV-0120,KEN,2025-12-25,OZ,78,Female,Eligible,,Yes,2026-07-30T20:12:28.577992
SCR-007634,CRC-GLB-301,SITE-0013,INV-0026,SGP,2025-04-07,UB,26,Male,Screen Failure,Exclusion Criteria Met,Yes,2026-07-30T20:12:28.577992
SCR-007635,CRC-GLB-301,SITE-0033,INV-0066,GBR,2025-12-22,OG,79,Male,Eligible,,Yes,2026-07-30T20:12:28.577992
SCR-007636,CRC-GLB-301,SITE-0004,INV-0008,IND,2025-01-23,PL,64,Female,Eligible,,Yes,2026-07-30T20:12:28.577992
SCR-007637,CRC-GLB-301,SITE-0035,INV-0069,GBR,2025-07-29,SE,53,Male,Eligible,,Yes,2026-07-30T20:12:28.577992
SCR-007638,CRC-GLB-301,SITE-0040,INV-0080,GBR,2025-02-01,YK,31,Female,Eligible,,Yes,2026-07-30T20:12:28.577992
SCR-007639,CRC-GLB-301,SITE-0038,INV-0076,GBR,2025-07-27,LQ,18,Female,Eligible,,Yes,2026-07-30T20:12:28.577992
SCR-007640,CRC-GLB-301,SITE-0023,INV-0046,USA,2025-03-18,DT,48,Male,Eligible,,Yes,2026-07-30T20:12:28.577992
SCR-007641,CRC-GLB-301,SITE-0057,INV-0113,KEN,2025-09-18,WY,48,Male,Eligible,,Yes,2026-07-30T20:12:28.577992
SCR-007642,CRC-GLB-301,SITE-0039,INV-0078,GBR,2025-06-29,FL,64,Male,Eligible,,Yes,2026-07-30T20:12:28.577992
SCR-007643,CRC-GLB-301,SITE-0023,INV-0045,USA,2025-12-19,FN,59,Female,Eligible,,Yes,2026-07-30T20:12:28.577992
SCR-007644,CRC-GLB-301,SITE-0006,INV-0011,IND,2025-10-13,HA,37,Female,Eligible,,Yes,2026-07-30T20:12:28.577992
SCR-007645,CRC-GLB-301,SITE-0026,INV-0052,CAN,2025-12-21,DJ,53,Female,Eligible,,Yes,2026-07-30T20:12:28.577992
SCR-007646,CRC-GLB-301,SITE-0014,INV-0028,SGP,2025-08-23,PG,76,Female,Eligible,,Yes,2026-07-30T20:12:28.577992
SCR-007647,CRC-GLB-301,SITE-0011,INV-0022,SGP,2025-05-01,XQ,39,Female,Eligible,,Yes,2026-07-30T20:12:28.577992
SCR-007648,CRC-GLB-301,SITE-0003,INV-0006,IND,2025-01-11,XU,34,Male,Eligible,,Yes,2026-07-30T20:12:28.577992
SCR-007649,CRC-GLB-301,SITE-0019,INV-0037,USA,2025-12-16,AR,40,Female,Eligible,,Yes,2026-07-30T20:12:28.577992
SCR-007650,CRC-GLB-301,SITE-0002,INV-0004,IND,2025-11-23,MU,35,Female,Eligible,,Yes,2026-07-30T20:12:28.577992
SCR-007651,CRC-GLB-301,SITE-0055,INV-0110,ZAF,2025-11-20,IA,36,Male,Eligible,,Yes,2026-07-30T20:12:28.577992
SCR-007652,CRC-GLB-301,SITE-0024,INV-0047,USA,2025-03-03,DO,69,Male,Eligible,,Yes,2026-07-30T20:12:28.577992
SCR-007653,CRC-GLB-301,SITE-0027,INV-0054,CAN,2025-10-02,VU,40,Male,Eligible,,Yes,2026-07-30T20:12:28.577992
SCR-007654,CRC-GLB-301,SITE-0030,INV-0059,CAN,2025-03-15,FG,52,Male,Screen Failure,Withdrew Consent,Yes,2026-07-30T20:12:28.577992
SCR-007655,CRC-GLB-301,SITE-0051,INV-0101,ZAF,2025-09-22,FN,28,Female,Eligible,,Yes,2026-07-30T20:12:28.577992
SCR-007656,CRC-GLB-301,SITE-0035,INV-0069,GBR,2025-12-10,ER,42,Male,Eligible,,Yes,2026-07-30T20:12:28.577992
SCR-007657,CRC-GLB-301,SITE-0023,INV-0046,USA,2025-08-06,TZ,33,Female,Eligible,,Yes,2026-07-30T20:12:28.577992
SCR-007658,CRC-GLB-301,SITE-0011,INV-0021,SGP,2025-09-18,ST,69,Male,Eligible,,Yes,2026-07-30T20:12:28.577992
SCR-007659,CRC-GLB-301,SITE-0019,INV-0037,USA,2025-05-03,QL,58,Male,Eligible,,Yes,2026-07-30T20:12:28.577992
SCR-007660,CRC-GLB-301,SITE-0011,INV-0022,SGP,2025-06-26,RV,50,Female,Eligible,,Yes,2026-07-30T20:12:28.577992
SCR-007661,CRC-GLB-301,SITE-0017,INV-0033,USA,2025-09-02,AB,51,Female,Eligible,,Yes,2026-07-30T20:12:28.577992
SCR-007662,CRC-GLB-301,SITE-0034,INV-0068,GBR,2025-03-26,XR,75,Male,Eligible,,Yes,2026-07-30T20:12:28.577992
SCR-007663,CRC-GLB-301,SITE-0005,INV-0009,IND,2025-09-09,GW,64,Male,Eligible,,Yes,2026-07-30T20:12:28.577992
SCR-007664,CRC-GLB-301,SITE-0028,INV-0056,CAN,2025-05-18,WD,24,Male,Eligible,,Yes,2026-07-30T20:12:28.577992
SCR-007665,CRC-GLB-301,SITE-0052,INV-0103,ZAF,2025-11-28,UG,76,Female,Eligible,,Yes,2026-07-30T20:12:28.577992
SCR-007666,CRC-GLB-301,SITE-0032,INV-0064,CAN,2025-12-07,JT,82,Female,Eligible,,Yes,2026-07-30T20:12:28.577992
SCR-007667,CRC-GLB-301,SITE-0057,INV-0114,KEN,2025-02-17,SX,58,Female,Eligible,,Yes,2026-07-30T20:12:28.577992
SCR-007668,CRC-GLB-301,SITE-0030,INV-0059,CAN,2025-04-30,IF,45,Female,Eligible,,Yes,2026-07-30T20:12:28.577992
SCR-007669,CRC-GLB-301,SITE-0005,INV-0009,IND,2025-10-01,SZ,55,Male,Screen Failure,Exclusion Criteria Met,Yes,2026-07-30T20:12:28.577992
SCR-007670,CRC-GLB-301,SITE-0042,INV-0084,DEU,2025-11-01,TR,76,Female,Eligible,,Yes,2026-07-30T20:12:28.577992
SCR-007671,CRC-GLB-301,SITE-0014,INV-0027,SGP,2025-08-26,YX,33,Male,Eligible,,Yes,2026-07-30T20:12:28.577992
SCR-007672,CRC-GLB-301,SITE-0006,INV-0012,IND,2025-11-07,QE,22,Female,Eligible,,Yes,2026-07-30T20:12:28.577992
SCR-007673,CRC-GLB-301,SITE-0021,INV-0041,USA,2025-12-03,DL,72,Male,Screen Failure,Abnormal Laboratory Values,Yes,2026-07-30T20:12:28.577992
SCR-007674,CRC-GLB-301,SITE-0058,INV-0115,KEN,2025-08-17,DC,20,Male,Eligible,,Yes,2026-07-30T20:12:28.577992
SCR-007675,CRC-GLB-301,SITE-0015,INV-0030,SGP,2025-06-14,QI,68,Female,Eligible,,Yes,2026-07-30T20:12:28.577992
SCR-007676,CRC-GLB-301,SITE-0059,INV-0118,KEN,2025-09-03,GC,71,Female,Eligible,,Yes,2026-07-30T20:12:28.577992
SCR-007677,CRC-GLB-301,SITE-0039,INV-0078,GBR,2025-05-14,RU,83,Male,Eligible,,Yes,2026-07-30T20:12:28.577992
SCR-007678,CRC-GLB-301,SITE-0063,INV-0125,KEN,2025-09-07,QN,83,Male,Screen Failure,Withdrew Consent,Yes,2026-07-30T20:12:28.577992
SCR-007679,CRC-GLB-301,SITE-0031,INV-0061,CAN,2025-03-26,ZZ,35,Male,Eligible,,Yes,2026-07-30T20:12:28.577992
SCR-007680,CRC-GLB-301,SITE-0001,INV-0001,IND,2025-10-14,FH,79,Male,Eligible,,Yes,2026-07-30T20:12:28.577992
SCR-007681,CRC-GLB-301,SITE-0041,INV-0082,DEU,2025-04-11,QF,47,Male,Screen Failure,Inclusion Criteria Not Met,Yes,2026-07-30T20:12:28.577992
SCR-007682,CRC-GLB-301,SITE-0025,INV-0050,CAN,2025-05-18,FV,49,Female,Eligible,,Yes,2026-07-30T20:12:28.577992
SCR-007683,CRC-GLB-301,SITE-0029,INV-0057,CAN,2025-03-19,YO,21,Female,Eligible,,Yes,2026-07-30T20:12:28.577992
SCR-007684,CRC-GLB-301,SITE-0014,INV-0028,SGP,2025-12-26,JW,77,Male,Eligible,,Yes,2026-07-30T20:12:28.577992
SCR-007685,CRC-GLB-301,SITE-0018,INV-0035,USA,2025-11-25,PW,79,Male,Eligible,,Yes,2026-07-30T20:12:28.577992
SCR-007686,CRC-GLB-301,SITE-0019,INV-0037,USA,2025-12-25,RV,68,Male,Eligible,,Yes,2026-07-30T20:12:28.577992
SCR-007687,CRC-GLB-301,SITE-0013,INV-0025,SGP,2025-08-03,EH,72,Female,Eligible,,Yes,2026-07-30T20:12:28.577992
SCR-007688,CRC-GLB-301,SITE-0054,INV-0107,ZAF,2025-01-21,TO,67,Male,Eligible,,Yes,2026-07-30T20:12:28.577992
SCR-007689,CRC-GLB-301,SITE-0033,INV-0066,GBR,2025-09-03,BQ,70,Female,Eligible,,Yes,2026-07-30T20:12:28.577992
SCR-007690,CRC-GLB-301,SITE-0035,INV-0070,GBR,2025-03-03,OC,31,Female,Screen Failure,Inclusion Criteria Not Met,Yes,2026-07-30T20:12:28.577992
SCR-007691,CRC-GLB-301,SITE-0034,INV-0067,GBR,2025-08-14,UE,60,Female,Eligible,,Yes,2026-07-30T20:12:28.577992
SCR-007692,CRC-GLB-301,SITE-0030,INV-0059,CAN,2025-09-16,TN,35,Female,Screen Failure,Inclusion Criteria Not Met,Yes,2026-07-30T20:12:28.577992
SCR-007693,CRC-GLB-301,SITE-0039,INV-0077,GBR,2025-04-25,AE,78,Male,Eligible,,Yes,2026-07-30T20:12:28.577992
SCR-007694,CRC-GLB-301,SITE-0063,INV-0126,KEN,2025-03-23,CI,39,Female,Eligible,,Yes,2026-07-30T20:12:28.577992
SCR-007695,CRC-GLB-301,SITE-0019,INV-0037,USA,2025-03-03,SF,26,Female,Screen Failure,Inclusion Criteria Not Met,Yes,2026-07-30T20:12:28.577992
SCR-007696,CRC-GLB-301,SITE-0050,INV-0099,ZAF,2025-10-05,EM,64,Female,Eligible,,Yes,2026-07-30T20:12:28.577992
SCR-007697,CRC-GLB-301,SITE-0017,INV-0034,USA,2025-08-14,MQ,83,Female,Eligible,,Yes,2026-07-30T20:12:28.577992
SCR-007698,CRC-GLB-301,SITE-0053,INV-0105,ZAF,2025-06-30,EY,68,Female,Eligible,,Yes,2026-07-30T20:12:28.577992
SCR-007699,CRC-GLB-301,SITE-0057,INV-0114,KEN,2025-02-01,PU,47,Female,Eligible,,Yes,2026-07-30T20:12:28.577992
SCR-007700,CRC-GLB-301,SITE-0056,INV-0112,ZAF,2025-02-18,LH,69,Male,Eligible,,Yes,2026-07-30T20:12:28.577992
SCR-007701,CRC-GLB-301,SITE-0017,INV-0033,USA,2025-09-03,TK,20,Female,Screen Failure,Withdrew Consent,Yes,2026-07-30T20:12:28.577992
SCR-007702,CRC-GLB-301,SITE-0031,INV-0061,CAN,2025-10-06,XC,19,Male,Eligible,,Yes,2026-07-30T20:12:28.577992
SCR-007703,CRC-GLB-301,SITE-0005,INV-0010,IND,2025-12-26,MG,32,Male,Eligible,,Yes,2026-07-30T20:12:28.577992
SCR-007704,CRC-GLB-301,SITE-0053,INV-0105,ZAF,2025-09-02,QB,80,Male,Eligible,,Yes,2026-07-30T20:12:28.577992
SCR-007705,CRC-GLB-301,SITE-0027,INV-0053,CAN,2025-04-06,IT,29,Male,Eligible,,Yes,2026-07-30T20:12:28.577992
SCR-007706,CRC-GLB-301,SITE-0030,INV-0059,CAN,2025-03-24,MW,55,Female,Eligible,,Yes,2026-07-30T20:12:28.577992
SCR-007707,CRC-GLB-301,SITE-0034,INV-0068,GBR,2025-05-26,TX,38,Female,Eligible,,Yes,2026-07-30T20:12:28.577992
SCR-007708,CRC-GLB-301,SITE-0064,INV-0127,KEN,2025-05-29,HL,76,Male,Eligible,,Yes,2026-07-30T20:12:28.577992
SCR-007709,CRC-GLB-301,SITE-0059,INV-0118,KEN,2025-01-13,KK,67,Female,Eligible,,Yes,2026-07-30T20:12:28.577992
SCR-007710,CRC-GLB-301,SITE-0034,INV-0067,GBR,2025-12-15,UD,78,Female,Screen Failure,Inclusion Criteria Not Met,Yes,2026-07-30T20:12:28.577992
SCR-007711,CRC-GLB-301,SITE-0022,INV-0043,USA,2025-08-20,JV,34,Female,Eligible,,Yes,2026-07-30T20:12:28.577992
SCR-007712,CRC-GLB-301,SITE-0027,INV-0053,CAN,2025-10-06,MW,81,Male,Eligible,,Yes,2026-07-30T20:12:28.577992
SCR-007713,CRC-GLB-301,SITE-0009,INV-0017,SGP,2025-09-14,ZE,28,Male,Eligible,,Yes,2026-07-30T20:12:28.577992
SCR-007714,CRC-GLB-301,SITE-0052,INV-0103,ZAF,2025-06-11,UZ,32,Female,Eligible,,Yes,2026-07-30T20:12:28.577992
SCR-007715,CRC-GLB-301,SITE-0056,INV-0112,ZAF,2025-02-08,AY,67,Male,Eligible,,Yes,2026-07-30T20:12:28.577992
SCR-007716,CRC-GLB-301,SITE-0022,INV-0044,USA,2025-11-08,FI,34,Female,Screen Failure,Inclusion Criteria Not Met,Yes,2026-07-30T20:12:28.577992
SCR-007717,CRC-GLB-301,SITE-0038,INV-0075,GBR,2025-09-07,RU,41,Female,Eligible,,Yes,2026-07-30T20:12:28.577992
SCR-007718,CRC-GLB-301,SITE-0004,INV-0007,IND,2025-07-01,XD,23,Female,Screen Failure,Exclusion Criteria Met,Yes,2026-07-30T20:12:28.577992
SCR-007719,CRC-GLB-301,SITE-0032,INV-0063,CAN,2025-01-24,OB,38,Male,Eligible,,Yes,2026-07-30T20:12:28.577992
SCR-007720,CRC-GLB-301,SITE-0020,INV-0040,USA,2025-11-13,KK,77,Male,Screen Failure,Withdrew Consent,Yes,2026-07-30T20:12:28.577992
SCR-007721,CRC-GLB-301,SITE-0004,INV-0007,IND,2025-02-19,MP,52,Male,Eligible,,Yes,2026-07-30T20:12:28.577992
SCR-007722,CRC-GLB-301,SITE-0028,INV-0056,CAN,2025-02-11,FK,51,Male,Screen Failure,Abnormal Laboratory Values,Yes,2026-07-30T20:12:28.577992
SCR-007723,CRC-GLB-301,SITE-0039,INV-0077,GBR,2025-11-01,TM,30,Female,Eligible,,Yes,2026-07-30T20:12:28.577992
SCR-007724,CRC-GLB-301,SITE-0042,INV-0083,DEU,2025-11-16,DN,52,Female,Eligible,,Yes,2026-07-30T20:12:28.577992
SCR-007725,CRC-GLB-301,SITE-0045,INV-0089,DEU,2025-02-16,XG,65,Female,Screen Failure,Abnormal Laboratory Values,Yes,2026-07-30T20:12:28.577992
SCR-007726,CRC-GLB-301,SITE-0038,INV-0076,GBR,2025-11-21,UP,45,Female,Eligible,,Yes,2026-07-30T20:12:28.577992
SCR-007727,CRC-GLB-301,SITE-0007,INV-0013,IND,2025-01-25,VJ,40,Female,Eligible,,Yes,2026-07-30T20:12:28.577992
SCR-007728,CRC-GLB-301,SITE-0061,INV-0121,KEN,2025-03-13,WX,78,Female,Eligible,,Yes,2026-07-30T20:12:28.577992
SCR-007729,CRC-GLB-301,SITE-0007,INV-0013,IND,2025-06-22,QX,33,Male,Screen Failure,Exclusion Criteria Met,Yes,2026-07-30T20:12:28.577992
SCR-007730,CRC-GLB-301,SITE-0024,INV-0048,USA,2025-03-28,JW,64,Female,Eligible,,Yes,2026-07-30T20:12:28.577992
SCR-007731,CRC-GLB-301,SITE-0002,INV-0003,IND,2025-12-15,AO,34,Female,Eligible,,Yes,2026-07-30T20:12:28.577992
SCR-007732,CRC-GLB-301,SITE-0033,INV-0066,GBR,2025-08-29,ZD,66,Female,Eligible,,Yes,2026-07-30T20:12:28.577992
SCR-007733,CRC-GLB-301,SITE-0063,INV-0125,KEN,2025-10-16,AL,28,Female,Eligible,,Yes,2026-07-30T20:12:28.577992
SCR-007734,CRC-GLB-301,SITE-0026,INV-0051,CAN,2025-08-07,ET,56,Male,Screen Failure,Withdrew Consent,Yes,2026-07-30T20:12:28.577992
SCR-007735,CRC-GLB-301,SITE-0005,INV-0010,IND,2025-04-17,MD,32,Female,Eligible,,Yes,2026-07-30T20:12:28.577992
SCR-007736,CRC-GLB-301,SITE-0050,INV-0100,ZAF,2025-09-30,AK,54,Female,Eligible,,Yes,2026-07-30T20:12:28.577992
SCR-007737,CRC-GLB-301,SITE-0039,INV-0078,GBR,2025-12-14,SP,64,Female,Screen Failure,Inclusion Criteria Not Met,Yes,2026-07-30T20:12:28.577992
SCR-007738,CRC-GLB-301,SITE-0043,INV-0085,DEU,2025-12-07,VT,53,Female,Eligible,,Yes,2026-07-30T20:12:28.577992
SCR-007739,CRC-GLB-301,SITE-0010,INV-0020,SGP,2025-10-20,ED,46,Female,Eligible,,Yes,2026-07-30T20:12:28.577992
SCR-007740,CRC-GLB-301,SITE-0052,INV-0103,ZAF,2025-12-30,DV,47,Female,Eligible,,Yes,2026-07-30T20:12:28.577992
SCR-007741,CRC-GLB-301,SITE-0009,INV-0017,SGP,2025-12-06,MH,83,Female,Eligible,,Yes,2026-07-30T20:12:28.577992
SCR-007742,CRC-GLB-301,SITE-0025,INV-0050,CAN,2025-11-15,GO,23,Female,Eligible,,Yes,2026-07-30T20:12:28.577992
SCR-007743,CRC-GLB-301,SITE-0033,INV-0066,GBR,2025-01-18,MR,51,Male,Eligible,,Yes,2026-07-30T20:12:28.577992
SCR-007744,CRC-GLB-301,SITE-0044,INV-0087,DEU,2025-09-07,JE,74,Male,Eligible,,Yes,2026-07-30T20:12:28.577992
SCR-007745,CRC-GLB-301,SITE-0055,INV-0109,ZAF,2025-01-18,OV,59,Female,Eligible,,Yes,2026-07-30T20:12:28.577992
SCR-007746,CRC-GLB-301,SITE-0026,INV-0051,CAN,2025-05-09,LP,68,Male,Eligible,,Yes,2026-07-30T20:12:28.577992
SCR-007747,CRC-GLB-301,SITE-0023,INV-0046,USA,2025-06-21,BN,80,Female,Eligible,,Yes,2026-07-30T20:12:28.577992
SCR-007748,CRC-GLB-301,SITE-0043,INV-0086,DEU,2025-04-10,XP,79,Male,Eligible,,Yes,2026-07-30T20:12:28.577992
SCR-007749,CRC-GLB-301,SITE-0055,INV-0110,ZAF,2025-09-21,QQ,60,Male,Eligible,,Yes,2026-07-30T20:12:28.577992
SCR-007750,CRC-GLB-301,SITE-0014,INV-0028,SGP,2025-05-27,QS,42,Male,Eligible,,Yes,2026-07-30T20:12:28.577992
SCR-007751,CRC-GLB-301,SITE-0011,INV-0022,SGP,2025-11-24,LN,59,Female,Eligible,,Yes,2026-07-30T20:12:28.577992
SCR-007752,CRC-GLB-301,SITE-0041,INV-0082,DEU,2025-05-27,XY,77,Male,Eligible,,Yes,2026-07-30T20:12:28.577992
SCR-007753,CRC-GLB-301,SITE-0051,INV-0101,ZAF,2025-09-24,UU,61,Male,Eligible,,Yes,2026-07-30T20:12:28.577992
SCR-007754,CRC-GLB-301,SITE-0040,INV-0080,GBR,2025-08-01,HY,47,Male,Eligible,,Yes,2026-07-30T20:12:28.577992
SCR-007755,CRC-GLB-301,SITE-0060,INV-0120,KEN,2025-06-07,CY,59,Female,Eligible,,Yes,2026-07-30T20:12:28.577992
SCR-007756,CRC-GLB-301,SITE-0047,INV-0093,DEU,2025-08-31,LX,62,Female,Eligible,,Yes,2026-07-30T20:12:28.577992
SCR-007757,CRC-GLB-301,SITE-0021,INV-0042,USA,2025-07-25,XQ,28,Male,Eligible,,Yes,2026-07-30T20:12:28.577992
SCR-007758,CRC-GLB-301,SITE-0048,INV-0095,DEU,2025-10-28,DB,59,Female,Screen Failure,Withdrew Consent,Yes,2026-07-30T20:12:28.577992
SCR-007759,CRC-GLB-301,SITE-0051,INV-0101,ZAF,2025-08-05,SU,70,Male,Screen Failure,Inclusion Criteria Not Met,Yes,2026-07-30T20:12:28.577992
SCR-007760,CRC-GLB-301,SITE-0052,INV-0104,ZAF,2025-11-21,IU,38,Male,Eligible,,Yes,2026-07-30T20:12:28.577992
SCR-007761,CRC-GLB-301,SITE-0063,INV-0126,KEN,2025-06-18,SO,83,Male,Eligible,,Yes,2026-07-30T20:12:28.577992
SCR-007762,CRC-GLB-301,SITE-0029,INV-0057,CAN,2025-12-01,CP,37,Female,Eligible,,Yes,2026-07-30T20:12:28.577992
SCR-007763,CRC-GLB-301,SITE-0037,INV-0074,GBR,2025-10-23,RN,40,Male,Eligible,,Yes,2026-07-30T20:12:28.577992
SCR-007764,CRC-GLB-301,SITE-0051,INV-0102,ZAF,2025-08-11,IG,75,Male,Eligible,,Yes,2026-07-30T20:12:28.577992
SCR-007765,CRC-GLB-301,SITE-0005,INV-0009,IND,2025-01-11,DN,28,Male,Eligible,,Yes,2026-07-30T20:12:28.577992
SCR-007766,CRC-GLB-301,SITE-0006,INV-0011,IND,2025-04-16,XT,69,Female,Eligible,,Yes,2026-07-30T20:12:28.577992
SCR-007767,CRC-GLB-301,SITE-0012,INV-0024,SGP,2025-10-15,AS,69,Female,Eligible,,Yes,2026-07-30T20:12:28.577992
SCR-007768,CRC-GLB-301,SITE-0040,INV-0079,GBR,2025-07-20,ZD,81,Female,Eligible,,Yes,2026-07-30T20:12:28.577992
SCR-007769,CRC-GLB-301,SITE-0053,INV-0106,ZAF,2025-01-02,DT,55,Male,Eligible,,Yes,2026-07-30T20:12:28.577992
SCR-007770,CRC-GLB-301,SITE-0046,INV-0091,DEU,2025-02-13,EV,32,Female,Eligible,,Yes,2026-07-30T20:12:28.577992
SCR-007771,CRC-GLB-301,SITE-0026,INV-0052,CAN,2025-04-14,LZ,38,Female,Eligible,,Yes,2026-07-30T20:12:28.577992
SCR-007772,CRC-GLB-301,SITE-0010,INV-0020,SGP,2025-07-22,TX,66,Male,Eligible,,Yes,2026-07-30T20:12:28.577992
SCR-007773,CRC-GLB-301,SITE-0037,INV-0073,GBR,2025-11-07,TE,85,Male,Eligible,,Yes,2026-07-30T20:12:28.577992
SCR-007774,CRC-GLB-301,SITE-0015,INV-0029,SGP,2025-08-31,WB,74,Female,Eligible,,Yes,2026-07-30T20:12:28.577992
SCR-007775,CRC-GLB-301,SITE-0038,INV-0076,GBR,2025-07-22,AF,66,Female,Eligible,,Yes,2026-07-30T20:12:28.577992
SCR-007776,CRC-GLB-301,SITE-0015,INV-0030,SGP,2025-06-15,AO,43,Male,Eligible,,Yes,2026-07-30T20:12:28.577992
SCR-007777,CRC-GLB-301,SITE-0017,INV-0033,USA,2025-04-24,CI,46,Female,Eligible,,Yes,2026-07-30T20:12:28.577992
SCR-007778,CRC-GLB-301,SITE-0064,INV-0128,KEN,2025-02-22,VH,21,Male,Screen Failure,Exclusion Criteria Met,Yes,2026-07-30T20:12:28.577992
SCR-007779,CRC-GLB-301,SITE-0058,INV-0116,KEN,2025-06-02,CH,70,Female,Screen Failure,Inclusion Criteria Not Met,Yes,2026-07-30T20:12:28.577992
SCR-007780,CRC-GLB-301,SITE-0024,INV-0047,USA,2025-11-09,SR,42,Male,Eligible,,Yes,2026-07-30T20:12:28.577992
SCR-007781,CRC-GLB-301,SITE-0057,INV-0114,KEN,2025-01-17,EN,70,Male,Eligible,,Yes,2026-07-30T20:12:28.577992
SCR-007782,CRC-GLB-301,SITE-0047,INV-0094,DEU,2025-07-02,RZ,26,Male,Eligible,,Yes,2026-07-30T20:12:28.577992
SCR-007783,CRC-GLB-301,SITE-0009,INV-0017,SGP,2025-12-13,PP,34,Female,Screen Failure,Abnormal Laboratory Values,Yes,2026-07-30T20:12:28.577992
SCR-007784,CRC-GLB-301,SITE-0025,INV-0050,CAN,2025-10-23,JY,28,Female,Eligible,,Yes,2026-07-30T20:12:28.577992
SCR-007785,CRC-GLB-301,SITE-0047,INV-0094,DEU,2025-01-30,IZ,55,Female,Screen Failure,Withdrew Consent,Yes,2026-07-30T20:12:28.577992
SCR-007786,CRC-GLB-301,SITE-0047,INV-0093,DEU,2025-05-14,IU,27,Male,Eligible,,Yes,2026-07-30T20:12:28.577992
SCR-007787,CRC-GLB-301,SITE-0018,INV-0035,USA,2025-11-24,TN,78,Male,Eligible,,Yes,2026-07-30T20:12:28.577992
SCR-007788,CRC-GLB-301,SITE-0058,INV-0115,KEN,2025-11-22,LW,34,Male,Screen Failure,Exclusion Criteria Met,Yes,2026-07-30T20:12:28.577992
SCR-007789,CRC-GLB-301,SITE-0019,INV-0037,USA,2025-01-04,AK,80,Female,Eligible,,Yes,2026-07-30T20:12:28.577992
SCR-007790,CRC-GLB-301,SITE-0046,INV-0091,DEU,2025-02-11,BB,54,Female,Eligible,,Yes,2026-07-30T20:12:28.577992
SCR-007791,CRC-GLB-301,SITE-0041,INV-0082,DEU,2025-03-31,JY,73,Female,Eligible,,Yes,2026-07-30T20:12:28.577992
SCR-007792,CRC-GLB-301,SITE-0019,INV-0037,USA,2025-03-26,QY,59,Female,Eligible,,Yes,2026-07-30T20:12:28.577992
SCR-007793,CRC-GLB-301,SITE-0037,INV-0073,GBR,2025-08-24,CJ,66,Female,Eligible,,Yes,2026-07-30T20:12:28.577992
SCR-007794,CRC-GLB-301,SITE-0028,INV-0055,CAN,2025-11-14,FW,70,Male,Eligible,,Yes,2026-07-30T20:12:28.577992
SCR-007795,CRC-GLB-301,SITE-0060,INV-0119,KEN,2025-07-14,GN,81,Male,Eligible,,Yes,2026-07-30T20:12:28.577992
SCR-007796,CRC-GLB-301,SITE-0031,INV-0062,CAN,2025-09-26,ZZ,42,Female,Eligible,,Yes,2026-07-30T20:12:28.577992
SCR-007797,CRC-GLB-301,SITE-0011,INV-0022,SGP,2025-11-22,DH,79,Male,Screen Failure,Abnormal Laboratory Values,Yes,2026-07-30T20:12:28.577992
SCR-007798,CRC-GLB-301,SITE-0006,INV-0012,IND,2025-09-24,FA,75,Female,Eligible,,Yes,2026-07-30T20:12:28.577992
SCR-007799,CRC-GLB-301,SITE-0017,INV-0034,USA,2025-05-08,WJ,45,Male,Eligible,,Yes,2026-07-30T20:12:28.577992
SCR-007800,CRC-GLB-301,SITE-0059,INV-0118,KEN,2025-04-21,OE,68,Male,Eligible,,Yes,2026-07-30T20:12:28.577992
SCR-007801,CRC-GLB-301,SITE-0017,INV-0034,USA,2025-01-30,LU,56,Male,Eligible,,Yes,2026-07-30T20:12:28.577992
SCR-007802,CRC-GLB-301,SITE-0059,INV-0117,KEN,2025-12-15,TX,47,Male,Eligible,,Yes,2026-07-30T20:12:28.577992
SCR-007803,CRC-GLB-301,SITE-0010,INV-0020,SGP,2025-05-12,LJ,21,Male,Screen Failure,Withdrew Consent,Yes,2026-07-30T20:12:28.577992
SCR-007804,CRC-GLB-301,SITE-0008,INV-0016,IND,2025-06-01,XC,58,Male,Eligible,,Yes,2026-07-30T20:12:28.577992
SCR-007805,CRC-GLB-301,SITE-0008,INV-0015,IND,2025-10-27,MV,33,Male,Eligible,,Yes,2026-07-30T20:12:28.577992
SCR-007806,CRC-GLB-301,SITE-0036,INV-0072,GBR,2025-04-21,FJ,23,Male,Eligible,,Yes,2026-07-30T20:12:28.577992
SCR-007807,CRC-GLB-301,SITE-0031,INV-0062,CAN,2025-01-22,RV,20,Male,Eligible,,Yes,2026-07-30T20:12:28.577992
SCR-007808,CRC-GLB-301,SITE-0062,INV-0124,KEN,2025-12-08,NJ,84,Female,Screen Failure,Abnormal Laboratory Values,Yes,2026-07-30T20:12:28.577992
SCR-007809,CRC-GLB-301,SITE-0020,INV-0039,USA,2025-06-29,EM,67,Female,Eligible,,Yes,2026-07-30T20:12:28.577992
SCR-007810,CRC-GLB-301,SITE-0060,INV-0120,KEN,2025-07-07,SV,55,Female,Eligible,,Yes,2026-07-30T20:12:28.577992
SCR-007811,CRC-GLB-301,SITE-0019,INV-0037,USA,2025-09-11,MA,44,Male,Eligible,,Yes,2026-07-30T20:12:28.577992
SCR-007812,CRC-GLB-301,SITE-0047,INV-0093,DEU,2025-12-29,KL,53,Male,Eligible,,Yes,2026-07-30T20:12:28.577992
SCR-007813,CRC-GLB-301,SITE-0024,INV-0047,USA,2025-02-16,LB,63,Male,Eligible,,Yes,2026-07-30T20:12:28.577992
SCR-007814,CRC-GLB-301,SITE-0025,INV-0049,CAN,2025-05-21,PL,54,Male,Eligible,,Yes,2026-07-30T20:12:28.577992
SCR-007815,CRC-GLB-301,SITE-0003,INV-0005,IND,2025-12-07,IW,75,Male,Eligible,,Yes,2026-07-30T20:12:28.577992
SCR-007816,CRC-GLB-301,SITE-0016,INV-0031,SGP,2025-05-10,BP,84,Female,Eligible,,Yes,2026-07-30T20:12:28.577992
SCR-007817,CRC-GLB-301,SITE-0028,INV-0056,CAN,2025-03-17,TZ,80,Female,Eligible,,Yes,2026-07-30T20:12:28.577992
SCR-007818,CRC-GLB-301,SITE-0045,INV-0089,DEU,2025-08-28,FH,79,Female,Screen Failure,Exclusion Criteria Met,Yes,2026-07-30T20:12:28.577992
SCR-007819,CRC-GLB-301,SITE-0056,INV-0111,ZAF,2025-08-11,IN,83,Male,Screen Failure,Inclusion Criteria Not Met,Yes,2026-07-30T20:12:28.577992
SCR-007820,CRC-GLB-301,SITE-0059,INV-0118,KEN,2025-07-02,HV,67,Male,Eligible,,Yes,2026-07-30T20:12:28.577992
SCR-007821,CRC-GLB-301,SITE-0045,INV-0090,DEU,2025-04-23,QQ,80,Female,Eligible,,Yes,2026-07-30T20:12:28.577992
SCR-007822,CRC-GLB-301,SITE-0014,INV-0028,SGP,2025-12-09,US,57,Male,Eligible,,Yes,2026-07-30T20:12:28.577992
SCR-007823,CRC-GLB-301,SITE-0026,INV-0052,CAN,2025-09-30,MC,20,Female,Eligible,,Yes,2026-07-30T20:12:28.577992
SCR-007824,CRC-GLB-301,SITE-0041,INV-0081,DEU,2025-06-12,KC,62,Female,Eligible,,Yes,2026-07-30T20:12:28.577992
SCR-007825,CRC-GLB-301,SITE-0047,INV-0093,DEU,2025-01-23,MH,33,Female,Eligible,,Yes,2026-07-30T20:12:28.577992
SCR-007826,CRC-GLB-301,SITE-0049,INV-0097,ZAF,2025-07-10,OP,26,Female,Screen Failure,Inclusion Criteria Not Met,Yes,2026-07-30T20:12:28.577992
SCR-007827,CRC-GLB-301,SITE-0010,INV-0020,SGP,2025-10-31,LA,28,Male,Screen Failure,Exclusion Criteria Met,Yes,2026-07-30T20:12:28.577992
SCR-007828,CRC-GLB-301,SITE-0054,INV-0107,ZAF,2025-11-25,DT,39,Female,Eligible,,Yes,2026-07-30T20:12:28.577992
SCR-007829,CRC-GLB-301,SITE-0024,INV-0047,USA,2025-07-19,BQ,26,Male,Eligible,,Yes,2026-07-30T20:12:28.577992
SCR-007830,CRC-GLB-301,SITE-0052,INV-0104,ZAF,2025-08-02,PI,49,Female,Eligible,,Yes,2026-07-30T20:12:28.577992
SCR-007831,CRC-GLB-301,SITE-0020,INV-0040,USA,2025-10-10,UT,26,Female,Eligible,,Yes,2026-07-30T20:12:28.577992
SCR-007832,CRC-GLB-301,SITE-0058,INV-0115,KEN,2025-10-25,TS,49,Male,Eligible,,Yes,2026-07-30T20:12:28.577992
SCR-007833,CRC-GLB-301,SITE-0064,INV-0127,KEN,2025-01-17,YS,49,Male,Eligible,,Yes,2026-07-30T20:12:28.577992
SCR-007834,CRC-GLB-301,SITE-0044,INV-0088,DEU,2025-11-16,VD,41,Male,Screen Failure,Abnormal Laboratory Values,Yes,2026-07-30T20:12:28.577992
SCR-007835,CRC-GLB-301,SITE-0005,INV-0009,IND,2025-06-03,NO,25,Female,Eligible,,Yes,2026-07-30T20:12:28.577992
SCR-007836,CRC-GLB-301,SITE-0053,INV-0106,ZAF,2025-04-15,ZW,74,Male,Eligible,,Yes,2026-07-30T20:12:28.577992
SCR-007837,CRC-GLB-301,SITE-0011,INV-0021,SGP,2025-11-27,RV,68,Male,Eligible,,Yes,2026-07-30T20:12:28.577992
SCR-007838,CRC-GLB-301,SITE-0009,INV-0017,SGP,2025-09-26,RT,76,Male,Eligible,,Yes,2026-07-30T20:12:28.577992
SCR-007839,CRC-GLB-301,SITE-0009,INV-0018,SGP,2025-10-01,YF,20,Female,Eligible,,Yes,2026-07-30T20:12:28.577992
SCR-007840,CRC-GLB-301,SITE-0039,INV-0078,GBR,2025-11-14,EO,46,Male,Screen Failure,Abnormal Laboratory Values,Yes,2026-07-30T20:12:28.577992
SCR-007841,CRC-GLB-301,SITE-0020,INV-0040,USA,2025-05-30,XA,81,Male,Eligible,,Yes,2026-07-30T20:12:28.577992
SCR-007842,CRC-GLB-301,SITE-0033,INV-0065,GBR,2025-05-01,JW,20,Female,Eligible,,Yes,2026-07-30T20:12:28.577992
SCR-007843,CRC-GLB-301,SITE-0036,INV-0071,GBR,2025-08-19,XK,79,Male,Eligible,,Yes,2026-07-30T20:12:28.577992
SCR-007844,CRC-GLB-301,SITE-0050,INV-0099,ZAF,2025-11-19,PE,32,Male,Eligible,,Yes,2026-07-30T20:12:28.577992
SCR-007845,CRC-GLB-301,SITE-0012,INV-0024,SGP,2025-04-30,TH,19,Female,Screen Failure,Abnormal Laboratory Values,Yes,2026-07-30T20:12:28.577992
SCR-007846,CRC-GLB-301,SITE-0018,INV-0035,USA,2025-08-14,TW,62,Female,Eligible,,Yes,2026-07-30T20:12:28.577992
SCR-007847,CRC-GLB-301,SITE-0043,INV-0086,DEU,2025-04-01,DL,79,Female,Screen Failure,Inclusion Criteria Not Met,Yes,2026-07-30T20:12:28.577992
SCR-007848,CRC-GLB-301,SITE-0001,INV-0001,IND,2025-02-19,OB,73,Female,Eligible,,Yes,2026-07-30T20:12:28.577992
SCR-007849,CRC-GLB-301,SITE-0017,INV-0034,USA,2025-04-01,LE,54,Female,Eligible,,Yes,2026-07-30T20:12:28.577992
SCR-007850,CRC-GLB-301,SITE-0035,INV-0070,GBR,2025-03-04,SP,69,Female,Eligible,,Yes,2026-07-30T20:12:28.577992
SCR-007851,CRC-GLB-301,SITE-0063,INV-0126,KEN,2025-11-25,DT,18,Male,Eligible,,Yes,2026-07-30T20:12:28.577992
SCR-007852,CRC-GLB-301,SITE-0002,INV-0004,IND,2025-04-17,SH,80,Male,Eligible,,Yes,2026-07-30T20:12:28.577992
SCR-007853,CRC-GLB-301,SITE-0003,INV-0006,IND,2025-06-19,LS,62,Female,Screen Failure,Exclusion Criteria Met,Yes,2026-07-30T20:12:28.577992
SCR-007854,CRC-GLB-301,SITE-0024,INV-0047,USA,2025-08-24,ZI,51,Female,Eligible,,Yes,2026-07-30T20:12:28.577992
SCR-007855,CRC-GLB-301,SITE-0017,INV-0034,USA,2025-09-25,KQ,83,Male,Eligible,,Yes,2026-07-30T20:12:28.577992
SCR-007856,CRC-GLB-301,SITE-0022,INV-0043,USA,2025-06-20,WW,46,Female,Eligible,,Yes,2026-07-30T20:12:28.577992
SCR-007857,CRC-GLB-301,SITE-0004,INV-0007,IND,2025-04-04,LL,68,Male,Eligible,,Yes,2026-07-30T20:12:28.577992
SCR-007858,CRC-GLB-301,SITE-0025,INV-0049,CAN,2025-09-23,GW,46,Female,Eligible,,Yes,2026-07-30T20:12:28.577992
SCR-007859,CRC-GLB-301,SITE-0002,INV-0004,IND,2025-09-28,WW,80,Female,Eligible,,Yes,2026-07-30T20:12:28.577992
SCR-007860,CRC-GLB-301,SITE-0018,INV-0035,USA,2025-04-04,UW,38,Male,Eligible,,Yes,2026-07-30T20:12:28.577992
SCR-007861,CRC-GLB-301,SITE-0005,INV-0010,IND,2025-01-07,QF,53,Male,Eligible,,Yes,2026-07-30T20:12:28.577992
SCR-007862,CRC-GLB-301,SITE-0007,INV-0013,IND,2025-04-26,RO,44,Female,Eligible,,Yes,2026-07-30T20:12:28.577992
SCR-007863,CRC-GLB-301,SITE-0048,INV-0095,DEU,2025-07-03,VU,34,Male,Eligible,,Yes,2026-07-30T20:12:28.577992
SCR-007864,CRC-GLB-301,SITE-0041,INV-0082,DEU,2025-05-03,OK,71,Female,Eligible,,Yes,2026-07-30T20:12:28.577992
SCR-007865,CRC-GLB-301,SITE-0025,INV-0050,CAN,2025-06-23,NS,56,Male,Eligible,,Yes,2026-07-30T20:12:28.577992
SCR-007866,CRC-GLB-301,SITE-0062,INV-0124,KEN,2025-04-23,SX,55,Female,Screen Failure,Inclusion Criteria Not Met,Yes,2026-07-30T20:12:28.577992
SCR-007867,CRC-GLB-301,SITE-0042,INV-0083,DEU,2025-12-23,EK,81,Male,Eligible,,Yes,2026-07-30T20:12:28.577992
SCR-007868,CRC-GLB-301,SITE-0063,INV-0126,KEN,2025-10-25,IX,44,Male,Eligible,,Yes,2026-07-30T20:12:28.577992
SCR-007869,CRC-GLB-301,SITE-0051,INV-0101,ZAF,2025-07-23,YK,49,Female,Eligible,,Yes,2026-07-30T20:12:28.577992
SCR-007870,CRC-GLB-301,SITE-0024,INV-0047,USA,2025-11-05,CI,32,Female,Eligible,,Yes,2026-07-30T20:12:28.577992
SCR-007871,CRC-GLB-301,SITE-0023,INV-0046,USA,2025-08-22,AJ,51,Male,Screen Failure,Withdrew Consent,Yes,2026-07-30T20:12:28.577992
SCR-007872,CRC-GLB-301,SITE-0010,INV-0020,SGP,2025-01-17,YL,52,Female,Eligible,,Yes,2026-07-30T20:12:28.577992
SCR-007873,CRC-GLB-301,SITE-0051,INV-0102,ZAF,2025-04-03,YL,53,Male,Screen Failure,Inclusion Criteria Not Met,Yes,2026-07-30T20:12:28.577992
SCR-007874,CRC-GLB-301,SITE-0059,INV-0118,KEN,2025-06-28,CN,51,Female,Screen Failure,Exclusion Criteria Met,Yes,2026-07-30T20:12:28.577992
SCR-007875,CRC-GLB-301,SITE-0053,INV-0105,ZAF,2025-10-17,FH,59,Female,Eligible,,Yes,2026-07-30T20:12:28.577992
SCR-007876,CRC-GLB-301,SITE-0043,INV-0085,DEU,2025-06-21,SD,45,Male,Eligible,,Yes,2026-07-30T20:12:28.577992
SCR-007877,CRC-GLB-301,SITE-0039,INV-0078,GBR,2025-07-25,AO,75,Female,Eligible,,Yes,2026-07-30T20:12:28.577992
SCR-007878,CRC-GLB-301,SITE-0047,INV-0094,DEU,2025-02-12,EO,45,Male,Eligible,,Yes,2026-07-30T20:12:28.577992
SCR-007879,CRC-GLB-301,SITE-0039,INV-0078,GBR,2025-02-19,IM,67,Male,Eligible,,Yes,2026-07-30T20:12:28.577992
SCR-007880,CRC-GLB-301,SITE-0020,INV-0040,USA,2025-12-11,EP,54,Male,Eligible,,Yes,2026-07-30T20:12:28.577992
SCR-007881,CRC-GLB-301,SITE-0061,INV-0121,KEN,2025-06-23,QR,24,Male,Eligible,,Yes,2026-07-30T20:12:28.577992
SCR-007882,CRC-GLB-301,SITE-0011,INV-0021,SGP,2025-12-26,KR,71,Female,Eligible,,Yes,2026-07-30T20:12:28.577992
SCR-007883,CRC-GLB-301,SITE-0034,INV-0068,GBR,2025-08-18,NL,85,Female,Eligible,,Yes,2026-07-30T20:12:28.577992
SCR-007884,CRC-GLB-301,SITE-0026,INV-0051,CAN,2025-08-23,BC,30,Female,Screen Failure,Inclusion Criteria Not Met,Yes,2026-07-30T20:12:28.577992
SCR-007885,CRC-GLB-301,SITE-0033,INV-0066,GBR,2025-02-28,RZ,68,Female,Eligible,,Yes,2026-07-30T20:12:28.577992
SCR-007886,CRC-GLB-301,SITE-0011,INV-0022,SGP,2025-02-28,IS,77,Female,Screen Failure,Inclusion Criteria Not Met,Yes,2026-07-30T20:12:28.577992
SCR-007887,CRC-GLB-301,SITE-0003,INV-0006,IND,2025-05-20,CB,56,Female,Eligible,,Yes,2026-07-30T20:12:28.577992
SCR-007888,CRC-GLB-301,SITE-0016,INV-0031,SGP,2025-09-04,HK,57,Male,Eligible,,Yes,2026-07-30T20:12:28.577992
SCR-007889,CRC-GLB-301,SITE-0019,INV-0038,USA,2025-06-08,AJ,39,Male,Eligible,,Yes,2026-07-30T20:12:28.577992
SCR-007890,CRC-GLB-301,SITE-0043,INV-0085,DEU,2025-11-29,LO,24,Male,Eligible,,Yes,2026-07-30T20:12:28.577992
SCR-007891,CRC-GLB-301,SITE-0045,INV-0090,DEU,2025-12-16,HX,32,Male,Eligible,,Yes,2026-07-30T20:12:28.577992
SCR-007892,CRC-GLB-301,SITE-0004,INV-0008,IND,2025-11-27,WY,50,Female,Eligible,,Yes,2026-07-30T20:12:28.577992
SCR-007893,CRC-GLB-301,SITE-0005,INV-0009,IND,2025-10-05,QG,76,Male,Screen Failure,Exclusion Criteria Met,Yes,2026-07-30T20:12:28.577992
SCR-007894,CRC-GLB-301,SITE-0052,INV-0103,ZAF,2025-02-21,QB,27,Male,Eligible,,Yes,2026-07-30T20:12:28.577992
SCR-007895,CRC-GLB-301,SITE-0056,INV-0112,ZAF,2025-08-15,VG,34,Female,Eligible,,Yes,2026-07-30T20:12:28.577992
SCR-007896,CRC-GLB-301,SITE-0058,INV-0115,KEN,2025-06-14,HB,67,Female,Screen Failure,Exclusion Criteria Met,Yes,2026-07-30T20:12:28.577992
SCR-007897,CRC-GLB-301,SITE-0020,INV-0039,USA,2025-04-24,WO,82,Female,Eligible,,Yes,2026-07-30T20:12:28.577992
SCR-007898,CRC-GLB-301,SITE-0063,INV-0126,KEN,2025-11-15,RN,71,Female,Eligible,,Yes,2026-07-30T20:12:28.577992
SCR-007899,CRC-GLB-301,SITE-0037,INV-0073,GBR,2025-03-31,CG,66,Male,Eligible,,Yes,2026-07-30T20:12:28.577992
SCR-007900,CRC-GLB-301,SITE-0045,INV-0089,DEU,2025-01-22,SD,36,Male,Screen Failure,Withdrew Consent,Yes,2026-07-30T20:12:28.577992
SCR-007901,CRC-GLB-301,SITE-0043,INV-0085,DEU,2025-07-20,HZ,44,Female,Eligible,,Yes,2026-07-30T20:12:28.577992
SCR-007902,CRC-GLB-301,SITE-0012,INV-0023,SGP,2025-05-06,VZ,78,Male,Eligible,,Yes,2026-07-30T20:12:28.577992
SCR-007903,CRC-GLB-301,SITE-0042,INV-0084,DEU,2025-02-22,XL,82,Female,Eligible,,Yes,2026-07-30T20:12:28.577992
SCR-007904,CRC-GLB-301,SITE-0064,INV-0128,KEN,2025-09-15,MB,24,Female,Screen Failure,Abnormal Laboratory Values,Yes,2026-07-30T20:12:28.577992
SCR-007905,CRC-GLB-301,SITE-0033,INV-0066,GBR,2025-03-02,GO,53,Male,Eligible,,Yes,2026-07-30T20:12:28.577992
SCR-007906,CRC-GLB-301,SITE-0046,INV-0092,DEU,2025-03-04,LK,61,Female,Screen Failure,Inclusion Criteria Not Met,Yes,2026-07-30T20:12:28.577992
SCR-007907,CRC-GLB-301,SITE-0059,INV-0118,KEN,2025-09-27,PG,35,Female,Eligible,,Yes,2026-07-30T20:12:28.577992
SCR-007908,CRC-GLB-301,SITE-0058,INV-0116,KEN,2025-11-10,FF,68,Male,Screen Failure,Exclusion Criteria Met,Yes,2026-07-30T20:12:28.577992
SCR-007909,CRC-GLB-301,SITE-0027,INV-0053,CAN,2025-07-13,TG,68,Male,Eligible,,Yes,2026-07-30T20:12:28.577992
SCR-007910,CRC-GLB-301,SITE-0048,INV-0096,DEU,2025-11-25,UH,34,Male,Eligible,,Yes,2026-07-30T20:12:28.577992
SCR-007911,CRC-GLB-301,SITE-0051,INV-0101,ZAF,2025-09-26,AF,28,Female,Screen Failure,Withdrew Consent,Yes,2026-07-30T20:12:28.577992
SCR-007912,CRC-GLB-301,SITE-0010,INV-0020,SGP,2025-06-14,NO,76,Female,Eligible,,Yes,2026-07-30T20:12:28.577992
SCR-007913,CRC-GLB-301,SITE-0052,INV-0103,ZAF,2025-12-20,DG,70,Female,Eligible,,Yes,2026-07-30T20:12:28.577992
SCR-007914,CRC-GLB-301,SITE-0039,INV-0078,GBR,2025-07-13,IK,67,Male,Eligible,,Yes,2026-07-30T20:12:28.577992
SCR-007915,CRC-GLB-301,SITE-0051,INV-0101,ZAF,2025-12-28,OT,44,Male,Eligible,,Yes,2026-07-30T20:12:28.577992
SCR-007916,CRC-GLB-301,SITE-0018,INV-0035,USA,2025-04-18,WX,41,Male,Eligible,,Yes,2026-07-30T20:12:28.577992
SCR-007917,CRC-GLB-301,SITE-0008,INV-0015,IND,2025-09-09,PZ,41,Male,Eligible,,Yes,2026-07-30T20:12:28.577992
SCR-007918,CRC-GLB-301,SITE-0039,INV-0078,GBR,2025-10-16,YT,81,Male,Eligible,,Yes,2026-07-30T20:12:28.577992
SCR-007919,CRC-GLB-301,SITE-0012,INV-0023,SGP,2025-04-29,FU,45,Female,Eligible,,Yes,2026-07-30T20:12:28.577992
SCR-007920,CRC-GLB-301,SITE-0061,INV-0122,KEN,2025-11-02,AE,34,Male,Eligible,,Yes,2026-07-30T20:12:28.577992
SCR-007921,CRC-GLB-301,SITE-0020,INV-0039,USA,2025-02-04,GL,54,Female,Eligible,,Yes,2026-07-30T20:12:28.577992
SCR-007922,CRC-GLB-301,SITE-0061,INV-0122,KEN,2025-01-04,RX,24,Female,Eligible,,Yes,2026-07-30T20:12:28.577992
SCR-007923,CRC-GLB-301,SITE-0038,INV-0075,GBR,2025-02-11,ZP,35,Male,Eligible,,Yes,2026-07-30T20:12:28.577992
SCR-007924,CRC-GLB-301,SITE-0053,INV-0106,ZAF,2025-06-09,QO,36,Female,Eligible,,Yes,2026-07-30T20:12:28.577992
SCR-007925,CRC-GLB-301,SITE-0029,INV-0057,CAN,2025-10-08,AA,45,Male,Screen Failure,Exclusion Criteria Met,Yes,2026-07-30T20:12:28.577992
SCR-007926,CRC-GLB-301,SITE-0026,INV-0051,CAN,2025-08-11,TT,43,Female,Eligible,,Yes,2026-07-30T20:12:28.577992
SCR-007927,CRC-GLB-301,SITE-0009,INV-0018,SGP,2025-05-26,MK,54,Female,Screen Failure,Inclusion Criteria Not Met,Yes,2026-07-30T20:12:28.577992
SCR-007928,CRC-GLB-301,SITE-0054,INV-0107,ZAF,2025-10-02,CC,27,Male,Screen Failure,Abnormal Laboratory Values,Yes,2026-07-30T20:12:28.577992
SCR-007929,CRC-GLB-301,SITE-0051,INV-0102,ZAF,2025-12-05,XU,41,Male,Eligible,,Yes,2026-07-30T20:12:28.577992
SCR-007930,CRC-GLB-301,SITE-0031,INV-0061,CAN,2025-11-14,MN,61,Male,Eligible,,Yes,2026-07-30T20:12:28.577992
SCR-007931,CRC-GLB-301,SITE-0019,INV-0037,USA,2025-01-20,ZO,84,Male,Screen Failure,Inclusion Criteria Not Met,Yes,2026-07-30T20:12:28.577992
SCR-007932,CRC-GLB-301,SITE-0001,INV-0002,IND,2025-03-23,FS,36,Female,Eligible,,Yes,2026-07-30T20:12:28.577992
SCR-007933,CRC-GLB-301,SITE-0039,INV-0078,GBR,2025-09-23,GA,57,Female,Eligible,,Yes,2026-07-30T20:12:28.577992
SCR-007934,CRC-GLB-301,SITE-0016,INV-0031,SGP,2025-09-18,YF,52,Female,Eligible,,Yes,2026-07-30T20:12:28.577992
SCR-007935,CRC-GLB-301,SITE-0020,INV-0040,USA,2025-05-08,MD,56,Male,Eligible,,Yes,2026-07-30T20:12:28.577992
SCR-007936,CRC-GLB-301,SITE-0064,INV-0128,KEN,2025-10-09,GT,23,Male,Eligible,,Yes,2026-07-30T20:12:28.577992
SCR-007937,CRC-GLB-301,SITE-0028,INV-0055,CAN,2025-09-17,RE,25,Male,Eligible,,Yes,2026-07-30T20:12:28.577992
SCR-007938,CRC-GLB-301,SITE-0048,INV-0096,DEU,2025-02-05,PC,55,Male,Eligible,,Yes,2026-07-30T20:12:28.577992
SCR-007939,CRC-GLB-301,SITE-0057,INV-0113,KEN,2025-05-03,ZX,21,Male,Eligible,,Yes,2026-07-30T20:12:28.577992
SCR-007940,CRC-GLB-301,SITE-0039,INV-0077,GBR,2025-06-28,BP,67,Male,Eligible,,Yes,2026-07-30T20:12:28.577992
SCR-007941,CRC-GLB-301,SITE-0014,INV-0027,SGP,2025-07-12,TL,55,Female,Eligible,,Yes,2026-07-30T20:12:28.577992
SCR-007942,CRC-GLB-301,SITE-0009,INV-0018,SGP,2025-08-28,UV,71,Male,Eligible,,Yes,2026-07-30T20:12:28.577992
SCR-007943,CRC-GLB-301,SITE-0061,INV-0122,KEN,2025-12-26,EY,34,Male,Screen Failure,Withdrew Consent,Yes,2026-07-30T20:12:28.577992
SCR-007944,CRC-GLB-301,SITE-0039,INV-0077,GBR,2025-10-28,MU,29,Male,Eligible,,Yes,2026-07-30T20:12:28.577992
SCR-007945,CRC-GLB-301,SITE-0012,INV-0024,SGP,2025-02-02,BA,37,Female,Eligible,,Yes,2026-07-30T20:12:28.577992
SCR-007946,CRC-GLB-301,SITE-0023,INV-0045,USA,2025-01-25,KC,79,Female,Eligible,,Yes,2026-07-30T20:12:28.577992
SCR-007947,CRC-GLB-301,SITE-0021,INV-0042,USA,2025-03-02,ID,82,Male,Eligible,,Yes,2026-07-30T20:12:28.577992
SCR-007948,CRC-GLB-301,SITE-0006,INV-0012,IND,2025-11-08,XY,64,Female,Eligible,,Yes,2026-07-30T20:12:28.577992
SCR-007949,CRC-GLB-301,SITE-0054,INV-0107,ZAF,2025-01-23,NQ,60,Male,Screen Failure,Abnormal Laboratory Values,Yes,2026-07-30T20:12:28.577992
SCR-007950,CRC-GLB-301,SITE-0061,INV-0121,KEN,2025-05-13,DB,54,Female,Eligible,,Yes,2026-07-30T20:12:28.577992
SCR-007951,CRC-GLB-301,SITE-0027,INV-0053,CAN,2025-10-14,OL,34,Female,Screen Failure,Withdrew Consent,Yes,2026-07-30T20:12:28.577992
SCR-007952,CRC-GLB-301,SITE-0029,INV-0057,CAN,2025-03-26,WN,50,Female,Eligible,,Yes,2026-07-30T20:12:28.577992
SCR-007953,CRC-GLB-301,SITE-0015,INV-0029,SGP,2025-04-29,RI,24,Male,Eligible,,Yes,2026-07-30T20:12:28.577992
SCR-007954,CRC-GLB-301,SITE-0010,INV-0019,SGP,2025-04-21,MM,21,Male,Eligible,,Yes,2026-07-30T20:12:28.577992
SCR-007955,CRC-GLB-301,SITE-0031,INV-0061,CAN,2025-10-05,DI,21,Female,Screen Failure,Abnormal Laboratory Values,Yes,2026-07-30T20:12:28.577992
SCR-007956,CRC-GLB-301,SITE-0023,INV-0046,USA,2025-06-08,RT,65,Female,Eligible,,Yes,2026-07-30T20:12:28.577992
SCR-007957,CRC-GLB-301,SITE-0007,INV-0013,IND,2025-03-27,NK,22,Female,Eligible,,Yes,2026-07-30T20:12:28.577992
SCR-007958,CRC-GLB-301,SITE-0013,INV-0026,SGP,2025-06-09,FV,46,Female,Screen Failure,Inclusion Criteria Not Met,Yes,2026-07-30T20:12:28.577992
SCR-007959,CRC-GLB-301,SITE-0015,INV-0029,SGP,2025-06-07,VR,75,Female,Eligible,,Yes,2026-07-30T20:12:28.577992
SCR-007960,CRC-GLB-301,SITE-0054,INV-0108,ZAF,2025-04-30,FF,52,Male,Eligible,,Yes,2026-07-30T20:12:28.577992
SCR-007961,CRC-GLB-301,SITE-0028,INV-0055,CAN,2025-10-08,UN,64,Female,Screen Failure,Abnormal Laboratory Values,Yes,2026-07-30T20:12:28.577992
SCR-007962,CRC-GLB-301,SITE-0031,INV-0062,CAN,2025-01-02,WL,37,Female,Eligible,,Yes,2026-07-30T20:12:28.577992
SCR-007963,CRC-GLB-301,SITE-0005,INV-0010,IND,2025-11-10,BO,50,Male,Eligible,,Yes,2026-07-30T20:12:28.577992
SCR-007964,CRC-GLB-301,SITE-0057,INV-0113,KEN,2025-05-02,FE,44,Female,Eligible,,Yes,2026-07-30T20:12:28.577992
SCR-007965,CRC-GLB-301,SITE-0046,INV-0092,DEU,2025-07-26,UI,25,Male,Eligible,,Yes,2026-07-30T20:12:28.577992
SCR-007966,CRC-GLB-301,SITE-0018,INV-0035,USA,2025-11-23,NJ,56,Female,Eligible,,Yes,2026-07-30T20:12:28.577992
SCR-007967,CRC-GLB-301,SITE-0020,INV-0040,USA,2025-11-01,JF,41,Female,Eligible,,Yes,2026-07-30T20:12:28.577992
SCR-007968,CRC-GLB-301,SITE-0051,INV-0102,ZAF,2025-02-08,OR,30,Female,Eligible,,Yes,2026-07-30T20:12:28.577992
SCR-007969,CRC-GLB-301,SITE-0056,INV-0111,ZAF,2025-11-19,EC,51,Male,Eligible,,Yes,2026-07-30T20:12:28.577992
SCR-007970,CRC-GLB-301,SITE-0059,INV-0117,KEN,2025-01-10,AV,27,Female,Screen Failure,Abnormal Laboratory Values,Yes,2026-07-30T20:12:28.577992
SCR-007971,CRC-GLB-301,SITE-0008,INV-0015,IND,2025-10-15,ST,32,Female,Screen Failure,Inclusion Criteria Not Met,Yes,2026-07-30T20:12:28.577992
SCR-007972,CRC-GLB-301,SITE-0031,INV-0062,CAN,2025-11-07,SL,40,Male,Eligible,,Yes,2026-07-30T20:12:28.577992
SCR-007973,CRC-GLB-301,SITE-0048,INV-0096,DEU,2025-04-24,QG,77,Female,Eligible,,Yes,2026-07-30T20:12:28.577992
SCR-007974,CRC-GLB-301,SITE-0026,INV-0051,CAN,2025-06-17,DZ,66,Male,Screen Failure,Withdrew Consent,Yes,2026-07-30T20:12:28.577992
SCR-007975,CRC-GLB-301,SITE-0024,INV-0047,USA,2025-05-11,ZX,24,Male,Eligible,,Yes,2026-07-30T20:12:28.577992
SCR-007976,CRC-GLB-301,SITE-0018,INV-0036,USA,2025-10-21,FV,60,Male,Eligible,,Yes,2026-07-30T20:12:28.577992
SCR-007977,CRC-GLB-301,SITE-0030,INV-0060,CAN,2025-11-24,BD,78,Female,Screen Failure,Inclusion Criteria Not Met,Yes,2026-07-30T20:12:28.577992
SCR-007978,CRC-GLB-301,SITE-0002,INV-0004,IND,2025-07-10,ZM,84,Female,Eligible,,Yes,2026-07-30T20:12:28.577992
SCR-007979,CRC-GLB-301,SITE-0018,INV-0035,USA,2025-06-27,CO,22,Male,Eligible,,Yes,2026-07-30T20:12:28.577992
SCR-007980,CRC-GLB-301,SITE-0056,INV-0112,ZAF,2025-04-03,CH,35,Female,Eligible,,Yes,2026-07-30T20:12:28.577992
SCR-007981,CRC-GLB-301,SITE-0010,INV-0020,SGP,2025-04-30,YS,54,Female,Eligible,,Yes,2026-07-30T20:12:28.577992
SCR-007982,CRC-GLB-301,SITE-0060,INV-0119,KEN,2025-09-06,QK,43,Male,Eligible,,Yes,2026-07-30T20:12:28.577992
SCR-007983,CRC-GLB-301,SITE-0001,INV-0002,IND,2025-07-08,VV,64,Female,Eligible,,Yes,2026-07-30T20:12:28.577992
SCR-007984,CRC-GLB-301,SITE-0001,INV-0002,IND,2025-07-01,WE,47,Male,Eligible,,Yes,2026-07-30T20:12:28.577992
SCR-007985,CRC-GLB-301,SITE-0038,INV-0075,GBR,2025-05-09,QO,64,Male,Eligible,,Yes,2026-07-30T20:12:28.577992
SCR-007986,CRC-GLB-301,SITE-0050,INV-0100,ZAF,2025-05-30,FR,44,Male,Screen Failure,Abnormal Laboratory Values,Yes,2026-07-30T20:12:28.577992
SCR-007987,CRC-GLB-301,SITE-0034,INV-0067,GBR,2025-11-08,AZ,24,Male,Screen Failure,Exclusion Criteria Met,Yes,2026-07-30T20:12:28.577992
SCR-007988,CRC-GLB-301,SITE-0001,INV-0001,IND,2025-11-07,CD,56,Male,Eligible,,Yes,2026-07-30T20:12:28.577992
SCR-007989,CRC-GLB-301,SITE-0063,INV-0126,KEN,2025-10-20,MU,39,Male,Screen Failure,Abnormal Laboratory Values,Yes,2026-07-30T20:12:28.577992
SCR-007990,CRC-GLB-301,SITE-0054,INV-0107,ZAF,2025-09-17,HT,54,Male,Screen Failure,Abnormal Laboratory Values,Yes,2026-07-30T20:12:28.577992
SCR-007991,CRC-GLB-301,SITE-0008,INV-0016,IND,2025-04-20,HG,79,Female,Eligible,,Yes,2026-07-30T20:12:28.577992
SCR-007992,CRC-GLB-301,SITE-0046,INV-0091,DEU,2025-09-21,DF,36,Male,Eligible,,Yes,2026-07-30T20:12:28.577992
SCR-007993,CRC-GLB-301,SITE-0051,INV-0101,ZAF,2025-04-30,YQ,59,Male,Eligible,,Yes,2026-07-30T20:12:28.577992
SCR-007994,CRC-GLB-301,SITE-0063,INV-0125,KEN,2025-03-15,XD,66,Male,Eligible,,Yes,2026-07-30T20:12:28.577992
SCR-007995,CRC-GLB-301,SITE-0045,INV-0090,DEU,2025-05-31,DH,84,Female,Eligible,,Yes,2026-07-30T20:12:28.577992
SCR-007996,CRC-GLB-301,SITE-0028,INV-0056,CAN,2025-04-01,BY,39,Male,Eligible,,Yes,2026-07-30T20:12:28.577992
SCR-007997,CRC-GLB-301,SITE-0029,INV-0057,CAN,2025-03-06,MI,51,Male,Eligible,,Yes,2026-07-30T20:12:28.577992
SCR-007998,CRC-GLB-301,SITE-0018,INV-0036,USA,2025-12-22,HE,63,Female,Eligible,,Yes,2026-07-30T20:12:28.577992
SCR-007999,CRC-GLB-301,SITE-0042,INV-0083,DEU,2025-07-07,OB,48,Male,Screen Failure,Abnormal Laboratory Values,Yes,2026-07-30T20:12:28.577992
SCR-008000,CRC-GLB-301,SITE-0016,INV-0031,SGP,2025-09-17,CJ,53,Male,Eligible,,Yes,2026-07-30T20:12:28.577992
